-- phpMyAdmin SQL Dump
-- version 4.0.4.2
-- http://www.phpmyadmin.net
--
-- 主机: localhost
-- 生成日期: 2016 年 10 月 07 日 10:07
-- 服务器版本: 5.6.13
-- PHP 版本: 5.4.17

SET SQL_MODE = "NO_AUTO_VALUE_ON_ZERO";
SET time_zone = "+00:00";


/*!40101 SET @OLD_CHARACTER_SET_CLIENT=@@CHARACTER_SET_CLIENT */;
/*!40101 SET @OLD_CHARACTER_SET_RESULTS=@@CHARACTER_SET_RESULTS */;
/*!40101 SET @OLD_COLLATION_CONNECTION=@@COLLATION_CONNECTION */;
/*!40101 SET NAMES utf8 */;

--
-- 数据库: `travelagent`
--
CREATE DATABASE IF NOT EXISTS `travelagent` DEFAULT CHARACTER SET utf8 COLLATE utf8_general_ci;
USE `travelagent`;

-- --------------------------------------------------------

--
-- 表的结构 `airline`
--

DROP TABLE IF EXISTS `airline`;
CREATE TABLE IF NOT EXISTS `airline` (
  `id` int(11) NOT NULL AUTO_INCREMENT,
  `no` tinytext NOT NULL COMMENT '航班号',
  `dcode` tinytext NOT NULL COMMENT '出发地点',
  `dport` tinytext NOT NULL COMMENT '出发机场',
  `dtime` tinytext NOT NULL COMMENT '出发时间',
  `acode` tinytext NOT NULL COMMENT '到达地点',
  `aport` tinytext NOT NULL COMMENT '到达机场',
  `atime` tinytext NOT NULL COMMENT '到达时间',
  `ltime` tinytext NOT NULL COMMENT '持续时间',
  `price` tinytext NOT NULL COMMENT '价格',
  PRIMARY KEY (`id`)
) ENGINE=InnoDB  DEFAULT CHARSET=utf8 COMMENT='航班信息' AUTO_INCREMENT=417 ;

--
-- 转存表中的数据 `airline`
--

INSERT INTO `airline` (`id`, `no`, `dcode`, `dport`, `dtime`, `acode`, `aport`, `atime`, `ltime`, `price`) VALUES
(209, ' China Eastern Airlines MU2928 ', 'CAN', 'Guangzhou Baiyun International Airport ', 'Wed, 01 Jun 17:40', 'WUX', 'Sunan Shuofang International Airport ', 'Thu, 02 Jun 20:10', '2h30m', 'CNY 476'),
(210, ' China Eastern Airlines MU2908 ', 'CAN', 'Guangzhou Baiyun International Airport ', 'Wed, 01 Jun 23:10', 'WUX', 'Sunan Shuofang International Airport ', 'Thu, 02 Jun 01:40', '2h30m', 'CNY 450'),
(211, ' China Southern Airlines CZ3913 ', 'CAN', 'Guangzhou Baiyun International Airport ', 'Wed, 01 Jun 08:10', 'WUX', 'Sunan Shuofang International Airport ', 'Thu, 02 Jun 10:40', '2h30m', 'CNY 610'),
(212, ' China Southern Airlines CZ3917 ', 'CAN', 'Guangzhou Baiyun International Airport ', 'Wed, 01 Jun 16:35', 'WUX', 'Sunan Shuofang International Airport ', 'Thu, 02 Jun 19:05', '2h30m', 'CNY 610'),
(213, ' Shenzhen Airlines ZH9552 ', 'CAN', 'Guangzhou Baiyun International Airport ', 'Wed, 01 Jun 21:15', 'WUX', 'Sunan Shuofang International Airport ', 'Thu, 02 Jun 23:40', '2h25m', 'CNY 630'),
(214, ' Shenzhen Airlines ZH9764 ', 'CAN', 'Guangzhou Baiyun International Airport ', 'Wed, 01 Jun 18:00', 'WUX', 'Sunan Shuofang International Airport ', 'Thu, 02 Jun 20:30', '2h30m', 'CNY 690'),
(215, ' Shenzhen Airlines ZH9550 ', 'CAN', 'Guangzhou Baiyun International Airport ', 'Wed, 01 Jun 09:50', 'WUX', 'Sunan Shuofang International Airport ', 'Thu, 02 Jun 12:20', '2h30m', 'CNY 950'),
(216, ' Shenzhen Airlines ZH9575 ', 'CAN', 'Guangzhou Baiyun International Airport ', 'Wed, 01 Jun 13:05', 'WUX', 'Sunan Shuofang International Airport ', 'Thu, 02 Jun 15:30', '2h25m', 'CNY 950'),
(217, ' Shenzhen Airlines ZH9549 ', 'WUX', 'Sunan Shuofang International Airport ', 'Fri, 10 Jun 07:35', 'CAN', 'Guangzhou Baiyun International Airport ', 'Fri, 10 Jun 09:55', '2h20m', 'CNY 630'),
(218, ' Shenzhen Airlines ZH9551 ', 'WUX', 'Sunan Shuofang International Airport ', 'Fri, 10 Jun 16:50', 'CAN', 'Guangzhou Baiyun International Airport ', 'Fri, 10 Jun 19:10', '2h20m', 'CNY 630'),
(219, ' China Southern Airlines CZ3918 ', 'WUX', 'Sunan Shuofang International Airport ', 'Fri, 10 Jun 19:55', 'CAN', 'Guangzhou Baiyun International Airport ', 'Fri, 10 Jun 22:20', '2h25m', 'CNY 680'),
(220, ' Shenzhen Airlines ZH9763 ', 'WUX', 'Sunan Shuofang International Airport ', 'Fri, 10 Jun 14:00', 'CAN', 'Guangzhou Baiyun International Airport ', 'Fri, 10 Jun 16:25', '2h25m', 'CNY 690'),
(221, ' China Southern Airlines CZ3914 ', 'WUX', 'Sunan Shuofang International Airport ', 'Fri, 10 Jun 11:20', 'CAN', 'Guangzhou Baiyun International Airport ', 'Fri, 10 Jun 13:45', '2h25m', 'CNY 750'),
(222, ' Shenzhen Airlines ZH9576 ', 'WUX', 'Sunan Shuofang International Airport ', 'Fri, 10 Jun 21:30', 'CAN', 'Guangzhou Baiyun International Airport ', 'Fri, 10 Jun 23:50', '2h20m', 'CNY 820'),
(223, ' China Eastern Airlines MU2907 ', 'WUX', 'Sunan Shuofang International Airport ', 'Fri, 10 Jun 07:05', 'CAN', 'Guangzhou Baiyun International Airport ', 'Fri, 10 Jun 09:25', '2h20m', 'CNY 1,370'),
(224, ' China Eastern Airlines MU2927 ', 'WUX', 'Sunan Shuofang International Airport ', 'Fri, 10 Jun 14:10', 'CAN', 'Guangzhou Baiyun International Airport ', 'Fri, 10 Jun 16:35', '2h25m', 'CNY 1,370'),
(225, ' Shanghai Airlines FM9316 ', 'CAN', 'Guangzhou Baiyun International Airport ', 'Wed, 01 Jun 20:30', 'SHA', 'Shanghai Hongqiao International Airport T2', 'Wed, 01 Jun 23:00', '2h30m', 'CNY 575'),
(226, ' China Eastern Airlines MU5320 ', 'CAN', 'Guangzhou Baiyun International Airport ', 'Wed, 01 Jun 19:55', 'PVG', 'Shanghai Pudong International Airport T1', 'Wed, 01 Jun 22:20', '2h25m', 'CNY 582'),
(227, ' Shanghai Airlines FM9304 ', 'CAN', 'Guangzhou Baiyun International Airport ', 'Wed, 01 Jun 07:30', 'PVG', 'Shanghai Pudong International Airport T1', 'Wed, 01 Jun 09:55', '2h25m', 'CNY 646'),
(228, ' China Southern Airlines CZ3176 ', 'CAN', 'Guangzhou Baiyun International Airport ', 'Wed, 01 Jun 21:35', 'PVG', 'Shanghai Pudong International Airport T2', 'Wed, 01 Jun 23:55', '2h20m', 'CNY 660'),
(229, ' Shanghai Airlines FM9302 ', 'CAN', 'Guangzhou Baiyun International Airport ', 'Wed, 01 Jun 09:55', 'SHA', 'Shanghai Hongqiao International Airport T2', 'Wed, 01 Jun 12:25', '2h30m', 'CNY 703'),
(230, ' Shanghai Airlines FM9306 ', 'CAN', 'Guangzhou Baiyun International Airport ', 'Wed, 01 Jun 11:30', 'SHA', 'Shanghai Hongqiao International Airport T2', 'Wed, 01 Jun 14:05', '2h35m', 'CNY 703'),
(231, ' Shanghai Airlines FM9310 ', 'CAN', 'Guangzhou Baiyun International Airport ', 'Wed, 01 Jun 12:30', 'SHA', 'Shanghai Hongqiao International Airport T2', 'Wed, 01 Jun 14:55', '2h25m', 'CNY 703'),
(232, ' Shanghai Airlines FM9308 ', 'CAN', 'Guangzhou Baiyun International Airport ', 'Wed, 01 Jun 12:35', 'PVG', 'Shanghai Pudong International Airport T1', 'Wed, 01 Jun 15:00', '2h25m', 'CNY 703'),
(233, ' Shanghai Airlines FM9312 ', 'CAN', 'Guangzhou Baiyun International Airport ', 'Wed, 01 Jun 17:30', 'SHA', 'Shanghai Hongqiao International Airport T2', 'Wed, 01 Jun 20:00', '2h30m', 'CNY 703'),
(234, ' Shanghai Airlines FM9314 ', 'CAN', 'Guangzhou Baiyun International Airport ', 'Wed, 01 Jun 19:30', 'SHA', 'Shanghai Hongqiao International Airport T2', 'Wed, 01 Jun 22:05', '2h35m', 'CNY 703'),
(235, ' China Eastern Airlines MU5306 ', 'CAN', 'Guangzhou Baiyun International Airport ', 'Wed, 01 Jun 10:30', 'SHA', 'Shanghai Hongqiao International Airport T2', 'Wed, 01 Jun 13:05', '2h35m', 'CNY 710'),
(236, ' China Eastern Airlines MU5302 ', 'CAN', 'Guangzhou Baiyun International Airport ', 'Wed, 01 Jun 08:30', 'SHA', 'Shanghai Hongqiao International Airport T2', 'Wed, 01 Jun 10:55', '2h25m', 'CNY 713'),
(237, ' China Eastern Airlines MU5304 ', 'CAN', 'Guangzhou Baiyun International Airport ', 'Wed, 01 Jun 09:30', 'SHA', 'Shanghai Hongqiao International Airport T2', 'Wed, 01 Jun 11:55', '2h25m', 'CNY 713'),
(238, ' China Southern Airlines CZ3503 ', 'CAN', 'Guangzhou Baiyun International Airport ', 'Wed, 01 Jun 16:00', 'SHA', 'Shanghai Hongqiao International Airport T2', 'Wed, 01 Jun 18:25', '2h25m', 'CNY 730'),
(239, ' China Southern Airlines CZ3581 ', 'CAN', 'Guangzhou Baiyun International Airport ', 'Wed, 01 Jun 17:00', 'SHA', 'Shanghai Hongqiao International Airport T2', 'Wed, 01 Jun 19:25', '2h25m', 'CNY 730'),
(240, ' China Southern Airlines CZ3595 ', 'CAN', 'Guangzhou Baiyun International Airport ', 'Wed, 01 Jun 20:00', 'SHA', 'Shanghai Hongqiao International Airport T2', 'Wed, 01 Jun 22:25', '2h25m', 'CNY 730'),
(241, ' Shanghai Airlines FM9318 ', 'CAN', 'Guangzhou Baiyun International Airport ', 'Wed, 01 Jun 21:30', 'SHA', 'Shanghai Hongqiao International Airport T2', 'Wed, 01 Jun 23:50', '2h20m', 'CNY 790'),
(242, ' China Eastern Airlines MU5308 ', 'CAN', 'Guangzhou Baiyun International Airport ', 'Wed, 01 Jun 13:30', 'SHA', 'Shanghai Hongqiao International Airport T2', 'Wed, 01 Jun 16:00', '2h30m', 'CNY 830'),
(243, ' China Eastern Airlines MU5310 ', 'CAN', 'Guangzhou Baiyun International Airport ', 'Wed, 01 Jun 14:30', 'SHA', 'Shanghai Hongqiao International Airport T2', 'Wed, 01 Jun 17:05', '2h35m', 'CNY 840'),
(244, ' China Eastern Airlines MU5312 ', 'CAN', 'Guangzhou Baiyun International Airport ', 'Wed, 01 Jun 15:30', 'SHA', 'Shanghai Hongqiao International Airport T2', 'Wed, 01 Jun 18:00', '2h30m', 'CNY 840'),
(245, ' China Eastern Airlines MU5314 ', 'CAN', 'Guangzhou Baiyun International Airport ', 'Wed, 01 Jun 16:30', 'SHA', 'Shanghai Hongqiao International Airport T2', 'Wed, 01 Jun 18:50', '2h20m', 'CNY 840'),
(246, ' China Eastern Airlines MU5318 ', 'CAN', 'Guangzhou Baiyun International Airport ', 'Wed, 01 Jun 18:30', 'SHA', 'Shanghai Hongqiao International Airport T2', 'Wed, 01 Jun 21:00', '2h30m', 'CNY 840'),
(247, ' China Southern Airlines CZ3537 ', 'CAN', 'Guangzhou Baiyun International Airport ', 'Wed, 01 Jun 11:00', 'SHA', 'Shanghai Hongqiao International Airport T2', 'Wed, 01 Jun 13:25', '2h25m', 'CNY 860'),
(248, ' China Southern Airlines CZ3547 ', 'CAN', 'Guangzhou Baiyun International Airport ', 'Wed, 01 Jun 19:00', 'SHA', 'Shanghai Hongqiao International Airport T2', 'Wed, 01 Jun 21:25', '2h25m', 'CNY 860'),
(249, ' Spring Airlines 9C8930 ', 'CAN', 'Guangzhou Baiyun International Airport ', 'Wed, 01 Jun 06:45', 'SHA', 'Shanghai Hongqiao International Airport T1', 'Wed, 01 Jun 09:05', '2h20m', 'CNY 880'),
(250, ' Spring Airlines 9C8836 ', 'CAN', 'Guangzhou Baiyun International Airport ', 'Wed, 01 Jun 10:40', 'SHA', 'Shanghai Hongqiao International Airport T1', 'Wed, 01 Jun 13:05', '2h25m', 'CNY 880'),
(251, ' Spring Airlines 9C8932 ', 'CAN', 'Guangzhou Baiyun International Airport ', 'Wed, 01 Jun 21:10', 'SHA', 'Shanghai Hongqiao International Airport T1', 'Wed, 01 Jun 23:30', '2h20m', 'CNY 880'),
(252, ' Spring Airlines 9C8856 ', 'CAN', 'Guangzhou Baiyun International Airport ', 'Wed, 01 Jun 16:10', 'SHA', 'Shanghai Hongqiao International Airport T1', 'Wed, 01 Jun 18:30', '2h20m', 'CNY 880'),
(253, ' Juneyao Airlines HO1288 ', 'CAN', 'Guangzhou Baiyun International Airport ', 'Wed, 01 Jun 06:55', 'SHA', 'Shanghai Hongqiao International Airport T2', 'Wed, 01 Jun 09:20', '2h25m', 'CNY 960'),
(254, ' Hainan Airlines HU7121 ', 'CAN', 'Guangzhou Baiyun International Airport ', 'Wed, 01 Jun 07:55', 'SHA', 'Shanghai Hongqiao International Airport T2', 'Wed, 01 Jun 10:15', '2h20m', 'CNY 1,000'),
(255, ' Hainan Airlines HU7141 ', 'CAN', 'Guangzhou Baiyun International Airport ', 'Wed, 01 Jun 11:45', 'PVG', 'Shanghai Pudong International Airport T2', 'Wed, 01 Jun 14:10', '2h25m', 'CNY 1,000'),
(256, ' Air China CA1838 ', 'CAN', 'Guangzhou Baiyun International Airport ', 'Wed, 01 Jun 09:05', 'SHA', 'Shanghai Hongqiao International Airport T2', 'Wed, 01 Jun 11:30', '2h25m', 'CNY 1,300'),
(257, ' Air China CA1829 ', 'CAN', 'Guangzhou Baiyun International Airport ', 'Wed, 01 Jun 16:30', 'SHA', 'Shanghai Hongqiao International Airport T2', 'Wed, 01 Jun 18:50', '2h20m', 'CNY 1,300'),
(258, ' Air China CA1866 ', 'CAN', 'Guangzhou Baiyun International Airport ', 'Wed, 01 Jun 21:00', 'PVG', 'Shanghai Pudong International Airport T2', 'Wed, 01 Jun 23:20', '2h20m', 'CNY 1,300'),
(259, ' China Southern Airlines CZ3523 ', 'CAN', 'Guangzhou Baiyun International Airport ', 'Wed, 01 Jun 08:00', 'SHA', 'Shanghai Hongqiao International Airport T2', 'Wed, 01 Jun 10:25', '2h25m', 'CNY 1,400'),
(260, ' China Southern Airlines CZ3609 ', 'CAN', 'Guangzhou Baiyun International Airport ', 'Wed, 01 Jun 09:00', 'PVG', 'Shanghai Pudong International Airport T2', 'Wed, 01 Jun 11:25', '2h25m', 'CNY 1,400'),
(261, ' China Southern Airlines CZ3531 ', 'CAN', 'Guangzhou Baiyun International Airport ', 'Wed, 01 Jun 10:00', 'SHA', 'Shanghai Hongqiao International Airport T2', 'Wed, 01 Jun 12:25', '2h25m', 'CNY 1,400'),
(262, ' China Southern Airlines CZ3235 ', 'CAN', 'Guangzhou Baiyun International Airport ', 'Wed, 01 Jun 12:00', 'SHA', 'Shanghai Hongqiao International Airport T2', 'Wed, 01 Jun 14:20', '2h20m', 'CNY 1,400'),
(263, ' China Southern Airlines CZ3525 ', 'CAN', 'Guangzhou Baiyun International Airport ', 'Wed, 01 Jun 13:00', 'SHA', 'Shanghai Hongqiao International Airport T2', 'Wed, 01 Jun 15:25', '2h25m', 'CNY 1,400'),
(264, ' China Southern Airlines CZ379 ', 'CAN', 'Guangzhou Baiyun International Airport ', 'Wed, 01 Jun 14:00', 'PVG', 'Shanghai Pudong International Airport T2', 'Wed, 01 Jun 16:20', '2h20m', 'CNY 1,400'),
(265, ' China Southern Airlines CZ3571 ', 'CAN', 'Guangzhou Baiyun International Airport ', 'Wed, 01 Jun 15:00', 'SHA', 'Shanghai Hongqiao International Airport T2', 'Wed, 01 Jun 17:25', '2h25m', 'CNY 1,400'),
(266, ' China Eastern Airlines MU5301 ', 'SHA', 'Shanghai Hongqiao International Airport T2', 'Fri, 10 Jun 09:30', 'CAN', 'Guangzhou Baiyun International Airport ', 'Fri, 10 Jun 11:55', '2h25m', 'CNY 490'),
(267, ' Shanghai Airlines FM9301 ', 'SHA', 'Shanghai Hongqiao International Airport T2', 'Fri, 10 Jun 07:30', 'CAN', 'Guangzhou Baiyun International Airport ', 'Fri, 10 Jun 09:50', '2h20m', 'CNY 501'),
(268, ' Shanghai Airlines FM9303 ', 'SHA', 'Shanghai Hongqiao International Airport T2', 'Fri, 10 Jun 08:30', 'CAN', 'Guangzhou Baiyun International Airport ', 'Fri, 10 Jun 10:55', '2h25m', 'CNY 501'),
(269, ' Shanghai Airlines FM9313 ', 'SHA', 'Shanghai Hongqiao International Airport T2', 'Fri, 10 Jun 13:30', 'CAN', 'Guangzhou Baiyun International Airport ', 'Fri, 10 Jun 15:50', '2h20m', 'CNY 501'),
(270, ' Shanghai Airlines FM9307 ', 'SHA', 'Shanghai Hongqiao International Airport T2', 'Fri, 10 Jun 15:30', 'CAN', 'Guangzhou Baiyun International Airport ', 'Fri, 10 Jun 17:55', '2h25m', 'CNY 501'),
(271, ' Shanghai Airlines FM9309 ', 'SHA', 'Shanghai Hongqiao International Airport T2', 'Fri, 10 Jun 16:30', 'CAN', 'Guangzhou Baiyun International Airport ', 'Fri, 10 Jun 18:55', '2h25m', 'CNY 501'),
(272, ' Shanghai Airlines FM9317 ', 'SHA', 'Shanghai Hongqiao International Airport T2', 'Fri, 10 Jun 18:30', 'CAN', 'Guangzhou Baiyun International Airport ', 'Fri, 10 Jun 20:55', '2h25m', 'CNY 501'),
(273, ' China Eastern Airlines MU5305 ', 'SHA', 'Shanghai Hongqiao International Airport T2', 'Fri, 10 Jun 11:30', 'CAN', 'Guangzhou Baiyun International Airport ', 'Fri, 10 Jun 13:55', '2h25m', 'CNY 508'),
(274, ' China Eastern Airlines MU5307 ', 'SHA', 'Shanghai Hongqiao International Airport T2', 'Fri, 10 Jun 12:30', 'CAN', 'Guangzhou Baiyun International Airport ', 'Fri, 10 Jun 15:00', '2h30m', 'CNY 508'),
(275, ' China Eastern Airlines MU5311 ', 'SHA', 'Shanghai Hongqiao International Airport T2', 'Fri, 10 Jun 14:30', 'CAN', 'Guangzhou Baiyun International Airport ', 'Fri, 10 Jun 16:55', '2h25m', 'CNY 508'),
(276, ' China Eastern Airlines MU5315 ', 'SHA', 'Shanghai Hongqiao International Airport T2', 'Fri, 10 Jun 19:30', 'CAN', 'Guangzhou Baiyun International Airport ', 'Fri, 10 Jun 21:55', '2h25m', 'CNY 508'),
(277, ' China Eastern Airlines MU5317 ', 'SHA', 'Shanghai Hongqiao International Airport T2', 'Fri, 10 Jun 20:35', 'CAN', 'Guangzhou Baiyun International Airport ', 'Fri, 10 Jun 23:00', '2h25m', 'CNY 508'),
(278, ' China Eastern Airlines MU5319 ', 'SHA', 'Shanghai Hongqiao International Airport T2', 'Fri, 10 Jun 22:50', 'CAN', 'Guangzhou Baiyun International Airport ', 'Sat, 11 Jun 01:25', '2h35m', 'CNY 508'),
(279, ' Shanghai Airlines FM9305 ', 'PVG', 'Shanghai Pudong International Airport T1', 'Fri, 10 Jun 09:00', 'CAN', 'Guangzhou Baiyun International Airport ', 'Fri, 10 Jun 11:25', '2h25m', 'CNY 509'),
(280, ' China Eastern Airlines MU5303 ', 'SHA', 'Shanghai Hongqiao International Airport T2', 'Fri, 10 Jun 10:30', 'CAN', 'Guangzhou Baiyun International Airport ', 'Fri, 10 Jun 12:55', '2h25m', 'CNY 570'),
(281, ' Shanghai Airlines FM9311 ', 'SHA', 'Shanghai Hongqiao International Airport T2', 'Fri, 10 Jun 17:30', 'CAN', 'Guangzhou Baiyun International Airport ', 'Fri, 10 Jun 19:55', '2h25m', 'CNY 573'),
(282, ' Shanghai Airlines FM9315 ', 'PVG', 'Shanghai Pudong International Airport T1', 'Fri, 10 Jun 21:15', 'CAN', 'Guangzhou Baiyun International Airport ', 'Fri, 10 Jun 23:40', '2h25m', 'CNY 573'),
(283, ' Hainan Airlines HU7142 ', 'PVG', 'Shanghai Pudong International Airport T2', 'Fri, 10 Jun 08:15', 'CAN', 'Guangzhou Baiyun International Airport ', 'Fri, 10 Jun 10:45', '2h30m', 'CNY 590'),
(284, ' China Southern Airlines CZ3596 ', 'SHA', 'Shanghai Hongqiao International Airport T2', 'Fri, 10 Jun 08:45', 'CAN', 'Guangzhou Baiyun International Airport ', 'Fri, 10 Jun 11:10', '2h25m', 'CNY 590'),
(285, ' China Southern Airlines CZ3548 ', 'SHA', 'Shanghai Hongqiao International Airport T2', 'Fri, 10 Jun 09:45', 'CAN', 'Guangzhou Baiyun International Airport ', 'Fri, 10 Jun 12:10', '2h25m', 'CNY 590'),
(286, ' Hainan Airlines HU7122 ', 'SHA', 'Shanghai Hongqiao International Airport T2', 'Fri, 10 Jun 11:20', 'CAN', 'Guangzhou Baiyun International Airport ', 'Fri, 10 Jun 13:40', '2h20m', 'CNY 590'),
(287, ' China Southern Airlines CZ3524 ', 'SHA', 'Shanghai Hongqiao International Airport T2', 'Fri, 10 Jun 11:45', 'CAN', 'Guangzhou Baiyun International Airport ', 'Fri, 10 Jun 14:10', '2h25m', 'CNY 590'),
(288, ' China Southern Airlines CZ3532 ', 'SHA', 'Shanghai Hongqiao International Airport T2', 'Fri, 10 Jun 13:45', 'CAN', 'Guangzhou Baiyun International Airport ', 'Fri, 10 Jun 16:10', '2h25m', 'CNY 590'),
(289, ' China Southern Airlines CZ3538 ', 'SHA', 'Shanghai Hongqiao International Airport T2', 'Fri, 10 Jun 14:45', 'CAN', 'Guangzhou Baiyun International Airport ', 'Fri, 10 Jun 17:10', '2h25m', 'CNY 590'),
(290, ' China Southern Airlines CZ3236 ', 'SHA', 'Shanghai Hongqiao International Airport T2', 'Fri, 10 Jun 15:45', 'CAN', 'Guangzhou Baiyun International Airport ', 'Fri, 10 Jun 18:20', '2h35m', 'CNY 590'),
(291, ' China Southern Airlines CZ3526 ', 'SHA', 'Shanghai Hongqiao International Airport T2', 'Fri, 10 Jun 16:45', 'CAN', 'Guangzhou Baiyun International Airport ', 'Fri, 10 Jun 19:15', '2h30m', 'CNY 590'),
(292, ' China Southern Airlines CZ3175 ', 'PVG', 'Shanghai Pudong International Airport T2', 'Fri, 10 Jun 18:05', 'CAN', 'Guangzhou Baiyun International Airport ', 'Fri, 10 Jun 20:40', '2h35m', 'CNY 590'),
(293, ' China Southern Airlines CZ3572 ', 'SHA', 'Shanghai Hongqiao International Airport T2', 'Fri, 10 Jun 18:45', 'CAN', 'Guangzhou Baiyun International Airport ', 'Fri, 10 Jun 21:10', '2h25m', 'CNY 590'),
(294, ' China Southern Airlines CZ3504 ', 'SHA', 'Shanghai Hongqiao International Airport T2', 'Fri, 10 Jun 19:45', 'CAN', 'Guangzhou Baiyun International Airport ', 'Fri, 10 Jun 22:10', '2h25m', 'CNY 590'),
(295, ' China Southern Airlines CZ3582 ', 'SHA', 'Shanghai Hongqiao International Airport T2', 'Fri, 10 Jun 20:45', 'CAN', 'Guangzhou Baiyun International Airport ', 'Fri, 10 Jun 23:15', '2h30m', 'CNY 590'),
(296, ' China Eastern Airlines MU5313 ', 'PVG', 'Shanghai Pudong International Airport T1', 'Fri, 10 Jun 16:20', 'CAN', 'Guangzhou Baiyun International Airport ', 'Fri, 10 Jun 18:50', '2h30m', 'CNY 700'),
(297, ' Juneyao Airlines HO1287 ', 'SHA', 'Shanghai Hongqiao International Airport T2', 'Fri, 10 Jun 22:20', 'CAN', 'Guangzhou Baiyun International Airport ', 'Sat, 11 Jun 00:45', '2h25m', 'CNY 845'),
(298, ' Spring Airlines 9C8835 ', 'SHA', 'Shanghai Hongqiao International Airport T1', 'Fri, 10 Jun 07:15', 'CAN', 'Guangzhou Baiyun International Airport ', 'Fri, 10 Jun 09:40', '2h25m', 'CNY 880'),
(299, ' Spring Airlines 9C8855 ', 'SHA', 'Shanghai Hongqiao International Airport T1', 'Fri, 10 Jun 12:45', 'CAN', 'Guangzhou Baiyun International Airport ', 'Fri, 10 Jun 15:05', '2h20m', 'CNY 880'),
(300, ' Spring Airlines 9C8931 ', 'SHA', 'Shanghai Hongqiao International Airport T1', 'Fri, 10 Jun 17:35', 'CAN', 'Guangzhou Baiyun International Airport ', 'Fri, 10 Jun 20:00', '2h25m', 'CNY 880'),
(301, ' Spring Airlines 9C8929 ', 'SHA', 'Shanghai Hongqiao International Airport T1', 'Fri, 10 Jun 22:05', 'CAN', 'Guangzhou Baiyun International Airport ', 'Sat, 11 Jun 00:30', '2h25m', 'CNY 880'),
(302, ' Air China CA1865 ', 'PVG', 'Shanghai Pudong International Airport T2', 'Fri, 10 Jun 17:05', 'CAN', 'Guangzhou Baiyun International Airport ', 'Fri, 10 Jun 19:40', '2h35m', 'CNY 1,400'),
(303, ' Air China CA1830 ', 'SHA', 'Shanghai Hongqiao International Airport T2', 'Fri, 10 Jun 19:55', 'CAN', 'Guangzhou Baiyun International Airport ', 'Fri, 10 Jun 22:25', '2h30m', 'CNY 1,400'),
(304, ' Air China CA1837 ', 'SHA', 'Shanghai Hongqiao International Airport T2', 'Fri, 10 Jun 12:35', 'CAN', 'Guangzhou Baiyun International Airport ', 'Fri, 10 Jun 14:55', '2h20m', 'CNY 1,310'),
(305, ' China Southern Airlines CZ380 ', 'PVG', 'Shanghai Pudong International Airport T2', 'Fri, 10 Jun 12:45', 'CAN', 'Guangzhou Baiyun International Airport ', 'Fri, 10 Jun 15:15', '2h30m', 'CNY 1,400'),
(306, ' China Southern Airlines CZ3612 ', 'PVG', 'Shanghai Pudong International Airport T2', 'Fri, 10 Jun 20:45', 'CAN', 'Guangzhou Baiyun International Airport ', 'Fri, 10 Jun 23:20', '2h35m', 'CNY 1,400'),
(307, ' China Southern Airlines CZ3513 ', 'CAN', 'Guangzhou Baiyun International Airport ', 'Wed, 01 Jun 08:05', 'NKG', 'Nanjing Lukou International Airport T2', 'Wed, 01 Jun 10:20', '2h15m', 'CNY 440'),
(308, ' China Southern Airlines CZ3871 ', 'CAN', 'Guangzhou Baiyun International Airport ', 'Wed, 01 Jun 21:10', 'NKG', 'Nanjing Lukou International Airport T2', 'Wed, 01 Jun 23:25', '2h15m', 'CNY 440'),
(309, ' Shanghai Airlines FM9356 ', 'CAN', 'Guangzhou Baiyun International Airport ', 'Wed, 01 Jun 20:05', 'NKG', 'Nanjing Lukou International Airport T2', 'Wed, 01 Jun 22:20', '2h15m', 'CNY 481'),
(310, ' China Southern Airlines CZ3507 ', 'CAN', 'Guangzhou Baiyun International Airport ', 'Wed, 01 Jun 16:15', 'NKG', 'Nanjing Lukou International Airport T2', 'Wed, 01 Jun 18:30', '2h15m', 'CNY 500'),
(311, ' Shenzhen Airlines ZH9625 ', 'CAN', 'Guangzhou Baiyun International Airport ', 'Wed, 01 Jun 21:25', 'NKG', 'Nanjing Lukou International Airport T2', 'Wed, 01 Jun 23:40', '2h15m', 'CNY 530'),
(312, ' China Eastern Airlines MU2808 ', 'CAN', 'Guangzhou Baiyun International Airport ', 'Wed, 01 Jun 17:35', 'NKG', 'Nanjing Lukou International Airport T2', 'Wed, 01 Jun 19:50', '2h15m', 'CNY 555'),
(313, ' Hainan Airlines HU7213 ', 'CAN', 'Guangzhou Baiyun International Airport ', 'Wed, 01 Jun 07:20', 'NKG', 'Nanjing Lukou International Airport T2', 'Wed, 01 Jun 09:35', '2h15m', 'CNY 570'),
(314, ' China Southern Airlines CZ3843 ', 'CAN', 'Guangzhou Baiyun International Airport ', 'Wed, 01 Jun 09:05', 'NKG', 'Nanjing Lukou International Airport T2', 'Wed, 01 Jun 11:25', '2h20m', 'CNY 570'),
(315, ' China Southern Airlines CZ3599 ', 'CAN', 'Guangzhou Baiyun International Airport ', 'Wed, 01 Jun 10:10', 'NKG', 'Nanjing Lukou International Airport T2', 'Wed, 01 Jun 12:25', '2h15m', 'CNY 630'),
(316, ' Hainan Airlines HU7113 ', 'CAN', 'Guangzhou Baiyun International Airport ', 'Wed, 01 Jun 17:45', 'NKG', 'Nanjing Lukou International Airport T2', 'Wed, 01 Jun 20:00', '2h15m', 'CNY 630'),
(317, ' China Southern Airlines CZ3697 ', 'CAN', 'Guangzhou Baiyun International Airport ', 'Wed, 01 Jun 18:20', 'NKG', 'Nanjing Lukou International Airport T2', 'Wed, 01 Jun 20:35', '2h15m', 'CNY 630'),
(318, ' Shenzhen Airlines ZH9677 ', 'CAN', 'Guangzhou Baiyun International Airport ', 'Wed, 01 Jun 07:25', 'NKG', 'Nanjing Lukou International Airport T2', 'Wed, 01 Jun 09:45', '2h20m', 'CNY 650'),
(319, ' Shenzhen Airlines ZH9617 ', 'CAN', 'Guangzhou Baiyun International Airport ', 'Wed, 01 Jun 09:25', 'NKG', 'Nanjing Lukou International Airport T2', 'Wed, 01 Jun 11:45', '2h20m', 'CNY 650'),
(320, ' Shenzhen Airlines ZH9621 ', 'CAN', 'Guangzhou Baiyun International Airport ', 'Wed, 01 Jun 17:10', 'NKG', 'Nanjing Lukou International Airport T2', 'Wed, 01 Jun 19:20', '2h10m', 'CNY 650'),
(321, ' Shanghai Airlines FM9358 ', 'CAN', 'Guangzhou Baiyun International Airport ', 'Wed, 01 Jun 13:50', 'NKG', 'Nanjing Lukou International Airport T2', 'Wed, 01 Jun 16:10', '2h20m', 'CNY 685'),
(322, ' Shenzhen Airlines ZH9710 ', 'CAN', 'Guangzhou Baiyun International Airport ', 'Wed, 01 Jun 10:45', 'NKG', 'Nanjing Lukou International Airport T2', 'Wed, 01 Jun 13:10', '2h25m', 'CNY 760'),
(323, ' China Southern Airlines CZ3821 ', 'CAN', 'Guangzhou Baiyun International Airport ', 'Wed, 01 Jun 12:50', 'NKG', 'Nanjing Lukou International Airport T2', 'Wed, 01 Jun 15:05', '2h15m', 'CNY 950'),
(324, ' China Southern Airlines CZ3699 ', 'CAN', 'Guangzhou Baiyun International Airport ', 'Wed, 01 Jun 15:10', 'NKG', 'Nanjing Lukou International Airport T2', 'Wed, 01 Jun 17:25', '2h15m', 'CNY 950'),
(325, ' China Southern Airlines CZ3698 ', 'NKG', 'Nanjing Lukou International Airport T2', 'Fri, 10 Jun 21:35', 'CAN', 'Guangzhou Baiyun International Airport ', 'Fri, 10 Jun 23:40', '2h5m', 'CNY 440'),
(326, ' Shanghai Airlines FM9355 ', 'NKG', 'Nanjing Lukou International Airport T2', 'Fri, 10 Jun 23:05', 'CAN', 'Guangzhou Baiyun International Airport ', 'Sat, 11 Jun 01:20', '2h15m', 'CNY 509'),
(327, ' Shenzhen Airlines ZH9709 ', 'NKG', 'Nanjing Lukou International Airport T2', 'Fri, 10 Jun 08:30', 'CAN', 'Guangzhou Baiyun International Airport ', 'Fri, 10 Jun 10:40', '2h10m', 'CNY 530'),
(328, ' Shenzhen Airlines ZH9622 ', 'NKG', 'Nanjing Lukou International Airport T2', 'Fri, 10 Jun 20:20', 'CAN', 'Guangzhou Baiyun International Airport ', 'Fri, 10 Jun 22:25', '2h5m', 'CNY 530'),
(329, ' China Southern Airlines CZ3508 ', 'NKG', 'Nanjing Lukou International Airport T2', 'Fri, 10 Jun 19:30', 'CAN', 'Guangzhou Baiyun International Airport ', 'Fri, 10 Jun 21:40', '2h10m', 'CNY 540'),
(330, ' Shanghai Airlines FM9357 ', 'NKG', 'Nanjing Lukou International Airport T2', 'Fri, 10 Jun 17:05', 'CAN', 'Guangzhou Baiyun International Airport ', 'Fri, 10 Jun 19:15', '2h10m', 'CNY 549'),
(331, ' China Eastern Airlines MU2807 ', 'NKG', 'Nanjing Lukou International Airport T2', 'Fri, 10 Jun 07:30', 'CAN', 'Guangzhou Baiyun International Airport ', 'Fri, 10 Jun 09:50', '2h20m', 'CNY 555'),
(332, ' Hainan Airlines HU7114 ', 'NKG', 'Nanjing Lukou International Airport T2', 'Fri, 10 Jun 21:05', 'CAN', 'Guangzhou Baiyun International Airport ', 'Fri, 10 Jun 23:20', '2h15m', 'CNY 570'),
(333, ' China Southern Airlines CZ3872 ', 'NKG', 'Nanjing Lukou International Airport T2', 'Fri, 10 Jun 08:20', 'CAN', 'Guangzhou Baiyun International Airport ', 'Fri, 10 Jun 10:25', '2h5m', 'CNY 630'),
(334, ' Shenzhen Airlines ZH9626 ', 'NKG', 'Nanjing Lukou International Airport T2', 'Fri, 10 Jun 18:05', 'CAN', 'Guangzhou Baiyun International Airport ', 'Fri, 10 Jun 20:20', '2h15m', 'CNY 650'),
(335, ' Hainan Airlines HU7214 ', 'NKG', 'Nanjing Lukou International Airport T2', 'Fri, 10 Jun 10:20', 'CAN', 'Guangzhou Baiyun International Airport ', 'Fri, 10 Jun 12:35', '2h15m', 'CNY 700'),
(336, ' China Southern Airlines CZ3700 ', 'NKG', 'Nanjing Lukou International Airport T2', 'Fri, 10 Jun 18:25', 'CAN', 'Guangzhou Baiyun International Airport ', 'Fri, 10 Jun 20:35', '2h10m', 'CNY 820'),
(337, ' Shenzhen Airlines ZH9618 ', 'NKG', 'Nanjing Lukou International Airport T2', 'Fri, 10 Jun 12:40', 'CAN', 'Guangzhou Baiyun International Airport ', 'Fri, 10 Jun 14:55', '2h15m', 'CNY 880'),
(338, ' Shenzhen Airlines ZH9678 ', 'NKG', 'Nanjing Lukou International Airport T2', 'Fri, 10 Jun 15:50', 'CAN', 'Guangzhou Baiyun International Airport ', 'Fri, 10 Jun 18:05', '2h15m', 'CNY 980'),
(339, ' China Southern Airlines CZ3514 ', 'NKG', 'Nanjing Lukou International Airport T2', 'Fri, 10 Jun 11:20', 'CAN', 'Guangzhou Baiyun International Airport ', 'Fri, 10 Jun 13:30', '2h10m', 'CNY 1,080'),
(340, ' China Southern Airlines CZ3600 ', 'NKG', 'Nanjing Lukou International Airport T2', 'Fri, 10 Jun 13:25', 'CAN', 'Guangzhou Baiyun International Airport ', 'Fri, 10 Jun 15:35', '2h10m', 'CNY 1,080'),
(341, ' China Southern Airlines CZ3822 ', 'NKG', 'Nanjing Lukou International Airport T2', 'Fri, 10 Jun 16:05', 'CAN', 'Guangzhou Baiyun International Airport ', 'Fri, 10 Jun 18:15', '2h10m', 'CNY 1,210'),
(342, ' China Southern Airlines CZ3844 ', 'NKG', 'Nanjing Lukou International Airport T2', 'Fri, 10 Jun 17:10', 'CAN', 'Guangzhou Baiyun International Airport ', 'Fri, 10 Jun 19:20', '2h10m', 'CNY 1,340'),
(343, ' China Southern Airlines CZ3777 ', 'CAN', 'Guangzhou Baiyun International Airport ', 'Wed, 01 Jun 07:40', 'NGB', 'Ningbo Lishe International Airport ', 'Wed, 01 Jun 09:50', '2h10m', 'CNY 480'),
(344, ' China Southern Airlines CZ3517 ', 'CAN', 'Guangzhou Baiyun International Airport ', 'Wed, 01 Jun 11:20', 'NGB', 'Ningbo Lishe International Airport ', 'Wed, 01 Jun 13:35', '2h15m', 'CNY 480'),
(345, ' China Southern Airlines CZ3775 ', 'CAN', 'Guangzhou Baiyun International Airport ', 'Wed, 01 Jun 14:45', 'NGB', 'Ningbo Lishe International Airport ', 'Wed, 01 Jun 16:55', '2h10m', 'CNY 480'),
(346, ' China Southern Airlines CZ3779 ', 'CAN', 'Guangzhou Baiyun International Airport ', 'Wed, 01 Jun 18:40', 'NGB', 'Ningbo Lishe International Airport ', 'Wed, 01 Jun 20:50', '2h10m', 'CNY 480'),
(347, ' China Eastern Airlines MU5240 ', 'CAN', 'Guangzhou Baiyun International Airport ', 'Wed, 01 Jun 08:05', 'NGB', 'Ningbo Lishe International Airport ', 'Wed, 01 Jun 10:10', '2h5m', 'CNY 530'),
(348, ' China Eastern Airlines MU5238 ', 'CAN', 'Guangzhou Baiyun International Airport ', 'Wed, 01 Jun 16:55', 'NGB', 'Ningbo Lishe International Airport ', 'Wed, 01 Jun 19:05', '2h10m', 'CNY 544'),
(349, ' Hainan Airlines HU7169 ', 'CAN', 'Guangzhou Baiyun International Airport ', 'Wed, 01 Jun 20:55', 'NGB', 'Ningbo Lishe International Airport ', 'Wed, 01 Jun 23:05', '2h10m', 'CNY 550'),
(350, ' Hainan Airlines HU7069 ', 'CAN', 'Guangzhou Baiyun International Airport ', 'Wed, 01 Jun 14:55', 'NGB', 'Ningbo Lishe International Airport ', 'Wed, 01 Jun 17:00', '2h5m', 'CNY 610'),
(351, ' Shenzhen Airlines ZH9635 ', 'CAN', 'Guangzhou Baiyun International Airport ', 'Wed, 01 Jun 09:45', 'NGB', 'Ningbo Lishe International Airport ', 'Wed, 01 Jun 11:50', '2h5m', 'CNY 740'),
(352, ' China Eastern Airlines MU5239 ', 'NGB', 'Ningbo Lishe International Airport ', 'Fri, 10 Jun 10:55', 'CAN', 'Guangzhou Baiyun International Airport ', 'Fri, 10 Jun 13:00', '2h5m', 'CNY 496'),
(353, ' China Eastern Airlines MU5237 ', 'NGB', 'Ningbo Lishe International Airport ', 'Fri, 10 Jun 16:45', 'CAN', 'Guangzhou Baiyun International Airport ', 'Fri, 10 Jun 18:55', '2h10m', 'CNY 545'),
(354, ' Hainan Airlines HU7070 ', 'NGB', 'Ningbo Lishe International Airport ', 'Fri, 10 Jun 07:45', 'CAN', 'Guangzhou Baiyun International Airport ', 'Fri, 10 Jun 09:50', '2h5m', 'CNY 550'),
(355, ' China Southern Airlines CZ3776 ', 'NGB', 'Ningbo Lishe International Airport ', 'Fri, 10 Jun 17:55', 'CAN', 'Guangzhou Baiyun International Airport ', 'Fri, 10 Jun 20:05', '2h10m', 'CNY 680'),
(356, ' Shenzhen Airlines ZH9636 ', 'NGB', 'Ningbo Lishe International Airport ', 'Fri, 10 Jun 12:40', 'CAN', 'Guangzhou Baiyun International Airport ', 'Fri, 10 Jun 14:50', '2h10m', 'CNY 730'),
(357, ' China Southern Airlines CZ3778 ', 'NGB', 'Ningbo Lishe International Airport ', 'Fri, 10 Jun 10:50', 'CAN', 'Guangzhou Baiyun International Airport ', 'Fri, 10 Jun 13:00', '2h10m', 'CNY 800'),
(358, ' China Southern Airlines CZ3518 ', 'NGB', 'Ningbo Lishe International Airport ', 'Fri, 10 Jun 14:30', 'CAN', 'Guangzhou Baiyun International Airport ', 'Fri, 10 Jun 16:40', '2h10m', 'CNY 800'),
(359, ' Hainan Airlines HU7170 ', 'NGB', 'Ningbo Lishe International Airport ', 'Fri, 10 Jun 17:45', 'CAN', 'Guangzhou Baiyun International Airport ', 'Fri, 10 Jun 19:55', '2h10m', 'CNY 800'),
(360, ' China Southern Airlines CZ3780 ', 'NGB', 'Ningbo Lishe International Airport ', 'Fri, 10 Jun 21:40', 'CAN', 'Guangzhou Baiyun International Airport ', 'Fri, 10 Jun 23:50', '2h10m', 'CNY 800'),
(361, ' China Southern Airlines CZ3727 ', 'CAN', 'Guangzhou Baiyun International Airport ', 'Wed, 01 Jun 07:45', 'YIW', 'Yiwu Airport ', 'Wed, 01 Jun 09:50', '2h5m', 'CNY 640'),
(362, ' China Southern Airlines CZ3883 ', 'CAN', 'Guangzhou Baiyun International Airport ', 'Wed, 01 Jun 10:25', 'YIW', 'Yiwu Airport ', 'Wed, 01 Jun 12:35', '2h10m', 'CNY 640'),
(363, ' China Southern Airlines CZ3795 ', 'CAN', 'Guangzhou Baiyun International Airport ', 'Wed, 01 Jun 13:50', 'YIW', 'Yiwu Airport ', 'Wed, 01 Jun 15:50', '2h', 'CNY 760'),
(364, ' China Southern Airlines CZ3309 ', 'CAN', 'Guangzhou Baiyun International Airport ', 'Wed, 01 Jun 16:40', 'YIW', 'Yiwu Airport ', 'Wed, 01 Jun 18:40', '2h', 'CNY 760'),
(365, ' China Southern Airlines CZ3728 ', 'YIW', 'Yiwu Airport ', 'Fri, 10 Jun 10:35', 'CAN', 'Guangzhou Baiyun International Airport ', 'Fri, 10 Jun 12:30', '1h55m', 'CNY 640'),
(366, ' China Southern Airlines CZ3310 ', 'YIW', 'Yiwu Airport ', 'Fri, 10 Jun 18:10', 'CAN', 'Guangzhou Baiyun International Airport ', 'Fri, 10 Jun 20:05', '1h55m', 'CNY 640'),
(367, ' China Southern Airlines CZ3885 ', 'YIW', 'Yiwu Airport ', 'Fri, 10 Jun 19:50', 'CAN', 'Guangzhou Baiyun International Airport ', 'Fri, 10 Jun 21:45', '1h55m', 'CNY 640'),
(368, ' China Southern Airlines CZ3884 ', 'YIW', 'Yiwu Airport ', 'Fri, 10 Jun 13:25', 'CAN', 'Guangzhou Baiyun International Airport ', 'Fri, 10 Jun 15:20', '1h55m', 'CNY 760'),
(369, ' China Southern Airlines CZ3521 ', 'CAN', 'Guangzhou Baiyun International Airport ', 'Wed, 01 Jun 08:00', 'HGH', 'Hangzhou Xiaoshan International Airport T3', 'Wed, 01 Jun 10:10', '2h10m', 'CNY 460'),
(370, ' China Southern Airlines CZ3869 ', 'CAN', 'Guangzhou Baiyun International Airport ', 'Wed, 01 Jun 11:50', 'HGH', 'Hangzhou Xiaoshan International Airport T3', 'Wed, 01 Jun 14:05', '2h15m', 'CNY 460'),
(371, ' China Southern Airlines CZ3511 ', 'CAN', 'Guangzhou Baiyun International Airport ', 'Wed, 01 Jun 12:55', 'HGH', 'Hangzhou Xiaoshan International Airport T3', 'Wed, 01 Jun 15:05', '2h10m', 'CNY 460'),
(372, ' China Southern Airlines CZ3501 ', 'CAN', 'Guangzhou Baiyun International Airport ', 'Wed, 01 Jun 14:55', 'HGH', 'Hangzhou Xiaoshan International Airport T3', 'Wed, 01 Jun 17:00', '2h5m', 'CNY 460'),
(373, ' China Southern Airlines CZ3847 ', 'CAN', 'Guangzhou Baiyun International Airport ', 'Wed, 01 Jun 15:55', 'HGH', 'Hangzhou Xiaoshan International Airport T3', 'Wed, 01 Jun 18:10', '2h15m', 'CNY 460'),
(374, ' China Southern Airlines CZ3829 ', 'CAN', 'Guangzhou Baiyun International Airport ', 'Wed, 01 Jun 16:45', 'HGH', 'Hangzhou Xiaoshan International Airport T3', 'Wed, 01 Jun 18:55', '2h10m', 'CNY 460'),
(375, ' China Southern Airlines CZ3801 ', 'CAN', 'Guangzhou Baiyun International Airport ', 'Wed, 01 Jun 18:45', 'HGH', 'Hangzhou Xiaoshan International Airport T3', 'Wed, 01 Jun 20:50', '2h5m', 'CNY 460'),
(376, ' Beijing Capital Airlines JD5269 ', 'CAN', 'Guangzhou Baiyun International Airport ', 'Wed, 01 Jun 22:10', 'HGH', 'Hangzhou Xiaoshan International Airport T3', 'Thu, 02 Jun 00:15', '2h5m', 'CNY 478'),
(377, ' Shanghai Airlines FM9352 ', 'CAN', 'Guangzhou Baiyun International Airport ', 'Wed, 01 Jun 07:45', 'HGH', 'Hangzhou Xiaoshan International Airport T3', 'Wed, 01 Jun 10:00', '2h15m', 'CNY 489'),
(378, ' China Eastern Airlines MU5218 ', 'CAN', 'Guangzhou Baiyun International Airport ', 'Wed, 01 Jun 20:15', 'HGH', 'Hangzhou Xiaoshan International Airport T3', 'Wed, 01 Jun 22:30', '2h15m', 'CNY 504'),
(379, ' Hainan Airlines HU7761 ', 'CAN', 'Guangzhou Baiyun International Airport ', 'Wed, 01 Jun 07:40', 'HGH', 'Hangzhou Xiaoshan International Airport T3', 'Wed, 01 Jun 09:45', '2h5m', 'CNY 510'),
(380, ' Beijing Capital Airlines JD5169 ', 'CAN', 'Guangzhou Baiyun International Airport ', 'Wed, 01 Jun 07:35', 'HGH', 'Hangzhou Xiaoshan International Airport T3', 'Wed, 01 Jun 09:40', '2h5m', 'CNY 534'),
(381, ' China Eastern Airlines MU5216 ', 'CAN', 'Guangzhou Baiyun International Airport ', 'Wed, 01 Jun 17:55', 'HGH', 'Hangzhou Xiaoshan International Airport T3', 'Wed, 01 Jun 20:15', '2h20m', 'CNY 555'),
(382, ' Hainan Airlines HU7261 ', 'CAN', 'Guangzhou Baiyun International Airport ', 'Wed, 01 Jun 11:20', 'HGH', 'Hangzhou Xiaoshan International Airport T3', 'Wed, 01 Jun 13:25', '2h5m', 'CNY 570'),
(383, ' Hainan Airlines HU7361 ', 'CAN', 'Guangzhou Baiyun International Airport ', 'Wed, 01 Jun 16:00', 'HGH', 'Hangzhou Xiaoshan International Airport T3', 'Wed, 01 Jun 18:15', '2h15m', 'CNY 570'),
(384, ' China Eastern Airlines MU5212 ', 'CAN', 'Guangzhou Baiyun International Airport ', 'Wed, 01 Jun 11:20', 'HGH', 'Hangzhou Xiaoshan International Airport T3', 'Wed, 01 Jun 13:30', '2h10m', 'CNY 600'),
(385, ' Air China CA1720 ', 'CAN', 'Guangzhou Baiyun International Airport ', 'Wed, 01 Jun 10:40', 'HGH', 'Hangzhou Xiaoshan International Airport T1', 'Wed, 01 Jun 12:45', '2h5m', 'CNY 620'),
(386, ' Air China CA1722 ', 'CAN', 'Guangzhou Baiyun International Airport ', 'Wed, 01 Jun 17:05', 'HGH', 'Hangzhou Xiaoshan International Airport T1', 'Wed, 01 Jun 19:20', '2h15m', 'CNY 620'),
(387, ' Air China CA1726 ', 'CAN', 'Guangzhou Baiyun International Airport ', 'Wed, 01 Jun 18:45', 'HGH', 'Hangzhou Xiaoshan International Airport T1', 'Wed, 01 Jun 20:55', '2h10m', 'CNY 620'),
(388, ' China Southern Airlines CZ3819 ', 'CAN', 'Guangzhou Baiyun International Airport ', 'Wed, 01 Jun 19:55', 'HGH', 'Hangzhou Xiaoshan International Airport T3', 'Wed, 01 Jun 22:05', '2h10m', 'CNY 630'),
(389, ' Shenzhen Airlines ZH9687 ', 'CAN', 'Guangzhou Baiyun International Airport ', 'Wed, 01 Jun 18:05', 'HGH', 'Hangzhou Xiaoshan International Airport T3', 'Wed, 01 Jun 20:15', '2h10m', 'CNY 670'),
(390, ' China Southern Airlines CZ3803 ', 'CAN', 'Guangzhou Baiyun International Airport ', 'Wed, 01 Jun 09:45', 'HGH', 'Hangzhou Xiaoshan International Airport T3', 'Wed, 01 Jun 12:05', '2h20m', 'CNY 740'),
(391, ' Xiamen Airlines MF8382 ', 'CAN', 'Guangzhou Baiyun International Airport ', 'Wed, 01 Jun 19:20', 'HGH', 'Hangzhou Xiaoshan International Airport T3', 'Wed, 01 Jun 21:30', '2h10m', 'CNY 860'),
(392, ' Loong Air GJ8700 ', 'CAN', 'Guangzhou Baiyun International Airport ', 'Wed, 01 Jun 14:40', 'HGH', 'Hangzhou Xiaoshan International Airport T3', 'Wed, 01 Jun 17:00', '2h20m', 'CNY 963'),
(393, ' Air China CA1719 ', 'HGH', 'Hangzhou Xiaoshan International Airport T1', 'Fri, 10 Jun 07:25', 'CAN', 'Guangzhou Baiyun International Airport ', 'Fri, 10 Jun 09:30', '2h5m', 'CNY 520'),
(394, ' Hainan Airlines HU7262 ', 'HGH', 'Hangzhou Xiaoshan International Airport T3', 'Fri, 10 Jun 07:20', 'CAN', 'Guangzhou Baiyun International Airport ', 'Fri, 10 Jun 09:35', '2h15m', 'CNY 554'),
(395, ' Hainan Airlines HU7362 ', 'HGH', 'Hangzhou Xiaoshan International Airport T3', 'Fri, 10 Jun 21:00', 'CAN', 'Guangzhou Baiyun International Airport ', 'Fri, 10 Jun 23:15', '2h15m', 'CNY 554'),
(396, ' Air China CA1721 ', 'HGH', 'Hangzhou Xiaoshan International Airport T1', 'Fri, 10 Jun 13:50', 'CAN', 'Guangzhou Baiyun International Airport ', 'Fri, 10 Jun 16:05', '2h15m', 'CNY 590'),
(397, ' Air China CA1725 ', 'HGH', 'Hangzhou Xiaoshan International Airport T1', 'Fri, 10 Jun 15:30', 'CAN', 'Guangzhou Baiyun International Airport ', 'Fri, 10 Jun 17:35', '2h5m', 'CNY 590'),
(398, ' Shanghai Airlines FM9351 ', 'HGH', 'Hangzhou Xiaoshan International Airport T3', 'Fri, 10 Jun 17:05', 'CAN', 'Guangzhou Baiyun International Airport ', 'Fri, 10 Jun 19:10', '2h5m', 'CNY 603'),
(399, ' China Eastern Airlines MU5211 ', 'HGH', 'Hangzhou Xiaoshan International Airport T3', 'Fri, 10 Jun 08:00', 'CAN', 'Guangzhou Baiyun International Airport ', 'Fri, 10 Jun 10:15', '2h15m', 'CNY 610'),
(400, ' China Southern Airlines CZ3820 ', 'HGH', 'Hangzhou Xiaoshan International Airport T3', 'Fri, 10 Jun 08:20', 'CAN', 'Guangzhou Baiyun International Airport ', 'Fri, 10 Jun 10:25', '2h5m', 'CNY 630'),
(401, ' Xiamen Airlines MF8381 ', 'HGH', 'Hangzhou Xiaoshan International Airport T3', 'Fri, 10 Jun 16:05', 'CAN', 'Guangzhou Baiyun International Airport ', 'Fri, 10 Jun 18:15', '2h10m', 'CNY 630'),
(402, ' Beijing Capital Airlines JD5170 ', 'HGH', 'Hangzhou Xiaoshan International Airport T3', 'Fri, 10 Jun 22:20', 'CAN', 'Guangzhou Baiyun International Airport ', 'Sat, 11 Jun 00:35', '2h15m', 'CNY 649'),
(403, ' Beijing Capital Airlines JD5270 ', 'HGH', 'Hangzhou Xiaoshan International Airport T3', 'Fri, 10 Jun 18:30', 'CAN', 'Guangzhou Baiyun International Airport ', 'Fri, 10 Jun 20:35', '2h5m', 'CNY 706'),
(404, ' China Eastern Airlines MU5217 ', 'HGH', 'Hangzhou Xiaoshan International Airport T3', 'Fri, 10 Jun 14:45', 'CAN', 'Guangzhou Baiyun International Airport ', 'Fri, 10 Jun 16:50', '2h5m', 'CNY 714'),
(405, ' China Eastern Airlines MU5215 ', 'HGH', 'Hangzhou Xiaoshan International Airport T3', 'Fri, 10 Jun 13:40', 'CAN', 'Guangzhou Baiyun International Airport ', 'Fri, 10 Jun 15:50', '2h10m', 'CNY 714'),
(406, ' China Southern Airlines CZ3522 ', 'HGH', 'Hangzhou Xiaoshan International Airport T3', 'Fri, 10 Jun 11:15', 'CAN', 'Guangzhou Baiyun International Airport ', 'Fri, 10 Jun 13:25', '2h10m', 'CNY 727'),
(407, ' China Southern Airlines CZ3848 ', 'HGH', 'Hangzhou Xiaoshan International Airport T3', 'Fri, 10 Jun 19:15', 'CAN', 'Guangzhou Baiyun International Airport ', 'Fri, 10 Jun 21:20', '2h5m', 'CNY 727'),
(408, ' China Southern Airlines CZ3802 ', 'HGH', 'Hangzhou Xiaoshan International Airport T3', 'Fri, 10 Jun 21:55', 'CAN', 'Guangzhou Baiyun International Airport ', 'Sat, 11 Jun 00:05', '2h10m', 'CNY 727'),
(409, ' Hainan Airlines HU7762 ', 'HGH', 'Hangzhou Xiaoshan International Airport T3', 'Fri, 10 Jun 17:25', 'CAN', 'Guangzhou Baiyun International Airport ', 'Fri, 10 Jun 19:35', '2h10m', 'CNY 740'),
(410, ' Shenzhen Airlines ZH9688 ', 'HGH', 'Hangzhou Xiaoshan International Airport T3', 'Fri, 10 Jun 21:20', 'CAN', 'Guangzhou Baiyun International Airport ', 'Fri, 10 Jun 23:30', '2h10m', 'CNY 780'),
(411, ' China Southern Airlines CZ3830 ', 'HGH', 'Hangzhou Xiaoshan International Airport T3', 'Fri, 10 Jun 12:15', 'CAN', 'Guangzhou Baiyun International Airport ', 'Fri, 10 Jun 14:25', '2h10m', 'CNY 844'),
(412, ' China Southern Airlines CZ3502 ', 'HGH', 'Hangzhou Xiaoshan International Airport T3', 'Fri, 10 Jun 18:05', 'CAN', 'Guangzhou Baiyun International Airport ', 'Fri, 10 Jun 20:20', '2h15m', 'CNY 894'),
(413, ' China Southern Airlines CZ3804 ', 'HGH', 'Hangzhou Xiaoshan International Airport T3', 'Fri, 10 Jun 13:10', 'CAN', 'Guangzhou Baiyun International Airport ', 'Fri, 10 Jun 15:15', '2h5m', 'CNY 953'),
(414, ' China Southern Airlines CZ3870 ', 'HGH', 'Hangzhou Xiaoshan International Airport T3', 'Fri, 10 Jun 15:10', 'CAN', 'Guangzhou Baiyun International Airport ', 'Fri, 10 Jun 17:20', '2h10m', 'CNY 953'),
(415, ' China Southern Airlines CZ3512 ', 'HGH', 'Hangzhou Xiaoshan International Airport T3', 'Fri, 10 Jun 16:10', 'CAN', 'Guangzhou Baiyun International Airport ', 'Fri, 10 Jun 18:20', '2h10m', 'CNY 953'),
(416, ' Loong Air GJ8699 ', 'HGH', 'Hangzhou Xiaoshan International Airport T3', 'Fri, 10 Jun 11:25', 'CAN', 'Guangzhou Baiyun International Airport ', 'Fri, 10 Jun 13:35', '2h10m', 'CNY 958');

-- --------------------------------------------------------

--
-- 表的结构 `citylist`
--

DROP TABLE IF EXISTS `citylist`;
CREATE TABLE IF NOT EXISTS `citylist` (
  `id` int(11) NOT NULL AUTO_INCREMENT,
  `name` text NOT NULL,
  PRIMARY KEY (`id`)
) ENGINE=InnoDB  DEFAULT CHARSET=utf8 COMMENT='城市名称列表' AUTO_INCREMENT=2 ;

--
-- 转存表中的数据 `citylist`
--

INSERT INTO `citylist` (`id`, `name`) VALUES
(1, '杭州');

-- --------------------------------------------------------

--
-- 表的结构 `distance`
--

DROP TABLE IF EXISTS `distance`;
CREATE TABLE IF NOT EXISTS `distance` (
  `id` int(11) NOT NULL AUTO_INCREMENT,
  `originid` int(11) NOT NULL,
  `destinationid` int(11) NOT NULL,
  `duration` int(11) NOT NULL,
  `distance` double NOT NULL,
  PRIMARY KEY (`id`),
  KEY `originid` (`originid`),
  KEY `destinationid` (`destinationid`)
) ENGINE=InnoDB  DEFAULT CHARSET=utf8 COMMENT='POIs间的距离和耗时' AUTO_INCREMENT=871 ;

--
-- 转存表中的数据 `distance`
--

INSERT INTO `distance` (`id`, `originid`, `destinationid`, `duration`, `distance`) VALUES
(1, 1, 2, 774, 3.711),
(2, 1, 3, 1088, 5.279),
(3, 1, 4, 1825, 10.943),
(4, 1, 5, 1308, 5.711),
(5, 1, 6, 1266, 5.687),
(6, 1, 7, 12550, 156.231),
(7, 1, 8, 552, 1.324),
(8, 1, 9, 861, 4.576),
(9, 1, 10, 20, 0.015),
(10, 1, 11, 1886, 12.459),
(11, 1, 12, 743, 4.262),
(12, 1, 13, 923, 4.893),
(13, 1, 14, 383, 1.974),
(14, 1, 15, 723, 3.893),
(15, 1, 16, 325, 0.862),
(16, 1, 17, 1537, 10.974),
(17, 1, 18, 4163, 30.334),
(18, 1, 19, 1412, 6.068),
(19, 1, 20, 1561, 5.593),
(20, 1, 21, 3504, 23.639),
(21, 1, 22, 7831, 136.63),
(22, 1, 23, 4872, 88.266),
(23, 1, 24, 624, 3.85),
(24, 1, 25, 1308, 5.711),
(25, 1, 26, 1696, 10.653),
(26, 1, 27, 3811, 35.751),
(27, 1, 28, 8423, 166.251),
(28, 1, 29, 327, 1.736),
(29, 1, 30, 598, 3.771),
(30, 2, 1, 838, 3.409),
(31, 2, 3, 1425, 5.921),
(32, 2, 4, 1514, 9.212),
(33, 2, 5, 2147, 8.681),
(34, 2, 6, 1571, 6.329),
(35, 2, 7, 12123, 155.635),
(36, 2, 8, 1392, 4.732),
(37, 2, 9, 1169, 5.218),
(38, 2, 10, 795, 3.311),
(39, 2, 11, 1467, 11.863),
(40, 2, 12, 1052, 4.904),
(41, 2, 13, 556, 3.148),
(42, 2, 14, 1206, 5.382),
(43, 2, 15, 1075, 4.535),
(44, 2, 16, 958, 3.693),
(45, 2, 17, 1146, 9.229),
(46, 2, 18, 4972, 33.742),
(47, 2, 19, 2251, 9.038),
(48, 2, 20, 2244, 9.001),
(49, 2, 21, 3328, 21.918),
(50, 2, 22, 7768, 136.377),
(51, 2, 23, 4856, 88.013),
(52, 2, 24, 777, 3.735),
(53, 2, 25, 2251, 8.681),
(54, 2, 26, 1701, 10.401),
(55, 2, 27, 3308, 32.945),
(56, 2, 28, 8350, 165.998),
(57, 2, 29, 1141, 5.144),
(58, 2, 30, 950, 4.413),
(59, 3, 1, 922, 4.97),
(60, 3, 2, 1251, 5.922),
(61, 3, 4, 2182, 13.168),
(62, 3, 5, 764, 2.91),
(63, 3, 6, 643, 1.814),
(64, 3, 7, 12495, 153.46),
(65, 3, 8, 1504, 6.293),
(66, 3, 9, 243, 0.703),
(67, 3, 10, 880, 4.872),
(68, 3, 11, 1631, 9.688),
(69, 3, 12, 297, 0.882),
(70, 3, 13, 1072, 6.247),
(71, 3, 14, 1339, 5.237),
(72, 3, 15, 618, 2.04),
(73, 3, 16, 1081, 5.254),
(74, 3, 17, 1774, 11.468),
(75, 3, 18, 3925, 30.725),
(76, 3, 19, 861, 3.267),
(77, 3, 20, 1502, 5.68),
(78, 3, 21, 4202, 25.874),
(79, 3, 22, 7536, 133.859),
(80, 3, 23, 4628, 85.495),
(81, 3, 24, 608, 2.524),
(82, 3, 25, 764, 2.91),
(83, 3, 26, 1438, 7.882),
(84, 3, 27, 4063, 36.901),
(85, 3, 28, 8113, 163.48),
(86, 3, 29, 1388, 5.475),
(87, 3, 30, 493, 1.918),
(88, 4, 1, 2082, 10.531),
(89, 4, 2, 1738, 9.088),
(90, 4, 3, 2801, 13.043),
(91, 4, 5, 3227, 15.957),
(92, 4, 6, 3172, 13.451),
(93, 4, 7, 7515, 162.105),
(94, 4, 8, 2639, 11.854),
(95, 4, 9, 2526, 12.34),
(96, 4, 10, 2038, 10.433),
(97, 4, 11, 1690, 13.265),
(98, 4, 12, 2356, 12.026),
(99, 4, 13, 1799, 10.27),
(100, 4, 14, 2449, 12.504),
(101, 4, 15, 2324, 11.657),
(102, 4, 16, 2201, 10.815),
(103, 4, 17, 1825, 15.067),
(104, 4, 18, 6131, 40.58),
(105, 4, 19, 3345, 16.314),
(106, 4, 20, 3450, 15.839),
(107, 4, 21, 1820, 23.448),
(108, 4, 22, 6152, 136.486),
(109, 4, 23, 3705, 87.849),
(110, 4, 24, 2013, 10.857),
(111, 4, 25, 3227, 15.957),
(112, 4, 26, 2033, 16.515),
(113, 4, 27, 2371, 21.554),
(114, 4, 28, 7247, 165.834),
(115, 4, 29, 2395, 12.266),
(116, 4, 30, 2199, 11.535),
(117, 5, 1, 1532, 6.67),
(118, 5, 2, 2233, 9.803),
(119, 5, 3, 838, 4.053),
(120, 5, 4, 2853, 15.839),
(121, 5, 6, 1395, 5.717),
(122, 5, 7, 12316, 155.927),
(123, 5, 8, 1853, 7.066),
(124, 5, 9, 983, 4.606),
(125, 5, 10, 1491, 6.572),
(126, 5, 11, 1568, 12.155),
(127, 5, 12, 1052, 4.785),
(128, 5, 13, 1871, 10.15),
(129, 5, 14, 1080, 4.426),
(130, 5, 15, 1394, 5.943),
(131, 5, 16, 1694, 6.954),
(132, 5, 17, 1704, 13.935),
(133, 5, 18, 3439, 27.89),
(134, 5, 19, 361, 1.126),
(135, 5, 20, 782, 2.629),
(136, 5, 21, 4237, 25.678),
(137, 5, 22, 7426, 136.326),
(138, 5, 23, 4542, 87.962),
(139, 5, 24, 1418, 6.427),
(140, 5, 25, 3, 0.013),
(141, 5, 26, 1342, 10.349),
(142, 5, 27, 4701, 36.818),
(143, 5, 28, 8017, 165.947),
(144, 5, 29, 1131, 4.664),
(145, 5, 30, 1269, 5.821),
(146, 6, 1, 1099, 5.378),
(147, 6, 2, 1415, 6.33),
(148, 6, 3, 660, 1.814),
(149, 6, 4, 2365, 13.576),
(150, 6, 5, 1366, 4.574),
(151, 6, 7, 12646, 153.868),
(152, 6, 8, 1664, 6.701),
(153, 6, 9, 402, 1.111),
(154, 6, 10, 1058, 5.28),
(155, 6, 11, 1797, 10.096),
(156, 6, 12, 445, 1.29),
(157, 6, 13, 1226, 6.655),
(158, 6, 14, 1477, 7.351),
(159, 6, 15, 343, 1.171),
(160, 6, 16, 1261, 5.662),
(161, 6, 17, 1940, 11.876),
(162, 6, 18, 4435, 32.389),
(163, 6, 19, 1463, 4.931),
(164, 6, 20, 2781, 8.833),
(165, 6, 21, 4386, 26.282),
(166, 6, 22, 7679, 134.267),
(167, 6, 23, 4792, 85.903),
(168, 6, 24, 789, 2.932),
(169, 6, 25, 1366, 4.574),
(170, 6, 26, 1615, 8.29),
(171, 6, 27, 4333, 36.74),
(172, 6, 28, 8344, 163.888),
(173, 6, 29, 1423, 7.113),
(174, 6, 30, 418, 1.311),
(175, 7, 1, 12418, 156.226),
(176, 7, 2, 12489, 155.649),
(177, 7, 3, 12138, 153.746),
(178, 7, 4, 11197, 148.721),
(179, 7, 5, 12264, 156.212),
(180, 7, 6, 12605, 154.154),
(181, 7, 8, 12916, 157.549),
(182, 7, 9, 11955, 153.043),
(183, 7, 10, 12401, 156.128),
(184, 7, 11, 10694, 145.055),
(185, 7, 12, 11916, 152.729),
(186, 7, 13, 11360, 153.242),
(187, 7, 14, 12782, 158.198),
(188, 7, 15, 12134, 153.296),
(189, 7, 16, 12623, 156.51),
(190, 7, 17, 10839, 146.857),
(191, 7, 18, 15640, 179.126),
(192, 7, 19, 12459, 156.569),
(193, 7, 20, 12850, 158.385),
(194, 7, 21, 9056, 184.164),
(195, 7, 22, 3858, 50.085),
(196, 7, 23, 4195, 78.399),
(197, 7, 24, 11925, 153.339),
(198, 7, 25, 12265, 156.212),
(199, 7, 26, 11068, 148.304),
(200, 7, 27, 8892, 184.93),
(201, 7, 28, 5073, 79.518),
(202, 7, 29, 12743, 157.961),
(203, 7, 30, 12008, 153.174),
(204, 8, 1, 596, 1.596),
(205, 8, 2, 1194, 4.729),
(206, 8, 3, 1690, 6.297),
(207, 8, 4, 2285, 11.961),
(208, 8, 5, 1641, 6.379),
(209, 8, 6, 1844, 6.705),
(210, 8, 7, 13008, 157.249),
(211, 8, 9, 1433, 5.594),
(212, 8, 10, 554, 1.498),
(213, 8, 11, 2421, 13.477),
(214, 8, 12, 1267, 5.28),
(215, 8, 13, 1386, 5.911),
(216, 8, 14, 719, 2.641),
(217, 8, 15, 1135, 4.911),
(218, 8, 16, 769, 1.88),
(219, 8, 17, 1976, 11.992),
(220, 8, 18, 4426, 31.002),
(221, 8, 19, 1745, 6.736),
(222, 8, 20, 1814, 6.261),
(223, 8, 21, 4050, 24.657),
(224, 8, 22, 8362, 137.648),
(225, 8, 23, 5335, 89.284),
(226, 8, 24, 1030, 4.868),
(227, 8, 25, 1641, 6.379),
(228, 8, 26, 2159, 11.671),
(229, 8, 27, 4324, 36.769),
(230, 8, 28, 8870, 167.269),
(231, 8, 29, 665, 2.404),
(232, 8, 30, 1010, 4.789),
(233, 9, 1, 751, 4.267),
(234, 9, 2, 1017, 5.219),
(235, 9, 3, 253, 0.703),
(236, 9, 4, 2092, 12.465),
(237, 9, 5, 962, 3.463),
(238, 9, 6, 402, 1.111),
(239, 9, 7, 12026, 152.757),
(240, 9, 8, 1327, 5.59),
(241, 9, 10, 710, 4.169),
(242, 9, 11, 1422, 8.985),
(243, 9, 12, 50, 0.179),
(244, 9, 13, 828, 5.544),
(245, 9, 14, 1112, 6.24),
(246, 9, 15, 396, 1.337),
(247, 9, 16, 913, 4.551),
(248, 9, 17, 1528, 10.765),
(249, 9, 18, 4058, 31.278),
(250, 9, 19, 1059, 3.82),
(251, 9, 20, 1672, 6.233),
(252, 9, 21, 3978, 25.171),
(253, 9, 22, 7183, 133.156),
(254, 9, 23, 4368, 84.792),
(255, 9, 24, 375, 1.821),
(256, 9, 25, 962, 3.463),
(257, 9, 26, 1203, 7.179),
(258, 9, 27, 3959, 36.198),
(259, 9, 28, 7864, 162.777),
(260, 9, 29, 1058, 6.002),
(261, 9, 30, 271, 1.215),
(262, 10, 1, 31, 0.015),
(263, 10, 2, 785, 3.725),
(264, 10, 3, 1256, 5.293),
(265, 10, 4, 1888, 10.957),
(266, 10, 5, 1265, 5.725),
(267, 10, 6, 1397, 5.701),
(268, 10, 7, 12549, 156.245),
(269, 10, 8, 572, 1.338),
(270, 10, 9, 999, 4.59),
(271, 10, 11, 1976, 12.473),
(272, 10, 12, 829, 4.276),
(273, 10, 13, 934, 4.907),
(274, 10, 14, 354, 1.988),
(275, 10, 15, 699, 3.907),
(276, 10, 16, 335, 0.876),
(277, 10, 17, 1570, 10.988),
(278, 10, 18, 4078, 30.348),
(279, 10, 19, 1369, 6.082),
(280, 10, 20, 1475, 5.607),
(281, 10, 21, 3551, 23.653),
(282, 10, 22, 7926, 136.644),
(283, 10, 23, 4935, 88.28),
(284, 10, 24, 616, 3.864),
(285, 10, 25, 1265, 5.725),
(286, 10, 26, 1762, 10.667),
(287, 10, 27, 3843, 35.765),
(288, 10, 28, 8417, 166.265),
(289, 10, 29, 300, 1.75),
(290, 10, 30, 574, 3.785),
(291, 11, 1, 1907, 12.215),
(292, 11, 2, 1533, 11.871),
(293, 11, 3, 1722, 9.735),
(294, 11, 4, 1699, 14.128),
(295, 11, 5, 1839, 12.201),
(296, 11, 6, 1907, 10.143),
(297, 11, 7, 10976, 144.838),
(298, 11, 8, 2468, 13.538),
(299, 11, 9, 1495, 9.032),
(300, 11, 10, 1865, 12.117),
(301, 11, 12, 1328, 8.718),
(302, 11, 13, 976, 9.231),
(303, 11, 14, 2256, 14.187),
(304, 11, 15, 1443, 9.285),
(305, 11, 16, 2071, 12.499),
(306, 11, 17, 492, 2.846),
(307, 11, 18, 3597, 45.897),
(308, 11, 19, 1943, 12.558),
(309, 11, 20, 2350, 14.374),
(310, 11, 21, 3171, 40.2),
(311, 11, 22, 8334, 125.038),
(312, 11, 23, 5444, 76.674),
(313, 11, 24, 1327, 9.328),
(314, 11, 25, 1839, 12.201),
(315, 11, 26, 694, 4.293),
(316, 11, 27, 2976, 34.1),
(317, 11, 28, 8938, 154.659),
(318, 11, 29, 2202, 13.95),
(319, 11, 30, 1318, 9.163),
(320, 12, 1, 677, 3.953),
(321, 12, 2, 919, 4.905),
(322, 12, 3, 341, 0.882),
(323, 12, 4, 1982, 12.151),
(324, 12, 5, 1054, 3.642),
(325, 12, 6, 488, 1.29),
(326, 12, 7, 11983, 152.443),
(327, 12, 8, 1233, 5.276),
(328, 12, 9, 86, 0.179),
(329, 12, 10, 636, 3.855),
(330, 12, 11, 1371, 8.671),
(331, 12, 13, 740, 5.23),
(332, 12, 14, 1045, 5.926),
(333, 12, 15, 290, 1.023),
(334, 12, 16, 839, 4.237),
(335, 12, 17, 1477, 10.451),
(336, 12, 18, 4143, 31.457),
(337, 12, 19, 1151, 3.999),
(338, 12, 20, 1756, 6.412),
(339, 12, 21, 3886, 24.857),
(340, 12, 22, 7097, 132.842),
(341, 12, 23, 4295, 84.478),
(342, 12, 24, 327, 1.507),
(343, 12, 25, 1054, 3.642),
(344, 12, 26, 1155, 6.866),
(345, 12, 27, 3854, 35.884),
(346, 12, 28, 7810, 162.463),
(347, 12, 29, 991, 5.688),
(348, 12, 30, 165, 0.901),
(349, 13, 1, 916, 4.57),
(350, 13, 2, 580, 3.168),
(351, 13, 3, 1471, 6.249),
(352, 13, 4, 1661, 10.414),
(353, 13, 5, 2113, 9.009),
(354, 13, 6, 1605, 6.657),
(355, 13, 7, 11507, 153.015),
(356, 13, 8, 1532, 5.893),
(357, 13, 9, 1207, 5.546),
(358, 13, 10, 872, 4.472),
(359, 13, 11, 965, 9.243),
(360, 13, 12, 1037, 5.232),
(361, 13, 14, 1269, 6.543),
(362, 13, 15, 915, 4.863),
(363, 13, 16, 1063, 4.854),
(364, 13, 17, 637, 6.609),
(365, 13, 18, 5042, 34.903),
(366, 13, 19, 2217, 9.366),
(367, 13, 20, 2331, 10.162),
(368, 13, 21, 3554, 23.12),
(369, 13, 22, 9054, 133.222),
(370, 13, 23, 6141, 84.858),
(371, 13, 24, 652, 4.063),
(372, 13, 25, 2113, 9.009),
(373, 13, 26, 1535, 10.728),
(374, 13, 27, 3556, 34.147),
(375, 13, 28, 9644, 162.843),
(376, 13, 29, 1215, 6.305),
(377, 13, 30, 790, 4.741),
(378, 14, 1, 424, 2.246),
(379, 14, 2, 1059, 5.379),
(380, 14, 3, 1058, 4.834),
(381, 14, 4, 2190, 12.078),
(382, 14, 5, 954, 3.739),
(383, 14, 6, 1600, 6.498),
(384, 14, 7, 12864, 157.899),
(385, 14, 8, 777, 2.642),
(386, 14, 9, 1186, 5.387),
(387, 14, 10, 382, 2.148),
(388, 14, 11, 2201, 14.127),
(389, 14, 12, 1216, 5.566),
(390, 14, 13, 1216, 6.561),
(391, 14, 15, 950, 5.561),
(392, 14, 16, 583, 2.53),
(393, 14, 17, 1834, 12.642),
(394, 14, 18, 3768, 28.362),
(395, 14, 19, 1058, 4.096),
(396, 14, 20, 1085, 3.621),
(397, 14, 21, 2996, 22.047),
(398, 14, 22, 8157, 138.298),
(399, 14, 23, 5182, 89.934),
(400, 14, 24, 863, 5.518),
(401, 14, 25, 954, 3.739),
(402, 14, 26, 2005, 12.321),
(403, 14, 27, 4188, 31.789),
(404, 14, 28, 8669, 167.919),
(405, 14, 29, 87, 0.27),
(406, 14, 30, 825, 5.439),
(407, 15, 1, 727, 3.586),
(408, 15, 2, 972, 4.538),
(409, 15, 3, 963, 2.08),
(410, 15, 4, 2058, 11.784),
(411, 15, 5, 1618, 4.84),
(412, 15, 6, 343, 1.171),
(413, 15, 7, 12303, 153.032),
(414, 15, 8, 1334, 4.909),
(415, 15, 9, 701, 1.377),
(416, 15, 10, 685, 3.488),
(417, 15, 11, 1662, 9.26),
(418, 15, 12, 529, 1.063),
(419, 15, 13, 783, 4.863),
(420, 15, 14, 1078, 5.559),
(421, 15, 16, 894, 3.87),
(422, 15, 17, 1789, 11.04),
(423, 15, 18, 4490, 32.655),
(424, 15, 19, 1722, 5.197),
(425, 15, 20, 2187, 7.61),
(426, 15, 21, 3989, 24.49),
(427, 15, 22, 7570, 133.431),
(428, 15, 23, 4630, 85.067),
(429, 15, 24, 439, 1.11),
(430, 15, 25, 1618, 4.84),
(431, 15, 26, 1452, 7.454),
(432, 15, 27, 3920, 35.517),
(433, 15, 28, 8151, 163.052),
(434, 15, 29, 1024, 5.321),
(435, 15, 30, 33, 0.14),
(436, 16, 1, 335, 0.654),
(437, 16, 2, 893, 3.693),
(438, 16, 3, 1370, 5.261),
(439, 16, 4, 1980, 10.925),
(440, 16, 5, 1600, 6.364),
(441, 16, 6, 1517, 5.669),
(442, 16, 7, 12676, 156.213),
(443, 16, 8, 925, 1.977),
(444, 16, 9, 1112, 4.558),
(445, 16, 10, 293, 0.556),
(446, 16, 11, 2070, 12.441),
(447, 16, 12, 946, 4.244),
(448, 16, 13, 1056, 4.875),
(449, 16, 14, 681, 2.627),
(450, 16, 15, 831, 3.875),
(451, 16, 17, 1668, 10.956),
(452, 16, 18, 4421, 30.987),
(453, 16, 19, 1722, 6.721),
(454, 16, 20, 1758, 6.246),
(455, 16, 21, 3726, 23.621),
(456, 16, 22, 8054, 136.612),
(457, 16, 23, 5041, 88.248),
(458, 16, 24, 748, 3.832),
(459, 16, 25, 1600, 6.364),
(460, 16, 26, 1863, 10.635),
(461, 16, 27, 3971, 35.733),
(462, 16, 28, 8543, 166.233),
(463, 16, 29, 627, 2.389),
(464, 16, 30, 706, 3.753),
(465, 17, 1, 1495, 10.627),
(466, 17, 2, 1174, 9.225),
(467, 17, 3, 1893, 11.543),
(468, 17, 4, 1794, 15.914),
(469, 17, 5, 1945, 14.009),
(470, 17, 6, 2078, 11.951),
(471, 17, 7, 10989, 146.624),
(472, 17, 8, 2092, 11.95),
(473, 17, 9, 1666, 10.84),
(474, 17, 10, 1454, 10.529),
(475, 17, 11, 488, 2.852),
(476, 17, 12, 1499, 10.526),
(477, 17, 13, 617, 6.585),
(478, 17, 14, 1863, 12.6),
(479, 17, 15, 1483, 10.92),
(480, 17, 16, 1657, 10.911),
(481, 17, 18, 3679, 47.705),
(482, 17, 19, 2049, 14.366),
(483, 17, 20, 2446, 16.182),
(484, 17, 21, 4194, 29.177),
(485, 17, 22, 8627, 126.831),
(486, 17, 23, 5688, 78.467),
(487, 17, 24, 1227, 10.12),
(488, 17, 25, 1952, 14.009),
(489, 17, 26, 836, 6.102),
(490, 17, 27, 3139, 35.886),
(491, 17, 28, 9209, 156.452),
(492, 17, 29, 1809, 12.362),
(493, 17, 30, 1358, 10.798),
(494, 18, 1, 4350, 29.483),
(495, 18, 2, 5108, 32.616),
(496, 18, 3, 3055, 39.462),
(497, 18, 4, 5821, 38.832),
(498, 18, 5, 4132, 27.653),
(499, 18, 6, 4349, 42.575),
(500, 18, 7, 8989, 192.816),
(501, 18, 8, 4590, 29.879),
(502, 18, 9, 3194, 40.015),
(503, 18, 10, 4309, 29.385),
(504, 18, 11, 3164, 51.276),
(505, 18, 12, 3250, 40.194),
(506, 18, 13, 5305, 33.798),
(507, 18, 14, 3870, 27.239),
(508, 18, 15, 3647, 41.352),
(509, 18, 16, 4472, 29.767),
(510, 18, 17, 3367, 53.372),
(511, 18, 19, 4202, 28.01),
(512, 18, 20, 3381, 25.63),
(513, 18, 21, 7461, 48.671),
(514, 18, 22, 10901, 157.638),
(515, 18, 23, 7836, 109.274),
(516, 18, 24, 4486, 39.785),
(517, 18, 25, 4132, 27.653),
(518, 18, 26, 3376, 43.476),
(519, 18, 27, 7798, 59.811),
(520, 18, 28, 11422, 187.259),
(521, 18, 29, 3936, 27.477),
(522, 18, 30, 3522, 41.23),
(523, 19, 1, 1780, 6.512),
(524, 19, 2, 2243, 9.037),
(525, 19, 3, 1005, 3.265),
(526, 19, 4, 3575, 16.058),
(527, 19, 5, 387, 0.947),
(528, 19, 6, 1585, 4.929),
(529, 19, 7, 12594, 156.272),
(530, 19, 8, 2106, 6.908),
(531, 19, 9, 1173, 3.818),
(532, 19, 10, 1738, 6.414),
(533, 19, 11, 1929, 12.5),
(534, 19, 12, 1212, 3.997),
(535, 19, 13, 2064, 9.362),
(536, 19, 14, 1365, 4.268),
(537, 19, 15, 1602, 5.155),
(538, 19, 16, 1939, 6.796),
(539, 19, 17, 2067, 14.28),
(540, 19, 18, 3812, 28.863),
(541, 19, 20, 1052, 3.596),
(542, 19, 21, 3379, 33.593),
(543, 19, 22, 7926, 136.671),
(544, 19, 23, 4921, 88.307),
(545, 19, 24, 1583, 5.639),
(546, 19, 25, 387, 0.947),
(547, 19, 26, 1757, 10.694),
(548, 19, 27, 5483, 39.781),
(549, 19, 28, 8477, 166.292),
(550, 19, 29, 1414, 4.506),
(551, 19, 30, 1477, 5.033),
(552, 20, 1, 1519, 6.09),
(553, 20, 2, 2147, 9.223),
(554, 20, 3, 1271, 4.822),
(555, 20, 4, 2692, 15.256),
(556, 20, 5, 924, 2.775),
(557, 20, 6, 1830, 6.486),
(558, 20, 7, 12769, 157.452),
(559, 20, 8, 1801, 6.486),
(560, 20, 9, 1425, 5.375),
(561, 20, 10, 1475, 5.992),
(562, 20, 11, 2171, 13.68),
(563, 20, 12, 1503, 5.554),
(564, 20, 13, 2279, 10.405),
(565, 20, 14, 1075, 3.846),
(566, 20, 15, 1897, 6.712),
(567, 20, 16, 1648, 6.374),
(568, 20, 17, 2281, 15.46),
(569, 20, 18, 2986, 26.441),
(570, 20, 19, 1028, 3.132),
(571, 20, 21, 4136, 25.095),
(572, 20, 22, 8050, 137.851),
(573, 20, 23, 5108, 89.487),
(574, 20, 24, 1858, 7.196),
(575, 20, 25, 924, 2.775),
(576, 20, 26, 1971, 11.874),
(577, 20, 27, 4671, 36.235),
(578, 20, 28, 8670, 167.472),
(579, 20, 29, 1126, 4.084),
(580, 20, 30, 1772, 6.59),
(581, 21, 1, 3929, 23.38),
(582, 21, 2, 3499, 21.937),
(583, 21, 3, 4586, 25.892),
(584, 21, 4, 2322, 24.573),
(585, 21, 5, 5250, 24.935),
(586, 21, 6, 4943, 26.3),
(587, 21, 7, 9173, 182.882),
(588, 21, 8, 4439, 24.703),
(589, 21, 9, 4293, 25.189),
(590, 21, 10, 3887, 23.282),
(591, 21, 11, 3523, 38.968),
(592, 21, 12, 4137, 24.875),
(593, 21, 13, 3607, 23.119),
(594, 21, 14, 4481, 31.451),
(595, 21, 15, 4038, 24.506),
(596, 21, 16, 4112, 23.664),
(597, 21, 17, 4258, 29.2),
(598, 21, 18, 8295, 49.558),
(599, 21, 19, 5372, 25.292),
(600, 21, 20, 5439, 24.817),
(601, 21, 22, 7876, 157.263),
(602, 21, 23, 5470, 108.626),
(603, 21, 24, 3834, 23.706),
(604, 21, 25, 5250, 24.935),
(605, 21, 26, 4610, 30.332),
(606, 21, 27, 1340, 12.485),
(607, 21, 28, 8988, 186.611),
(608, 21, 29, 4538, 31.689),
(609, 21, 30, 3913, 24.384),
(610, 22, 1, 7299, 136.352),
(611, 22, 2, 7265, 136.382),
(612, 22, 3, 7093, 133.872),
(613, 22, 4, 8537, 130.858),
(614, 22, 5, 7115, 136.338),
(615, 22, 6, 7469, 134.28),
(616, 22, 7, 3995, 50.428),
(617, 22, 8, 7775, 137.675),
(618, 22, 9, 6825, 133.169),
(619, 22, 10, 7260, 136.254),
(620, 22, 11, 7909, 125.139),
(621, 22, 12, 6736, 132.855),
(622, 22, 13, 8522, 133.326),
(623, 22, 14, 7601, 138.325),
(624, 22, 15, 6886, 133.422),
(625, 22, 16, 7474, 136.636),
(626, 22, 17, 8055, 126.941),
(627, 22, 18, 7971, 167.816),
(628, 22, 19, 7208, 136.695),
(629, 22, 20, 7780, 138.511),
(630, 22, 21, 8904, 140.314),
(631, 22, 23, 3873, 52.502),
(632, 22, 24, 6765, 133.465),
(633, 22, 25, 7115, 136.338),
(634, 22, 26, 6005, 128.406),
(635, 22, 27, 9144, 139.158),
(636, 22, 28, 2947, 37.985),
(637, 22, 29, 7559, 138.087),
(638, 22, 30, 6761, 133.3),
(639, 23, 1, 4820, 87.834),
(640, 23, 2, 4868, 87.864),
(641, 23, 3, 4607, 85.354),
(642, 23, 4, 5948, 82.34),
(643, 23, 5, 4913, 87.82),
(644, 23, 6, 5028, 85.762),
(645, 23, 7, 4319, 78.943),
(646, 23, 8, 5241, 89.157),
(647, 23, 9, 4384, 84.651),
(648, 23, 10, 4800, 87.736),
(649, 23, 11, 5674, 76.621),
(650, 23, 12, 4285, 84.337),
(651, 23, 13, 6208, 84.808),
(652, 23, 14, 5223, 89.807),
(653, 23, 15, 4509, 84.904),
(654, 23, 16, 4987, 88.118),
(655, 23, 17, 5745, 78.423),
(656, 23, 18, 5446, 119.188),
(657, 23, 19, 5153, 88.177),
(658, 23, 20, 5313, 89.993),
(659, 23, 21, 6515, 91.796),
(660, 23, 22, 3907, 52.342),
(661, 23, 24, 4403, 84.947),
(662, 23, 25, 4913, 87.82),
(663, 23, 26, 3593, 79.889),
(664, 23, 27, 6780, 90.64),
(665, 23, 28, 6356, 82.308),
(666, 23, 29, 5145, 89.569),
(667, 23, 30, 4384, 84.782),
(668, 24, 1, 691, 3.558),
(669, 24, 2, 770, 3.735),
(670, 24, 3, 813, 2.527),
(671, 24, 4, 1752, 10.981),
(672, 24, 5, 1516, 5.287),
(673, 24, 6, 958, 2.935),
(674, 24, 7, 12030, 153.036),
(675, 24, 8, 1263, 4.881),
(676, 24, 9, 554, 1.824),
(677, 24, 10, 662, 3.46),
(678, 24, 11, 1391, 9.264),
(679, 24, 12, 382, 1.51),
(680, 24, 13, 578, 4.06),
(681, 24, 14, 1083, 5.53),
(682, 24, 15, 502, 2.077),
(683, 24, 16, 874, 3.842),
(684, 24, 17, 1240, 10.141),
(685, 24, 18, 4332, 33.102),
(686, 24, 19, 1613, 5.644),
(687, 24, 20, 2081, 8.057),
(688, 24, 21, 3762, 23.687),
(689, 24, 22, 7297, 133.435),
(690, 24, 23, 4391, 85.071),
(691, 24, 25, 1516, 5.287),
(692, 24, 26, 1203, 7.458),
(693, 24, 27, 3645, 34.714),
(694, 24, 28, 7904, 163.056),
(695, 24, 29, 1028, 5.293),
(696, 24, 30, 377, 1.955),
(697, 25, 1, 1626, 6.666),
(698, 25, 2, 2306, 9.799),
(699, 25, 3, 791, 4.049),
(700, 25, 4, 2815, 15.835),
(701, 25, 5, 2, 0.013),
(702, 25, 6, 1348, 5.713),
(703, 25, 7, 12094, 155.923),
(704, 25, 8, 1937, 7.062),
(705, 25, 9, 936, 4.602),
(706, 25, 10, 1597, 6.568),
(707, 25, 11, 1519, 12.151),
(708, 25, 12, 1004, 4.781),
(709, 25, 13, 1889, 10.146),
(710, 25, 14, 1151, 4.422),
(711, 25, 15, 1398, 5.939),
(712, 25, 16, 1809, 6.95),
(713, 25, 17, 1657, 13.931),
(714, 25, 18, 3336, 27.886),
(715, 25, 19, 314, 1.122),
(716, 25, 20, 748, 2.625),
(717, 25, 21, 4249, 25.674),
(718, 25, 22, 7366, 136.322),
(719, 25, 23, 4494, 87.958),
(720, 25, 24, 1443, 6.423),
(721, 25, 26, 1295, 10.345),
(722, 25, 27, 4653, 36.814),
(723, 25, 28, 7981, 165.943),
(724, 25, 29, 1202, 4.66),
(725, 25, 30, 1273, 5.817),
(726, 26, 1, 1776, 10.428),
(727, 26, 2, 1617, 10.458),
(728, 26, 3, 1655, 7.948),
(729, 26, 4, 2063, 17.292),
(730, 26, 5, 1657, 10.414),
(731, 26, 6, 1840, 8.356),
(732, 26, 7, 11248, 148.002),
(733, 26, 8, 2398, 11.751),
(734, 26, 9, 1428, 7.245),
(735, 26, 10, 1747, 10.33),
(736, 26, 11, 711, 4.23),
(737, 26, 12, 1261, 6.931),
(738, 26, 13, 1438, 10.783),
(739, 26, 14, 2150, 12.401),
(740, 26, 15, 1376, 7.498),
(741, 26, 16, 1958, 10.712),
(742, 26, 17, 854, 6.01),
(743, 26, 18, 3403, 44.11),
(744, 26, 19, 1761, 10.771),
(745, 26, 20, 2262, 12.587),
(746, 26, 21, 4418, 30.395),
(747, 26, 22, 6499, 128.401),
(748, 26, 23, 3649, 80.037),
(749, 26, 24, 1260, 7.541),
(750, 26, 25, 1657, 10.414),
(751, 26, 27, 3370, 37.264),
(752, 26, 28, 7167, 158.022),
(753, 26, 29, 2096, 12.163),
(754, 26, 30, 1251, 7.376),
(755, 27, 1, 3987, 37.508),
(756, 27, 2, 3272, 34.582),
(757, 27, 3, 4378, 38.537),
(758, 27, 4, 2549, 23.053),
(759, 27, 5, 5042, 36.448),
(760, 27, 6, 4530, 38.374),
(761, 27, 7, 8886, 185.676),
(762, 27, 8, 4552, 38.831),
(763, 27, 9, 4082, 37.834),
(764, 27, 10, 3956, 37.41),
(765, 27, 11, 3658, 34.336),
(766, 27, 12, 3924, 37.52),
(767, 27, 13, 3447, 35.764),
(768, 27, 14, 4306, 32.064),
(769, 27, 15, 3828, 37.151),
(770, 27, 16, 4076, 37.792),
(771, 27, 17, 3828, 36.138),
(772, 27, 18, 8270, 61.071),
(773, 27, 19, 5215, 36.805),
(774, 27, 20, 5542, 36.33),
(775, 27, 21, 1340, 12.485),
(776, 27, 22, 7635, 160.057),
(777, 27, 23, 5163, 111.42),
(778, 27, 24, 3641, 36.351),
(779, 27, 25, 5143, 36.448),
(780, 27, 26, 4013, 37.585),
(781, 27, 28, 8676, 189.405),
(782, 27, 29, 4296, 32.302),
(783, 27, 30, 3703, 37.029),
(784, 28, 1, 8635, 166.545),
(785, 28, 2, 8641, 166.575),
(786, 28, 3, 8321, 164.065),
(787, 28, 4, 9913, 161.051),
(788, 28, 5, 8560, 166.531),
(789, 28, 6, 8793, 164.473),
(790, 28, 7, 6120, 80.821),
(791, 28, 8, 9039, 167.868),
(792, 28, 9, 8143, 163.362),
(793, 28, 10, 8594, 166.447),
(794, 28, 11, 9316, 155.332),
(795, 28, 12, 8060, 163.048),
(796, 28, 13, 9959, 163.519),
(797, 28, 14, 8973, 168.517),
(798, 28, 15, 8229, 163.615),
(799, 28, 16, 8817, 166.829),
(800, 28, 17, 9465, 157.134),
(801, 28, 18, 9315, 197.902),
(802, 28, 19, 8657, 166.888),
(803, 28, 20, 9069, 168.704),
(804, 28, 21, 10188, 170.507),
(805, 28, 22, 3134, 38.319),
(806, 28, 23, 5940, 82.895),
(807, 28, 24, 8108, 163.658),
(808, 28, 25, 8560, 166.531),
(809, 28, 26, 7310, 158.599),
(810, 28, 27, 10549, 169.351),
(811, 28, 29, 8930, 168.28),
(812, 28, 30, 8104, 163.493),
(813, 29, 1, 413, 2.008),
(814, 29, 2, 1116, 5.141),
(815, 29, 3, 1108, 5.072),
(816, 29, 4, 2151, 12.316),
(817, 29, 5, 966, 3.977),
(818, 29, 6, 1667, 6.736),
(819, 29, 7, 12922, 157.661),
(820, 29, 8, 768, 2.404),
(821, 29, 9, 1262, 5.625),
(822, 29, 10, 384, 1.91),
(823, 29, 11, 2289, 13.889),
(824, 29, 12, 1292, 5.804),
(825, 29, 13, 1273, 6.323),
(826, 29, 14, 66, 0.357),
(827, 29, 15, 1053, 5.323),
(828, 29, 16, 602, 2.292),
(829, 29, 17, 1894, 12.404),
(830, 29, 18, 3867, 28.6),
(831, 29, 19, 1070, 4.334),
(832, 29, 20, 1175, 3.859),
(833, 29, 21, 3117, 22.285),
(834, 29, 22, 8230, 138.06),
(835, 29, 23, 5317, 89.696),
(836, 29, 24, 972, 5.28),
(837, 29, 25, 966, 3.977),
(838, 29, 26, 2140, 12.083),
(839, 29, 27, 4150, 32.027),
(840, 29, 28, 8788, 167.681),
(841, 29, 30, 928, 5.201),
(842, 30, 1, 616, 3.464),
(843, 30, 2, 847, 4.416),
(844, 30, 3, 832, 1.958),
(845, 30, 4, 1868, 11.662),
(846, 30, 5, 1488, 4.718),
(847, 30, 6, 418, 1.311),
(848, 30, 7, 12175, 152.91),
(849, 30, 8, 1237, 4.787),
(850, 30, 9, 571, 1.255),
(851, 30, 10, 587, 3.366),
(852, 30, 11, 1538, 9.138),
(853, 30, 12, 405, 0.941),
(854, 30, 13, 658, 4.741),
(855, 30, 14, 994, 5.437),
(856, 30, 15, 92, 0.14),
(857, 30, 16, 805, 3.748),
(858, 30, 17, 1665, 10.918),
(859, 30, 18, 4332, 32.533),
(860, 30, 19, 1592, 5.075),
(861, 30, 20, 2095, 7.488),
(862, 30, 21, 3986, 24.368),
(863, 30, 22, 7479, 133.309),
(864, 30, 23, 4504, 84.945),
(865, 30, 24, 314, 0.988),
(866, 30, 25, 1488, 4.718),
(867, 30, 26, 1360, 7.332),
(868, 30, 27, 3722, 35.395),
(869, 30, 28, 8023, 162.93),
(870, 30, 29, 939, 5.199);

-- --------------------------------------------------------

--
-- 表的结构 `scenelist`
--

DROP TABLE IF EXISTS `scenelist`;
CREATE TABLE IF NOT EXISTS `scenelist` (
  `id` int(11) NOT NULL AUTO_INCREMENT,
  `name` varchar(128) NOT NULL,
  `lat` double DEFAULT NULL,
  `lng` double DEFAULT NULL,
  `des` text,
  `fee` double DEFAULT NULL,
  `province` text,
  `cityid` int(11) NOT NULL,
  `district` tinytext,
  `street` tinytext,
  `address` text,
  `tags` text,
  `keywords` text,
  `level` tinytext,
  `isblock` tinyint(1) NOT NULL DEFAULT '0',
  `tips` text,
  PRIMARY KEY (`id`),
  UNIQUE KEY `scene` (`cityid`,`name`)
) ENGINE=InnoDB  DEFAULT CHARSET=utf8 COMMENT='景点列表' AUTO_INCREMENT=1082 ;

--
-- 转存表中的数据 `scenelist`
--

INSERT INTO `scenelist` (`id`, `name`, `lat`, `lng`, `des`, `fee`, `province`, `cityid`, `district`, `street`, `address`, `tags`, `keywords`, `level`, `isblock`, `tips`) VALUES
(1, '西湖', 30.257793, 120.141377, NULL, NULL, NULL, 1, NULL, NULL, '杭州市西湖区西湖风景区', NULL, NULL, 'AAAAA级景区', 0, 'http://you.ctrip.com/sight/hangzhou14/49894.html'),
(2, '灵隐寺', 30.246211, 120.112482, NULL, NULL, NULL, 1, NULL, NULL, '杭州市西湖区灵隐路法云弄1号', NULL, NULL, 'AAAAA级景区', 0, 'http://you.ctrip.com/sight/hangzhou14/2040.html'),
(3, '雷峰塔', 30.237545, 120.15623, NULL, NULL, NULL, 1, NULL, NULL, '杭州市西湖区南山路15号', NULL, NULL, 'AAAA级景区', 0, 'http://you.ctrip.com/sight/hangzhou14/2033.html'),
(4, '西溪湿地公园（东区）', 30.248348, 120.057856, NULL, NULL, NULL, 1, NULL, NULL, '杭州市西湖区天目山路518号周家村入口（南1门）', NULL, NULL, 'AAAAA级景区', 0, 'http://you.ctrip.com/sight/hangzhou14/25481.html'),
(5, '清河坊街', 30.245392, 120.176709, NULL, NULL, NULL, 1, NULL, NULL, '杭州市上城区河坊街（近华光路）', NULL, NULL, 'AAAA级景区', 0, 'http://you.ctrip.com/sight/hangzhou14/135781.html'),
(6, '三潭印月', 30.244082, 120.150684, NULL, NULL, NULL, 1, NULL, NULL, '杭州市西湖区西湖中部偏南', NULL, NULL, '市场价', 0, 'http://you.ctrip.com/sight/hangzhou14/2038.html'),
(7, '千岛湖景区', 29.593633, 119.016777, NULL, NULL, NULL, 1, NULL, NULL, '杭州市淳安县千岛湖镇', NULL, NULL, 'AAAAA级景区', 0, 'http://you.ctrip.com/sight/qiandaohu17/135831.html'),
(8, '白堤', 30.258308, 120.15248, NULL, NULL, NULL, 1, NULL, NULL, '杭州市西湖区白堤（断桥和平湖秋月之间）', NULL, NULL, '', 0, 'http://you.ctrip.com/sight/hangzhou14/2044.html'),
(9, '苏堤', 30.234706, 120.150793, NULL, NULL, NULL, 1, NULL, NULL, '杭州市西湖区苏公堤（北山路和南山路之间）', NULL, NULL, '', 0, 'http://you.ctrip.com/sight/hangzhou14/2036.html'),
(10, '曲院风荷', 30.257138, 120.140566, NULL, NULL, NULL, 1, NULL, NULL, '杭州市西湖区北山街89号（北山街与杨公堤交叉口东南）', NULL, NULL, '', 0, 'http://you.ctrip.com/sight/hangzhou14/2022.html'),
(11, '杭州宋城景区', 30.176543, 120.103968, NULL, NULL, NULL, 1, NULL, NULL, '杭州市西湖区之江路148号', NULL, NULL, 'AAAA级景区', 0, 'http://you.ctrip.com/sight/hangzhou14/4081.html'),
(12, '太子湾公园', 30.232561, 120.148903, NULL, NULL, NULL, 1, NULL, NULL, '杭州市西湖区南山路5-1号', NULL, NULL, '', 0, 'http://you.ctrip.com/sight/hangzhou14/18128.html'),
(13, '杭州灵隐（飞来峰）景区', 30.243021, 120.107263, NULL, NULL, NULL, 1, NULL, NULL, '杭州市西湖区灵隐路法云弄1号', NULL, NULL, '携程价', 0, 'http://you.ctrip.com/sight/hangzhou14/48020.html'),
(14, '断桥残雪', 30.265108, 120.158666, NULL, NULL, NULL, 1, NULL, NULL, '杭州市西湖区北山路与石函路交汇处（白堤北端）', NULL, NULL, '', 0, 'http://you.ctrip.com/sight/hangzhou14/2031.html'),
(15, '花港观鱼', 30.236859, 120.146626, NULL, NULL, NULL, 1, NULL, NULL, '杭州市西湖区西湖南面苏堤入口附近', NULL, NULL, '', 0, 'http://you.ctrip.com/sight/hangzhou14/2035.html'),
(16, '牛皋墓', 30.263696, 120.143689, NULL, NULL, NULL, 1, NULL, NULL, '杭州市栖霞岭剑门关紫云洞口', NULL, NULL, '', 0, 'http://you.ctrip.com/sight/hangzhou14/1462440.html'),
(17, '兜云亭', 30.198114, 120.100558, NULL, NULL, NULL, 1, NULL, NULL, '杭州市西湖区五云山下云栖坞内', NULL, NULL, '', 0, 'http://you.ctrip.com/sight/hangzhou14/1462699.html'),
(18, '美女坝', 30.267291, 120.399371, NULL, NULL, NULL, 1, NULL, NULL, '杭州市萧山区南阳经济开发区', NULL, NULL, '', 0, 'http://you.ctrip.com/sight/xiaoshan120060/143543.html'),
(19, '十二生肖石', 30.241204, 120.171509, NULL, NULL, NULL, 1, NULL, NULL, '杭州市上城区吴山景区', NULL, NULL, '', 0, 'http://you.ctrip.com/sight/hangzhou14/1418121.html'),
(20, '中共杭州小组纪念馆', 30.257746, 120.183915, NULL, NULL, NULL, 1, NULL, NULL, '杭州市上城区方古园3号', NULL, NULL, '', 0, 'http://you.ctrip.com/sight/hangzhou14/1477596.html'),
(21, '彻天彻地童玩中心', 30.354184, 120.008967, NULL, NULL, NULL, 1, NULL, NULL, '杭州市万科良渚文化村七贤郡商业街内', NULL, NULL, '市场价', 0, 'http://you.ctrip.com/sight/hangzhou14/1702558.html'),
(22, '新安江水上观坝', 29.480383, 119.245923, NULL, NULL, NULL, 1, NULL, NULL, '建德市新安江镇桐官峡谷', NULL, NULL, '', 0, 'http://you.ctrip.com/sight/jiande687/143291.html'),
(23, '富春江小三峡', 29.718229, 119.655179, NULL, NULL, NULL, 1, NULL, NULL, '杭州市桐庐县富春江镇云源路1号', NULL, NULL, '', 0, 'http://you.ctrip.com/sight/tonglu688/1414577.html'),
(24, '俞曲园墓（含右台仙馆）', 30.235322, 120.136722, NULL, NULL, NULL, 1, NULL, NULL, '杭州市西湖区三台山东麓', NULL, NULL, '', 0, 'http://you.ctrip.com/sight/hangzhou14/1417001.html'),
(25, '忠义亭', 30.24593, 120.176715, NULL, NULL, NULL, 1, NULL, NULL, '杭州市上城区河坊街', NULL, NULL, '', 0, 'http://you.ctrip.com/sight/hangzhou14/1418050.html'),
(26, '林海亭', 30.202157, 120.119998, NULL, NULL, NULL, 1, NULL, NULL, '杭州市西湖区九溪路', NULL, NULL, '', 0, 'http://you.ctrip.com/sight/hangzhou14/1464286.html'),
(27, '余杭蓝莓采摘', 30.328992, 119.901569, NULL, NULL, NULL, 1, NULL, NULL, '杭州市余杭区瓶窑镇塘埠村俞家弄', NULL, NULL, '', 0, 'http://you.ctrip.com/sight/hangzhou14/1703896.html'),
(28, '双泉村', 29.268291, 119.27209, NULL, NULL, NULL, 1, NULL, NULL, '杭州市建德市大慈岩镇双泉村', NULL, NULL, '', 0, 'http://you.ctrip.com/sight/jiande687/140198.html'),
(29, '孙花翁墓', 30.265545, 120.156386, NULL, NULL, NULL, 1, NULL, NULL, '杭州市西湖区北山路29至30号之间', NULL, NULL, '', 0, 'http://you.ctrip.com/sight/hangzhou14/1416664.html'),
(30, '牡丹亭', 30.235915, 120.145902, NULL, NULL, NULL, 1, NULL, NULL, '杭州市西湖区花港观鱼公园内', NULL, NULL, '', 0, 'http://you.ctrip.com/sight/hangzhou14/1463285.html'),
(31, '毛主席视察小营巷纪念馆', 30.259025, 120.183548, NULL, NULL, NULL, 1, NULL, NULL, '杭州市上城区小营巷56号', NULL, NULL, '', 0, 'http://you.ctrip.com/sight/hangzhou14/1418111.html'),
(32, '杭州基督教会崇一堂', 30.264827, 120.214884, NULL, NULL, NULL, 1, NULL, NULL, '杭州市江干区新塘路26号', NULL, NULL, '', 0, 'http://you.ctrip.com/sight/hangzhou14/1477946.html'),
(33, '唐云艺术馆', 30.239168, 120.161908, NULL, NULL, NULL, 1, NULL, NULL, '杭州市上城区南山路45号', NULL, NULL, '', 0, 'http://you.ctrip.com/sight/hangzhou14/143821.html'),
(34, '老和山', 30.272789, 120.124267, NULL, NULL, NULL, 1, NULL, NULL, '杭州市西湖区浙大路38号', NULL, NULL, '', 0, 'http://you.ctrip.com/sight/hangzhou14/1739317.html'),
(35, '伴月湖', 30.039559, 118.999923, NULL, NULL, NULL, 1, NULL, NULL, '杭州市临安市顺溪镇大明山风景区内', NULL, NULL, '', 0, 'http://you.ctrip.com/sight/damingshan120550/134621.html'),
(36, '友好公园', 30.255929, 120.139409, NULL, NULL, NULL, 1, NULL, NULL, '杭州市西湖区西湖风景名胜区曲院风荷内', NULL, NULL, '', 0, 'http://you.ctrip.com/sight/hangzhou14/1477399.html'),
(37, '横河公园', 30.257465, 120.192765, NULL, NULL, NULL, 1, NULL, NULL, '杭州市上城区环城东路23-12号', NULL, NULL, '', 0, 'http://you.ctrip.com/sight/hangzhou14/116869.html'),
(38, '嗨go派儿童职业体验城', 30.443933, 120.23199, NULL, NULL, NULL, 1, NULL, NULL, '杭州市余杭区塘栖镇超山村东园北20公里', NULL, NULL, '市场价', 0, 'http://you.ctrip.com/sight/yuhang1429/141715.html'),
(39, '永安山', 29.876418, 119.931975, NULL, NULL, NULL, 1, NULL, NULL, '杭州市富阳区常安镇', NULL, NULL, '', 0, 'http://you.ctrip.com/sight/fuyang1513/135969.html'),
(40, '江寺公园', 30.169159, 120.277869, NULL, NULL, NULL, 1, NULL, NULL, '杭州市萧山区萧然东路158号', NULL, NULL, '', 0, 'http://you.ctrip.com/sight/xiaoshan120060/1418522.html'),
(41, '烟霞洞', 30.225938, 120.136873, NULL, NULL, NULL, 1, NULL, NULL, '杭州市西湖区南高峰翁家山村东侧', NULL, NULL, '', 0, 'http://you.ctrip.com/sight/hangzhou14/143826.html'),
(42, '月光岛系园', 29.620207, 119.010343, NULL, NULL, NULL, 1, NULL, NULL, '杭州市淳安县千岛湖中心湖区月光岛', NULL, NULL, '', 0, 'http://you.ctrip.com/sight/qiandaohu17/143590.html'),
(43, '茅乡水情', 30.244604, 120.13669, NULL, NULL, NULL, 1, NULL, NULL, '杭州市西湖区杨公堤西侧', NULL, NULL, '', 0, 'http://you.ctrip.com/sight/hangzhou14/1416531.html'),
(44, '六吊桥', 30.237304, 120.143493, NULL, NULL, NULL, 1, NULL, NULL, '杭州市西湖区苏堤上', NULL, NULL, '', 0, 'http://you.ctrip.com/sight/hangzhou14/1417255.html'),
(45, '天泽楼', 30.253675, 120.137371, NULL, NULL, NULL, 1, NULL, NULL, '杭州市西湖区杨公堤杭州花圃东北面', NULL, NULL, '', 0, 'http://you.ctrip.com/sight/hangzhou14/1418623.html'),
(46, '运河谷仓博物馆', 30.486244, 120.192074, NULL, NULL, NULL, 1, NULL, NULL, '杭州市余杭区塘栖镇乾隆御碑公园西南角', NULL, NULL, '', 0, 'http://you.ctrip.com/sight/yuhang1429/1417149.html'),
(47, '杭州基督教会天水堂', 30.274699, 120.17354, NULL, NULL, NULL, 1, NULL, NULL, '杭州市下城区耶稣堂弄2号', NULL, NULL, '', 0, 'http://you.ctrip.com/sight/hangzhou14/1477886.html'),
(48, '夏衍旧居', 30.279151, 120.208935, NULL, NULL, NULL, 1, NULL, NULL, '杭州市江干区严家弄50号', NULL, NULL, '', 0, 'http://you.ctrip.com/sight/hangzhou14/1416575.html'),
(49, '康庆渔家灯火休闲农庄', 29.507615, 119.37387, NULL, NULL, NULL, 1, NULL, NULL, '杭州市建德市下涯镇之江村新安江江边', NULL, NULL, '', 0, 'http://you.ctrip.com/sight/jiande687/135740.html'),
(50, '杭州笑海相声会馆', 30.254057, 120.175322, NULL, NULL, NULL, 1, NULL, NULL, '杭州市上城区青年路48号大华书场2楼(近涌金广场)', NULL, NULL, '', 0, 'http://you.ctrip.com/sight/hangzhou14/144091.html'),
(51, '盖叫天墓', 30.242592, 120.136939, NULL, NULL, NULL, 1, NULL, NULL, '杭州市西湖区杨公堤', NULL, NULL, '', 0, 'http://you.ctrip.com/sight/hangzhou14/143800.html'),
(52, '古艮山门', 30.28064, 120.18527, NULL, NULL, NULL, 1, NULL, NULL, '杭州市下城区环城北路与建国北路交叉口', NULL, NULL, '', 0, 'http://you.ctrip.com/sight/hangzhou14/1816174.html'),
(53, '深澳村', 29.857485, 119.843667, NULL, NULL, NULL, 1, NULL, NULL, '杭州市桐庐县富春江南岸天子岗北麓', NULL, NULL, '', 0, 'http://you.ctrip.com/sight/tonglu688/143919.html'),
(54, '绾波亭', 30.234519, 120.145325, NULL, NULL, NULL, 1, NULL, NULL, '杭州市西湖区花港观鱼景区内', NULL, NULL, '', 0, 'http://you.ctrip.com/sight/hangzhou14/1464011.html'),
(55, '广济桥', 30.364265, 120.217513, NULL, NULL, NULL, 1, NULL, NULL, '杭州市余杭区塘栖古镇', NULL, NULL, '', 0, 'http://you.ctrip.com/sight/yuhang1429/143802.html'),
(56, '十里荷花', 29.264975, 119.278416, NULL, NULL, NULL, 1, NULL, NULL, '杭州建德市大慈岩镇里叶村', NULL, NULL, '', 0, 'http://you.ctrip.com/sight/jiande687/49863.html'),
(57, '沙孟海旧居', 30.26751, 120.165141, NULL, NULL, NULL, 1, NULL, NULL, '杭州市下城区龙游路15号', NULL, NULL, '', 0, 'http://you.ctrip.com/sight/hangzhou14/1477889.html'),
(58, '凤凰寺', 30.251109, 120.17699, NULL, NULL, NULL, 1, NULL, NULL, '杭州市下城区中山北路227号（近凤起路）', NULL, NULL, '', 0, 'http://you.ctrip.com/sight/hangzhou14/143799.html'),
(59, '紫来洞', 30.220118, 120.152915, NULL, NULL, NULL, 1, NULL, NULL, '杭州市西湖区玉皇山景区内', NULL, NULL, '', 0, 'http://you.ctrip.com/sight/hangzhou14/143742.html'),
(60, '嘉绿苑公园', 30.284664, 120.124698, NULL, NULL, NULL, 1, NULL, NULL, '杭州市西湖区华星路', NULL, NULL, '', 0, 'http://you.ctrip.com/sight/hangzhou14/1473656.html'),
(61, '城东公园', 30.277467, 120.195334, NULL, NULL, NULL, 1, NULL, NULL, '杭州市下城区艮山西路401号', NULL, NULL, '', 0, 'http://you.ctrip.com/sight/hangzhou14/117072.html'),
(62, '章太炎纪念馆', 30.295142, 120.00572, NULL, NULL, NULL, 1, NULL, NULL, '杭州市上城区南山路2-1号', NULL, NULL, '', 0, 'http://you.ctrip.com/sight/hangzhou14/143830.html'),
(63, '竹素园', 30.257808, 120.140163, NULL, NULL, NULL, 1, NULL, NULL, '杭州市西湖区北山路北山街87-2', NULL, NULL, '', 0, 'http://you.ctrip.com/sight/hangzhou14/1417770.html'),
(64, '丁家山', 30.244815, 120.136185, NULL, NULL, NULL, 1, NULL, NULL, '杭州市西湖区南高峰下（近毛家埠）', NULL, NULL, '', 0, 'http://you.ctrip.com/sight/hangzhou14/1417296.html'),
(65, '龚自珍纪念馆', 30.253566, 120.190187, NULL, NULL, NULL, 1, NULL, NULL, '杭州市上城区解放路马坡巷6号小采园', NULL, NULL, '', 0, 'http://you.ctrip.com/sight/hangzhou14/143801.html'),
(66, '吉鸿公园', 30.338624, 120.072068, NULL, NULL, NULL, 1, NULL, NULL, '杭州市西湖区三墩镇通济北路', NULL, NULL, '', 0, 'http://you.ctrip.com/sight/hangzhou14/1473456.html'),
(67, '天都公园', 30.400669, 120.254296, NULL, NULL, NULL, 1, NULL, NULL, '杭州市余杭区天鹤路', NULL, NULL, '', 0, 'http://you.ctrip.com/sight/yuhang1429/1469035.html'),
(68, '龙岗镇五星村', 30.260522, 119.065706, NULL, NULL, NULL, 1, NULL, NULL, '杭州临安市龙岗镇五星村', NULL, NULL, '', 0, 'http://you.ctrip.com/sight/linan88/139845.html'),
(69, '左邻右舍休闲农庄', 30.375171, 120.112403, NULL, NULL, NULL, 1, NULL, NULL, '杭州市（勾庄）农副产品物流中心棕榈路横塘上公交站往南100米', NULL, NULL, '', 0, 'http://you.ctrip.com/sight/hangzhou14/1412087.html'),
(70, '五洋公园', 30.26418, 120.186237, NULL, NULL, NULL, 1, NULL, NULL, '杭州市下城区庆春路', NULL, NULL, '', 0, 'http://you.ctrip.com/sight/hangzhou14/117046.html'),
(71, '香莲岛', 30.045898, 119.606397, NULL, NULL, NULL, 1, NULL, NULL, '杭州市富阳区洞桥镇大溪村', NULL, NULL, '', 0, 'http://you.ctrip.com/sight/hangzhou14/139866.html'),
(72, '天下第一财神庙', 30.251671, 120.104413, NULL, NULL, NULL, 1, NULL, NULL, '杭州市西湖区飞来峰西北', NULL, NULL, '', 0, 'http://you.ctrip.com/sight/hangzhou14/143822.html'),
(73, '超山大明堂', NULL, NULL, NULL, NULL, NULL, 1, NULL, NULL, '杭州市余杭区塘栖镇超山风景区内', NULL, NULL, '', 0, 'http://you.ctrip.com/sight/hangzhou14/144512.html'),
(74, '武状元坊', 30.232186, 120.142848, NULL, NULL, NULL, 1, NULL, NULL, '杭州市西湖区三台山路', NULL, NULL, '', 0, 'http://you.ctrip.com/sight/hangzhou14/1416764.html'),
(75, '蒋庄', 30.237725, 120.148488, NULL, NULL, NULL, 1, NULL, NULL, '杭州市西湖区花港公园东大门附近', NULL, NULL, '', 0, 'http://you.ctrip.com/sight/hangzhou14/1416981.html'),
(76, '西文公园', 30.324893, 120.173565, NULL, NULL, NULL, 1, NULL, NULL, '杭州市下城区漾河弄', NULL, NULL, '', 0, 'http://you.ctrip.com/sight/hangzhou14/1473848.html'),
(77, '古钱塘门', 30.263774, 120.165517, NULL, NULL, NULL, 1, NULL, NULL, '杭州市上城区湖滨路湖滨路北端', NULL, NULL, '', 0, 'http://you.ctrip.com/sight/hangzhou14/1477900.html'),
(78, '九桥高尔夫', 30.336707, 120.411502, NULL, NULL, NULL, 1, NULL, NULL, '杭州市下沙经济开发区文海北路银海街（文汇北路农垦路）', NULL, NULL, '', 0, 'http://you.ctrip.com/sight/hangzhou14/1407301.html'),
(79, '下孙文化村', 30.163102, 120.240744, NULL, NULL, NULL, 1, NULL, NULL, '杭州市萧山区越王路108号', NULL, NULL, '', 0, 'http://you.ctrip.com/sight/hangzhou14/144530.html'),
(80, '八百里风情岛', 30.2583, 119.851171, NULL, NULL, NULL, 1, NULL, NULL, '杭州市临安市青山湖畔', NULL, NULL, '', 0, 'http://you.ctrip.com/sight/linan88/51917.html'),
(81, '欢乐水世界', 30.149744, 120.273876, NULL, NULL, NULL, 1, NULL, NULL, '千岛湖青溪新城珍珠半岛广场', NULL, NULL, '市场价', 0, 'http://you.ctrip.com/sight/qiandaohu17/1414515.html'),
(82, '天钟山', 29.985574, 119.944703, NULL, NULL, NULL, 1, NULL, NULL, '杭州市富阳区西南六公里处的富春江畔', NULL, NULL, '', 0, 'http://you.ctrip.com/sight/fuyang1513/141091.html'),
(83, '龙门峡谷', 30.046406, 118.990976, NULL, NULL, NULL, 1, NULL, NULL, '杭州市临安市顺溪镇大明山风景区内（近入口处）', NULL, NULL, '', 0, 'http://you.ctrip.com/sight/damingshan120550/134586.html'),
(84, '吴山书画院', 30.246858, 120.164698, NULL, NULL, NULL, 1, NULL, NULL, '杭州市南山路186号', NULL, NULL, '', 0, 'http://you.ctrip.com/sight/hangzhou14/132399.html'),
(85, '山核桃文化体验馆', 30.210303, 119.695187, NULL, NULL, NULL, 1, NULL, NULL, '杭州临安市玲珑工业园区锦溪南路998号（华兴汽车城过桥左转原临安茶厂内）', NULL, NULL, '市场价', 0, 'http://you.ctrip.com/sight/linan88/144640.html'),
(86, '大韩民国临时政府杭州旧址纪念馆', 30.262553, 120.167865, NULL, NULL, NULL, 1, NULL, NULL, '杭州市上城区长生路55号', NULL, NULL, '', 0, 'http://you.ctrip.com/sight/hangzhou14/1418046.html'),
(87, '荻浦村', 29.866028, 119.835261, NULL, NULL, NULL, 1, NULL, NULL, '杭州市桐庐县荻浦村', NULL, NULL, '', 0, 'http://you.ctrip.com/sight/tonglu688/144149.html'),
(88, '大明山庄', 30.209655, 119.669107, NULL, NULL, NULL, 1, NULL, NULL, '杭州市临安市顺溪镇大明山风景区内', NULL, NULL, '', 0, 'http://you.ctrip.com/sight/damingshan120550/134619.html'),
(89, '钱塘第一井', 30.244714, 120.176948, NULL, NULL, NULL, 1, NULL, NULL, '杭州市上城区大井巷22号', NULL, NULL, '', 0, 'http://you.ctrip.com/sight/hangzhou14/1416420.html'),
(90, '所前明良农业园', 30.366158, 119.873346, NULL, NULL, NULL, 1, NULL, NULL, '杭州市萧山区所前镇祥里王村第一小学对面樱桃园（明良农业）', NULL, NULL, '', 0, 'http://you.ctrip.com/sight/hangzhou14/1696566.html'),
(91, '东方水世界', 30.107817, 120.207226, NULL, NULL, NULL, 1, NULL, NULL, '杭州市萧山区义桥镇太东方文化园内', NULL, NULL, '', 0, 'http://you.ctrip.com/sight/xiaoshan120060/135682.html'),
(92, '三墩绿韵农庄', 30.315743, 120.057772, NULL, NULL, NULL, 1, NULL, NULL, '杭州市西湖科技园振华西路延伸段500米', NULL, NULL, '', 0, 'http://you.ctrip.com/sight/hangzhou14/116835.html'),
(93, '花源山庄', 30.414498, 119.949163, NULL, NULL, NULL, 1, NULL, NULL, '杭州市余杭区瓶窑窑北村毛元岭山茅坞', NULL, NULL, '', 0, 'http://you.ctrip.com/sight/hangzhou14/1409813.html'),
(94, '萧山ICI真人密室', 30.188422, 120.261189, NULL, NULL, NULL, 1, NULL, NULL, '杭州市萧山区北干天汇园3幢1001室', NULL, NULL, '', 0, 'http://you.ctrip.com/sight/hangzhou14/1493492.html'),
(95, 'ASK密室逃脱', 30.333528, 120.152285, NULL, NULL, NULL, 1, NULL, NULL, '杭州市拱墅区上塘路1060号拱北园二楼207室', NULL, NULL, '', 0, 'http://you.ctrip.com/sight/hangzhou14/1677801.html'),
(96, '千岛湖魔幻3D馆', 29.60833, 119.160886, NULL, NULL, NULL, 1, NULL, NULL, '杭州市淳安市进贤大道158号', NULL, NULL, '', 0, 'http://you.ctrip.com/sight/hangzhou14/144629.html'),
(97, '西溪人家', 30.28694, 120.068547, NULL, NULL, NULL, 1, NULL, NULL, '杭州市西湖区天目山路西溪湿地公园内', NULL, NULL, '', 0, 'http://you.ctrip.com/sight/hangzhou14/1673094.html'),
(98, '航坞公园', 30.183037, 120.450401, NULL, NULL, NULL, 1, NULL, NULL, '杭州市萧山区瓜沥镇东恩村', NULL, NULL, '', 0, 'http://you.ctrip.com/sight/hangzhou14/116867.html'),
(99, '龙塘山', 30.125648, 118.908356, NULL, NULL, NULL, 1, NULL, NULL, '杭州市临安市境内', NULL, NULL, '', 0, 'http://you.ctrip.com/sight/linan88/4141.html'),
(100, '倒挂莲花峰 ', 30.344164, 119.446525, NULL, NULL, NULL, 1, NULL, NULL, '杭州市临安市西天目乡天目山风景区内', NULL, NULL, '', 0, 'http://you.ctrip.com/sight/tianmushan1435/74713.html'),
(101, '江湖汇观亭', 30.238552, 120.172771, NULL, NULL, NULL, 1, NULL, NULL, '杭州市上城区吴山紫阳山顶', NULL, NULL, '', 0, 'http://you.ctrip.com/sight/hangzhou14/1416433.html'),
(102, '杭州神博乐园', 30.272952, 120.306382, NULL, NULL, NULL, 1, NULL, NULL, '杭州市萧山区宁围镇顺坝村', NULL, NULL, '', 0, 'http://you.ctrip.com/sight/xiaoshan120060/135705.html'),
(103, '和睦公园', 30.316874, 120.131006, NULL, NULL, NULL, 1, NULL, NULL, '杭州市拱墅区莫干山路630和睦社区', NULL, NULL, '', 0, 'http://you.ctrip.com/sight/hangzhou14/1473318.html'),
(104, '台北纯K', 30.263603, 120.165878, NULL, NULL, NULL, 1, NULL, NULL, '杭州市上城区湖滨路50号西湖国贸中心（庆春路口）', NULL, NULL, '', 0, 'http://you.ctrip.com/sight/hangzhou14/1701260.html'),
(105, '杭州天主教堂', 30.273389, 120.174258, NULL, NULL, NULL, 1, NULL, NULL, '杭州市下城区中山北路415号', NULL, NULL, '', 0, 'http://you.ctrip.com/sight/hangzhou14/1476897.html'),
(106, '冲天树', NULL, NULL, NULL, NULL, NULL, 1, NULL, NULL, '杭州市临安市西天目乡天目山风景区内开山老殿前', NULL, NULL, '', 0, 'http://you.ctrip.com/sight/tianmushan1435/74712.html'),
(107, '蕃茄田艺术（银座中心）', 30.287946, 120.118154, NULL, NULL, NULL, 1, NULL, NULL, '杭州市西湖区文二西路121号南都银座2楼', NULL, NULL, '', 0, 'http://you.ctrip.com/sight/hangzhou14/1684422.html'),
(108, '青泥陶艺工坊', 30.290784, 120.122347, NULL, NULL, NULL, 1, NULL, NULL, '杭州市西湖区高技街37号（毛家桥路与高技街交叉口）', NULL, NULL, '', 0, 'http://you.ctrip.com/sight/hangzhou14/1696072.html'),
(109, '十二匠手艺坊', NULL, NULL, NULL, NULL, NULL, 1, NULL, NULL, '杭州市上城区五柳巷斗富一桥东河下27号', NULL, NULL, '', 0, 'http://you.ctrip.com/sight/hangzhou14/1701297.html'),
(110, '人可艺术中心', 30.264266, 120.175939, NULL, NULL, NULL, 1, NULL, NULL, '杭州市下城区中山北路1号', NULL, NULL, '', 0, 'http://you.ctrip.com/sight/hangzhou14/1703866.html'),
(111, '金衙庄公园', 30.254572, 120.192585, NULL, NULL, NULL, 1, NULL, NULL, '杭州市上城区环城东路', NULL, NULL, '', 0, 'http://you.ctrip.com/sight/hangzhou14/117292.html'),
(112, '功臣塔', 30.233224, 119.743298, NULL, NULL, NULL, 1, NULL, NULL, '杭州市临安市钱王大街功臣山顶', NULL, NULL, '', 0, 'http://you.ctrip.com/sight/linan88/4143.html'),
(113, '采荷公园', 30.261201, 120.204228, NULL, NULL, NULL, 1, NULL, NULL, '杭州市江干区五安路', NULL, NULL, '', 0, 'http://you.ctrip.com/sight/hangzhou14/1477443.html'),
(114, '指南村', 30.366758, 119.584532, NULL, NULL, NULL, 1, NULL, NULL, '杭州市临安市太湖源镇指南村', NULL, NULL, '', 0, 'http://you.ctrip.com/sight/linan88/135941.html'),
(115, '艮山运河公园', 30.281982, 120.192874, NULL, NULL, NULL, 1, NULL, NULL, '杭州市下城区艮山西路（朝晖路与艮山西路交叉口）', NULL, NULL, '', 0, 'http://you.ctrip.com/sight/hangzhou14/117289.html'),
(116, '秋水山庄', 30.261474, 120.149421, NULL, NULL, NULL, 1, NULL, NULL, '杭州市西湖区北山路38号（近断桥）', NULL, NULL, '', 0, 'http://you.ctrip.com/sight/hangzhou14/143817.html'),
(117, '放鹤亭', 30.25961, 120.149983, NULL, NULL, NULL, 1, NULL, NULL, '杭州市西湖区孤山东北坡', NULL, NULL, '', 0, 'http://you.ctrip.com/sight/hangzhou14/1464166.html'),
(118, '东园公园', 30.274278, 120.190748, NULL, NULL, NULL, 1, NULL, NULL, '杭州市下城区大树路90号', NULL, NULL, '', 0, 'http://you.ctrip.com/sight/hangzhou14/117047.html'),
(119, '东瀑大峡谷', 30.348169, 119.532402, NULL, NULL, NULL, 1, NULL, NULL, '杭州市临安市太湖源镇东天目山景区内', NULL, NULL, '', 0, 'http://you.ctrip.com/sight/tianmushan1435/135683.html'),
(120, '1933照相馆', 30.324613, 120.161648, NULL, NULL, NULL, 1, NULL, NULL, '杭州市拱墅区舟山东路66号春晓网吧5楼', NULL, NULL, '', 0, 'http://you.ctrip.com/sight/hangzhou14/1694572.html'),
(121, '风雨亭', 30.257411, 120.142867, NULL, NULL, NULL, 1, NULL, NULL, '杭州市西湖区孤山路（近楼外楼）', NULL, NULL, '', 0, 'http://you.ctrip.com/sight/hangzhou14/1418341.html'),
(122, '浙西三峡快艇飞舟', 30.133847, 119.248146, NULL, NULL, NULL, 1, NULL, NULL, '杭州市临安市昌化镇河桥古镇朱秀村', NULL, NULL, '市场价', 0, 'http://you.ctrip.com/sight/linan88/141741.html'),
(123, '1号基地密室逃脱俱乐部', 30.278652, 120.18589, NULL, NULL, NULL, 1, NULL, NULL, '杭州市下城区建国北路615号', NULL, NULL, '', 0, 'http://you.ctrip.com/sight/hangzhou14/1482627.html'),
(124, '君临童子军', 30.410364, 120.315817, NULL, NULL, NULL, 1, NULL, NULL, '杭州市余杭区南苑街道南大街271号君临广场', NULL, NULL, '', 0, 'http://you.ctrip.com/sight/hangzhou14/1488046.html'),
(125, '法华寺', 30.254517, 120.099782, NULL, NULL, NULL, 1, NULL, NULL, '杭州市西湖区西溪路西马路老东岳村', NULL, NULL, '', 0, 'http://you.ctrip.com/sight/hangzhou14/144058.html'),
(126, '山果湾生态休闲农庄', 30.419287, 119.818482, NULL, NULL, NULL, 1, NULL, NULL, '杭州市余杭区径山镇四岭村', NULL, NULL, '', 0, 'http://you.ctrip.com/sight/hangzhou14/1413117.html'),
(127, '中国财税博物馆', 30.243832, 120.17091, NULL, NULL, NULL, 1, NULL, NULL, '杭州市上城区河坊街吴山广场28号', NULL, NULL, '', 0, 'http://you.ctrip.com/sight/hangzhou14/1416871.html'),
(128, '初阳台', 30.265233, 120.148168, NULL, NULL, NULL, 1, NULL, NULL, '杭州市西湖区宝石山西面葛岭山顶', NULL, NULL, '', 0, 'http://you.ctrip.com/sight/hangzhou14/143797.html'),
(129, '龚佳育墓', 30.205925, 120.139154, NULL, NULL, NULL, 1, NULL, NULL, '杭州市西湖区六和塔景区东侧山坞内', NULL, NULL, '', 0, 'http://you.ctrip.com/sight/hangzhou14/1416727.html'),
(130, '大关科普公园', 30.306983, 120.166845, NULL, NULL, NULL, 1, NULL, NULL, '杭州市拱墅区德苑路与八丈井东路交叉口', NULL, NULL, '', 0, 'http://you.ctrip.com/sight/hangzhou14/1471309.html'),
(131, '进贤湾马术公园', 29.650093, 119.039143, NULL, NULL, NULL, 1, NULL, NULL, '杭州市淳安千岛湖镇进贤湾（千岛湖大桥旁）马术公园', NULL, NULL, '市场价', 0, 'http://you.ctrip.com/sight/qiandaohu17/1458890.html'),
(132, '寂照亭', 30.23753, 120.148865, NULL, NULL, NULL, 1, NULL, NULL, '杭州市西湖区花港观鱼公园内', NULL, NULL, '', 0, 'http://you.ctrip.com/sight/hangzhou14/1462551.html'),
(133, '翠光亭', 30.24696, 120.161257, NULL, NULL, NULL, 1, NULL, NULL, '杭州市上城区南山路85号柳浪闻莺公园内', NULL, NULL, '', 0, 'http://you.ctrip.com/sight/hangzhou14/1469041.html'),
(134, '湘野休闲农庄', 30.119798, 120.215718, NULL, NULL, NULL, 1, NULL, NULL, '杭州市萧山区亚太路（湘湖旅游度假区内）', NULL, NULL, '', 0, 'http://you.ctrip.com/sight/xiaoshan120060/135797.html'),
(135, '兰里公园', 30.328611, 120.09045, NULL, NULL, NULL, 1, NULL, NULL, '杭州市西湖区三墩镇公园路（金源公寓附近）', NULL, NULL, '', 0, 'http://you.ctrip.com/sight/hangzhou14/1473048.html'),
(136, '万向公园', 30.277405, 120.164105, NULL, NULL, NULL, 1, NULL, NULL, '杭州市下城区武林路', NULL, NULL, '', 0, 'http://you.ctrip.com/sight/hangzhou14/117050.html'),
(137, '永福桥', 30.270481, 120.081822, NULL, NULL, NULL, 1, NULL, NULL, '杭州市西湖区乌龟潭景区内（景行桥西北）', NULL, NULL, '', 0, 'http://you.ctrip.com/sight/hangzhou14/1417082.html'),
(138, '臻奇汇艺术中心', NULL, NULL, NULL, NULL, NULL, 1, NULL, NULL, '杭州市滨江区江南大道与信诚路交叉口智汇中心裙楼一楼（浙江省儿保医院对面）', NULL, NULL, '市场价', 0, 'http://you.ctrip.com/sight/hangzhou14/1753580.html'),
(139, '西径山', 30.286878, 119.735969, NULL, NULL, NULL, 1, NULL, NULL, '杭州市临安市府锦城东北集贤古村', NULL, NULL, '市场价', 0, 'http://you.ctrip.com/sight/linan88/51924.html'),
(140, '回春堂', 30.245759, 120.17699, NULL, NULL, NULL, 1, NULL, NULL, '杭州市上城区河坊街117号(近中山中路)', NULL, NULL, '', 0, 'http://you.ctrip.com/sight/hangzhou14/143902.html'),
(141, '康春侬园', 30.298307, 119.873918, NULL, NULL, NULL, 1, NULL, NULL, '杭州市余杭区余杭街道义桥村康村', NULL, NULL, '', 0, 'http://you.ctrip.com/sight/hangzhou14/1412894.html'),
(142, '颠九宫真人密室逃亡', NULL, NULL, NULL, NULL, NULL, 1, NULL, NULL, '浙江杭州江干区下沙天城东路234号3楼', NULL, NULL, '', 0, 'http://you.ctrip.com/sight/hangzhou14/1446938.html'),
(143, '俞曲园纪念馆', 30.256685, 120.145577, NULL, NULL, NULL, 1, NULL, NULL, '杭州市西湖区后孤山路1号', NULL, NULL, '', 0, 'http://you.ctrip.com/sight/hangzhou14/143827.html'),
(144, '杭州城市规划展览馆', 30.252895, 120.218304, NULL, NULL, NULL, 1, NULL, NULL, '杭州市江干区富春路188号裙楼L座', NULL, NULL, '', 0, 'http://you.ctrip.com/sight/hangzhou14/1477579.html'),
(145, '新安江水世界', 29.372245, 119.220205, NULL, NULL, NULL, 1, NULL, NULL, '杭州市建德市寿昌镇境内', NULL, NULL, '', 0, 'http://you.ctrip.com/sight/jiande687/134462.html'),
(146, '杨梅岭', 29.96272, 120.053244, NULL, NULL, NULL, 1, NULL, NULL, '杭州市西湖区满觉陇路', NULL, NULL, '', 0, 'http://you.ctrip.com/sight/hangzhou14/1475931.html'),
(147, '香韵佳香草文化园', 30.243083, 119.964254, NULL, NULL, NULL, 1, NULL, NULL, '杭州市余杭区余杭街道东西大道南187号', NULL, NULL, '市场价', 0, 'http://you.ctrip.com/sight/yuhang1429/116858.html'),
(148, '西溪湿地真人CS', 30.26078, 120.066781, NULL, NULL, NULL, 1, NULL, NULL, '杭州市西湖区紫金港路', NULL, NULL, '', 0, 'http://you.ctrip.com/sight/hangzhou14/1412088.html'),
(149, '韩巧儿巧克力DIY馆', 30.188921, 120.154533, NULL, NULL, NULL, 1, NULL, NULL, '杭州市滨江区垃圾街褚家潭89-3号', NULL, NULL, '', 0, 'http://you.ctrip.com/sight/hangzhou14/1696257.html'),
(150, '小原流·川澜花道教室', NULL, NULL, NULL, NULL, NULL, 1, NULL, NULL, '杭州市江干区6号大街3号路口下沙和达创意园4号楼一楼', NULL, NULL, '', 0, 'http://you.ctrip.com/sight/hangzhou14/1702379.html'),
(151, '南江公园', 30.155436, 120.276921, NULL, NULL, NULL, 1, NULL, NULL, '杭州市萧山区道源路(高桥路口)', NULL, NULL, '', 0, 'http://you.ctrip.com/sight/xiaoshan120060/144223.html'),
(152, '杭州和平国际会展中心', 30.29628, 120.182628, NULL, NULL, NULL, 1, NULL, NULL, '杭州市下城区绍兴路158号', NULL, NULL, '', 0, 'http://you.ctrip.com/sight/hangzhou14/1477428.html'),
(153, '万米隧道', NULL, NULL, NULL, NULL, NULL, 1, NULL, NULL, '杭州市临安市顺溪镇大明山风景区内', NULL, NULL, '', 0, 'http://you.ctrip.com/sight/damingshan120550/134592.html'),
(154, '姗娜娜养生会所', 30.243801, 120.218717, NULL, NULL, NULL, 1, NULL, NULL, '杭州市下城区凤起路539号204（温德姆酒店正对面）', NULL, NULL, '', 0, 'http://you.ctrip.com/sight/hangzhou14/1511328.html'),
(155, '湖天一碧', 30.256951, 120.151174, NULL, NULL, NULL, 1, NULL, NULL, '杭州市西湖区孤山路（近平湖秋月）', NULL, NULL, '', 0, 'http://you.ctrip.com/sight/hangzhou14/1416773.html'),
(156, '贵人阁', NULL, NULL, NULL, NULL, NULL, 1, NULL, NULL, '杭州市西湖区虎跑路39号虎跑公园虎跑山上', NULL, NULL, '', 0, 'http://you.ctrip.com/sight/hangzhou14/1476737.html'),
(157, '双灵村', 30.136752, 120.034169, NULL, NULL, NULL, 1, NULL, NULL, '杭州市西湖区双浦镇', NULL, NULL, '', 0, 'http://you.ctrip.com/sight/hangzhou14/139851.html'),
(158, '杭州世界钱币博物馆', 30.245915, 120.1752, NULL, NULL, NULL, 1, NULL, NULL, '杭州市上城区河坊街178号', NULL, NULL, '', 0, 'http://you.ctrip.com/sight/hangzhou14/1416865.html'),
(159, '曼妙时光情侣私人影院', 30.321308, 120.339542, NULL, NULL, NULL, 1, NULL, NULL, '杭州市江干区学林街1261-3号翰思快捷酒店6楼（近高沙商业街）', NULL, NULL, '', 0, 'http://you.ctrip.com/sight/hangzhou14/1696699.html'),
(160, '奥兰德海洋村（砂之船店）', 30.250977, 120.21885, NULL, NULL, NULL, 1, NULL, NULL, '杭州市江干区解放东路8号砂之船国际生活广场猎户街27号', NULL, NULL, '', 0, 'http://you.ctrip.com/sight/hangzhou14/20194.html'),
(161, '一线天', 30.246422, 120.11039, NULL, NULL, NULL, 1, NULL, NULL, '杭州市西湖区飞来峰景区内', NULL, NULL, '', 0, 'http://you.ctrip.com/sight/hangzhou14/1477616.html'),
(162, '中国滑翔伞训练基地', 29.876418, 119.931975, NULL, NULL, NULL, 1, NULL, NULL, '杭州市富阳区常安镇永安山滑翔伞基地', NULL, NULL, '市场价', 0, 'http://you.ctrip.com/sight/fuyang1513/1409647.html'),
(163, '墅园', 30.298462, 120.150931, NULL, NULL, NULL, 1, NULL, NULL, '杭州市拱墅区莫干山路与湖墅南路之间', NULL, NULL, '', 0, 'http://you.ctrip.com/sight/hangzhou14/117297.html'),
(164, '栖霞岭', 30.25823, 120.140002, NULL, NULL, NULL, 1, NULL, NULL, '杭州市西湖区葛岭西面、岳王庙后面', NULL, NULL, '', 0, 'http://you.ctrip.com/sight/hangzhou14/1476641.html'),
(165, '茂源牙雕收藏馆', 30.250454, 120.177074, NULL, NULL, NULL, 1, NULL, NULL, '杭州市上城区中山中路201号', NULL, NULL, '', 0, 'http://you.ctrip.com/sight/hangzhou14/132393.html'),
(166, '杭州消防主题公园', 30.323202, 120.355975, NULL, NULL, NULL, 1, NULL, NULL, '杭州市江干区文泽路', NULL, NULL, '', 0, 'http://you.ctrip.com/sight/hangzhou14/1472416.html'),
(167, '釜托寺', 30.553598, 119.731526, NULL, NULL, NULL, 1, NULL, NULL, '杭州市余杭区百丈镇釜托寺（釜托风景区内）', NULL, NULL, '', 0, 'http://you.ctrip.com/sight/hangzhou14/144525.html'),
(168, '福堤', 30.266566, 120.083256, NULL, NULL, NULL, 1, NULL, NULL, '杭州市西湖区天目山路西溪湿地公园内', NULL, NULL, '', 0, 'http://you.ctrip.com/sight/hangzhou14/1673206.html'),
(169, '霁虹桥', 30.23313, 120.142156, NULL, NULL, NULL, 1, NULL, NULL, '杭州市西湖区花港公园以西的浴鹄湾', NULL, NULL, '', 0, 'http://you.ctrip.com/sight/hangzhou14/1417036.html'),
(170, '云濛溪景区', NULL, NULL, NULL, NULL, NULL, 1, NULL, NULL, '杭州淳安县千岛湖界首乡云濛村（原坎脚村）', NULL, NULL, '市场价', 0, 'http://you.ctrip.com/sight/qiandaohu17/141752.html'),
(171, '杭州图书馆', 30.251811, 120.214744, NULL, NULL, NULL, 1, NULL, NULL, '杭州市江干区解放东路58号市民中心J楼', NULL, NULL, '', 0, 'http://you.ctrip.com/sight/hangzhou14/1416502.html'),
(172, '嬉水滩', NULL, NULL, NULL, NULL, NULL, 1, NULL, NULL, '杭州市临安市浙西大峡谷景区内', NULL, NULL, '', 0, 'http://you.ctrip.com/sight/linan88/16634.html'),
(173, '午潮山国家森林公园', 30.195844, 120.008021, NULL, NULL, NULL, 1, NULL, NULL, '杭州市高教园区浙江省林科院午潮山', NULL, NULL, '', 0, 'http://you.ctrip.com/sight/hangzhou14/116818.html'),
(174, '湍口温泉', 30.050923, 119.172667, NULL, NULL, NULL, 1, NULL, NULL, '杭州市临安市湍口镇湍口村', NULL, NULL, '', 0, 'http://you.ctrip.com/sight/linan88/4142.html'),
(175, '景行古桥', 30.239027, 120.142712, NULL, NULL, NULL, 1, NULL, NULL, '杭州市西湖区松鹤山庄东', NULL, NULL, '', 0, 'http://you.ctrip.com/sight/hangzhou14/1417084.html'),
(176, '龙井泉', 30.228247, 120.117943, NULL, NULL, NULL, 1, NULL, NULL, '杭州市西湖区风篁岭', NULL, NULL, '', 0, 'http://you.ctrip.com/sight/hangzhou14/143499.html'),
(177, '阳力农庄', 30.329912, 120.468363, NULL, NULL, NULL, 1, NULL, NULL, '杭州市萧山区河庄街道江东村村口', NULL, NULL, '', 0, 'http://you.ctrip.com/sight/xiaoshan120060/135960.html'),
(178, '南宋太庙遗址', 30.238419, 120.176682, NULL, NULL, NULL, 1, NULL, NULL, '杭州市上城区中山南路西侧(近太庙巷)', NULL, NULL, '', 0, 'http://you.ctrip.com/sight/hangzhou14/143863.html'),
(179, '浙江革命烈士纪念馆', 30.235923, 120.166204, NULL, NULL, NULL, 1, NULL, NULL, '杭州市西湖区万松岭路100-1号', NULL, NULL, '', 0, 'http://you.ctrip.com/sight/hangzhou14/143831.html'),
(180, '虎跑定慧寺', 39.930302, 116.285343, NULL, NULL, NULL, 1, NULL, NULL, '杭州市西湖区虎跑路39号虎跑公园内大慈山白鹤峰下', NULL, NULL, '', 0, 'http://you.ctrip.com/sight/hangzhou14/1476652.html'),
(181, '浙商博物馆', 30.291844, 120.139924, NULL, NULL, NULL, 1, NULL, NULL, '杭州市西湖区教工路149号浙江工商大学西校区内', NULL, NULL, '', 0, 'http://you.ctrip.com/sight/hangzhou14/1417137.html'),
(182, '太子庵', 30.328096, 119.451402, NULL, NULL, NULL, 1, NULL, NULL, '杭州临安市天目山风景区禅源寺景区', NULL, NULL, '', 0, 'http://you.ctrip.com/sight/tianmushan1435/74714.html'),
(183, '周恩来纪念室', 30.210545, 120.095211, NULL, NULL, NULL, 1, NULL, NULL, '杭州市西湖区梅家坞村211号', NULL, NULL, '', 0, 'http://you.ctrip.com/sight/hangzhou14/1411975.html'),
(184, '黄宾虹纪念馆', 30.260078, 120.141167, NULL, NULL, NULL, 1, NULL, NULL, '杭州市西湖区岳王庙栖霞岭31号', NULL, NULL, '', 0, 'http://you.ctrip.com/sight/hangzhou14/143806.html'),
(185, '杭州孔庙', 30.24703, 120.168294, NULL, NULL, NULL, 1, NULL, NULL, '杭州市上城区劳动路65号', NULL, NULL, '', 0, 'http://you.ctrip.com/sight/hangzhou14/143883.html'),
(186, '浙江农林大学（东湖校区）', 30.264765, 119.728424, NULL, NULL, NULL, 1, NULL, NULL, '杭州市临安市环城北路88号', NULL, NULL, '', 0, 'http://you.ctrip.com/sight/linan88/1476747.html'),
(187, '丝联166创意园', 30.318635, 120.148522, NULL, NULL, NULL, 1, NULL, NULL, '杭州市拱墅区丽水路166号', NULL, NULL, '', 0, 'http://you.ctrip.com/sight/hangzhou14/143979.html'),
(188, '鱼乐园农庄', 30.126624, 120.257024, NULL, NULL, NULL, 1, NULL, NULL, '杭州市萧山区蜀山街道祝家桥村', NULL, NULL, '', 0, 'http://you.ctrip.com/sight/hangzhou14/135929.html'),
(189, '永丰公园', 30.352041, 120.192724, NULL, NULL, NULL, 1, NULL, NULL, '杭州市下城区', NULL, NULL, '', 0, 'http://you.ctrip.com/sight/hangzhou14/1473779.html'),
(190, '杭州体育馆', 30.275947, 120.179453, NULL, NULL, NULL, 1, NULL, NULL, '杭州市下城区体育场路210号', NULL, NULL, '', 0, 'http://you.ctrip.com/sight/hangzhou14/1418725.html'),
(191, '李叔同纪念馆', 30.703692, 121.033239, NULL, NULL, NULL, 1, NULL, NULL, '杭州市西湖区虎跑路47号虎跑公园内（近钱江一桥）', NULL, NULL, '', 0, 'http://you.ctrip.com/sight/hangzhou14/143808.html'),
(192, '西湖高尔夫', 30.179501, 120.06594, NULL, NULL, NULL, 1, NULL, NULL, '杭州市西湖区之江大道200号', NULL, NULL, '', 0, 'http://you.ctrip.com/sight/hangzhou14/1407305.html'),
(193, '萧山简慕真人游戏体验馆', 30.191848, 120.274113, NULL, NULL, NULL, 1, NULL, NULL, '杭州市萧山区金惠路358号汇通大厦1号楼5楼', NULL, NULL, '', 0, 'http://you.ctrip.com/sight/hangzhou14/1509080.html'),
(194, '新安江龙舟漂游', 29.482167, 119.23761, NULL, NULL, NULL, 1, NULL, NULL, '建德市新安江新电路到底紫金滩龙舟码头', NULL, NULL, '市场价', 0, 'http://you.ctrip.com/sight/jiande687/49797.html'),
(195, '松鹤山庄', 30.237873, 120.142729, NULL, NULL, NULL, 1, NULL, NULL, '杭州市西湖区杨公堤景行桥东南', NULL, NULL, '', 0, 'http://you.ctrip.com/sight/hangzhou14/1417027.html'),
(196, '富义仓遗址公园', 30.30123, 120.156063, NULL, NULL, NULL, 1, NULL, NULL, '杭州市拱墅区霞湾巷', NULL, NULL, '', 0, 'http://you.ctrip.com/sight/hangzhou14/1416548.html'),
(197, '浙江省人民大会堂', 30.269303, 120.161185, NULL, NULL, NULL, 1, NULL, NULL, '杭州市西湖区省府路9号', NULL, NULL, '', 0, 'http://you.ctrip.com/sight/hangzhou14/1685201.html'),
(198, '千岛湖农夫山泉生产基地', 29.597214, 119.060903, NULL, NULL, NULL, 1, NULL, NULL, '杭州市淳安县千岛湖镇千岛湖广场附近', NULL, NULL, '市场价', 0, 'http://you.ctrip.com/sight/chunan2249/143588.html'),
(199, '湖边邨建筑群', 30.262553, 120.167865, NULL, NULL, NULL, 1, NULL, NULL, '杭州市上城区长生路（蕲王路口）', NULL, NULL, '', 0, 'http://you.ctrip.com/sight/hangzhou14/1416371.html'),
(200, 'F2国际卡丁车赛车馆', 30.33073, 120.123242, NULL, NULL, NULL, 1, NULL, NULL, '杭州市拱墅区石祥路589号杭州汽车城C馆7楼', NULL, NULL, '', 0, 'http://you.ctrip.com/sight/hangzhou14/1687225.html'),
(201, '龙门飞渡索桥', 30.039461, 118.989934, NULL, NULL, NULL, 1, NULL, NULL, '杭州市临安市顺溪镇大明山风景区内', NULL, NULL, '', 0, 'http://you.ctrip.com/sight/damingshan120550/134605.html'),
(202, '乌龟潭', 30.238567, 120.139342, NULL, NULL, NULL, 1, NULL, NULL, '杭州市西湖区杨公堤谦祠景区对岸', NULL, NULL, '', 0, 'http://you.ctrip.com/sight/hangzhou14/1417005.html'),
(203, '千岛湖好运岛', 29.496409, 119.241703, NULL, NULL, NULL, 1, NULL, NULL, '杭州市建德市新安江镇千岛湖水域内好运岛景区', NULL, NULL, '市场价', 0, 'http://you.ctrip.com/sight/jiande687/135830.html'),
(204, '三里新城中央花园', 30.296163, 120.197595, NULL, NULL, NULL, 1, NULL, NULL, '杭州市江干区机场路1巷109号附近', NULL, NULL, '', 0, 'http://you.ctrip.com/sight/hangzhou14/1473773.html'),
(205, 'OMG剧情密室逃脱', 30.287291, 120.105903, NULL, NULL, NULL, 1, NULL, NULL, '杭州市西湖区文二西路489号颐景园综合楼', NULL, NULL, '', 0, 'http://you.ctrip.com/sight/hangzhou14/1678305.html'),
(206, '黎鹰乡村牧场', 30.434281, 119.746146, NULL, NULL, NULL, 1, NULL, NULL, '杭州市余杭区鸬鸟镇山沟沟村小泥山', NULL, NULL, '', 0, 'http://you.ctrip.com/sight/hangzhou14/1646808.html'),
(207, '千岛湖夜游', 29.609508, 119.038042, NULL, NULL, NULL, 1, NULL, NULL, '杭州市淳安县淳安县千岛湖镇夜游码头', NULL, NULL, '携程价', 0, 'http://you.ctrip.com/sight/qiandaohu17/135832.html'),
(208, '山里人家', 30.11173, 120.209259, NULL, NULL, NULL, 1, NULL, NULL, '杭州市萧山区闻堰镇湘湖农场', NULL, NULL, '', 0, 'http://you.ctrip.com/sight/xiaoshan120060/16052.html'),
(209, '阳山畈村', 29.859458, 119.639333, NULL, NULL, NULL, 1, NULL, NULL, '杭州市桐庐县横村镇阳山畈村', NULL, NULL, '', 0, 'http://you.ctrip.com/sight/tonglu688/135973.html'),
(210, '月亮湾漂流', 30.270566, 119.481663, NULL, NULL, NULL, 1, NULL, NULL, '杭州临安市天目山镇月亮桥村', NULL, NULL, '市场价', 0, 'http://you.ctrip.com/sight/linan88/141745.html'),
(211, '浙江大学城市学院南校区', 30.329655, 120.162007, NULL, NULL, NULL, 1, NULL, NULL, '杭州市拱墅区湖州街51号', NULL, NULL, '', 0, 'http://you.ctrip.com/sight/hangzhou14/1476776.html'),
(212, '风情小镇皋城村', 30.338577, 120.181448, NULL, NULL, NULL, 1, NULL, NULL, '杭州市江干区丁桥镇皋城村', NULL, NULL, '', 0, 'http://you.ctrip.com/sight/hangzhou14/139821.html'),
(213, '十五奎巷', 30.24352, 120.178451, NULL, NULL, NULL, 1, NULL, NULL, '杭州上城区十五奎巷（近中山南路）', NULL, NULL, '', 0, 'http://you.ctrip.com/sight/hangzhou14/1416536.html'),
(214, '余杭塘河', 30.298821, 120.108763, NULL, NULL, NULL, 1, NULL, NULL, '杭州市西湖区余杭塘路附近', NULL, NULL, '', 0, 'http://you.ctrip.com/sight/hangzhou14/1416616.html'),
(215, '三台梦迹', 30.234378, 120.140902, NULL, NULL, NULL, 1, NULL, NULL, '杭州市西湖区杨公堤景区三台山路', NULL, NULL, '', 0, 'http://you.ctrip.com/sight/hangzhou14/1476900.html'),
(216, '千岛湖宋家渔村蓝泊湾景区', 29.585433, 119.053538, NULL, NULL, NULL, 1, NULL, NULL, '杭州市淳安县千岛湖宋家坞村88号', NULL, NULL, '市场价', 0, 'http://you.ctrip.com/sight/qiandaohu17/1414458.html'),
(217, '运河天地', 30.330723, 120.143542, NULL, NULL, NULL, 1, NULL, NULL, '杭州市拱墅区小河路488号运河天地', NULL, NULL, '', 0, 'http://you.ctrip.com/sight/hangzhou14/144172.html'),
(218, '虾龙滩生态保护区', 30.272594, 120.073664, NULL, NULL, NULL, 1, NULL, NULL, '杭州市西湖区天目山路西溪湿地公园内中心位置', NULL, NULL, '', 0, 'http://you.ctrip.com/sight/hangzhou14/132408.html'),
(219, '情人谷景区', 29.497886, 119.2423, NULL, NULL, NULL, 1, NULL, NULL, '杭州市建德市新安江镇千岛湖水域内', NULL, NULL, '市场价', 0, 'http://you.ctrip.com/sight/jiande687/135839.html'),
(220, '陆游纪念馆', 30.267439, 120.173438, NULL, NULL, NULL, 1, NULL, NULL, '杭州市下城区孩儿巷98号', NULL, NULL, '', 0, 'http://you.ctrip.com/sight/hangzhou14/1418361.html'),
(221, '六公园', 30.264406, 120.164372, NULL, NULL, NULL, 1, NULL, NULL, '杭州市上城区湖滨路附近', NULL, NULL, '', 0, 'http://you.ctrip.com/sight/hangzhou14/1416581.html'),
(222, '临平公园', 30.432125, 120.298798, NULL, NULL, NULL, 1, NULL, NULL, '杭州市余杭区星光街382号 ‎', NULL, NULL, '', 0, 'http://you.ctrip.com/sight/yuhang1429/117256.html'),
(223, '梅竹山庄', 30.266075, 120.071904, NULL, NULL, NULL, 1, NULL, NULL, '杭州市西湖区天目山路西溪湿地公园内（近泊蓭）', NULL, NULL, '', 0, 'http://you.ctrip.com/sight/hangzhou14/132403.html'),
(224, '龙井山园', 30.219065, 120.102085, NULL, NULL, NULL, 1, NULL, NULL, '杭州市西湖区翁家山268号', NULL, NULL, '', 0, 'http://you.ctrip.com/sight/hangzhou14/18469.html'),
(225, '雷威乐园', 30.245267, 119.731713, NULL, NULL, NULL, 1, NULL, NULL, '杭州市临安市长桥路399号', NULL, NULL, '', 0, 'http://you.ctrip.com/sight/hangzhou14/144621.html'),
(226, '中国扇博物馆', 30.32487, 120.144498, NULL, NULL, NULL, 1, NULL, NULL, '杭州市拱墅区小河路450号', NULL, NULL, '', 0, 'http://you.ctrip.com/sight/hangzhou14/144175.html'),
(227, '圣果寺遗址', 30.226203, 120.167689, NULL, NULL, NULL, 1, NULL, NULL, '杭州市长城区凤凰山脚路', NULL, NULL, '', 0, 'http://you.ctrip.com/sight/hangzhou14/66717.html'),
(228, '古涌金门', 30.252248, 120.167104, NULL, NULL, NULL, 1, NULL, NULL, '杭州市上城区南山路', NULL, NULL, '', 0, 'http://you.ctrip.com/sight/hangzhou14/1417263.html'),
(229, '孩儿巷98号民居', 30.267533, 120.173495, NULL, NULL, NULL, 1, NULL, NULL, '杭州市下城区孩儿巷98号', NULL, NULL, '', 0, 'http://you.ctrip.com/sight/hangzhou14/1417462.html'),
(230, '奥兰多水上乐园', NULL, NULL, NULL, NULL, NULL, 1, NULL, NULL, '杭州市江干区下沙经济开发区下沙南路50号', NULL, NULL, '', 0, 'http://you.ctrip.com/sight/hangzhou14/1411488.html'),
(231, '鼓楼堂', 30.244183, 120.17825, NULL, NULL, NULL, 1, NULL, NULL, '杭州市上城区中河中路1号（近鼓楼）', NULL, NULL, '', 0, 'http://you.ctrip.com/sight/hangzhou14/108763.html'),
(232, '文澜阁', 30.256545, 120.149741, NULL, NULL, NULL, 1, NULL, NULL, '杭州市西湖区孤山路25号浙江省博物馆内（浙江美术馆对面）', NULL, NULL, '', 0, 'http://you.ctrip.com/sight/hangzhou14/144632.html'),
(233, '17楼密室逃脱', 30.188344, 120.261318, NULL, NULL, NULL, 1, NULL, NULL, '杭州市萧山区金城路天汇园3幢1702室', NULL, NULL, '', 0, 'http://you.ctrip.com/sight/hangzhou14/1481794.html'),
(234, '天子地', 29.789194, 119.376002, NULL, NULL, NULL, 1, NULL, NULL, '杭州市桐庐县西南45公里的百江镇罗山村境内', NULL, NULL, '市场价', 0, 'http://you.ctrip.com/sight/tonglu688/139867.html'),
(235, '杭州解放纪念碑', 30.203678, 120.14264, NULL, NULL, NULL, 1, NULL, NULL, '杭州市西湖区之江路1号（钱塘江大桥西，杭富路与之江路之间）', NULL, NULL, '', 0, 'http://you.ctrip.com/sight/hangzhou14/143804.html'),
(236, '喜悦真冰滑冰场', 36.065791, 120.401647, NULL, NULL, NULL, 1, NULL, NULL, '杭州市拱墅区丰登街299号城西银泰城2楼', NULL, NULL, '', 0, 'http://you.ctrip.com/sight/hangzhou14/1694597.html'),
(237, '三潭岛', 29.552075, 118.974962, NULL, NULL, NULL, 1, NULL, NULL, '杭州市千岛湖中心湖区与东南湖区交界', NULL, NULL, '', 0, 'http://you.ctrip.com/sight/qiandaohu17/43790.html'),
(238, '白乐桥', 30.250945, 120.115163, NULL, NULL, NULL, 1, NULL, NULL, '杭州市西湖区灵隐寺旁', NULL, NULL, '', 0, 'http://you.ctrip.com/sight/hangzhou14/1476707.html'),
(239, '林海归真景区', 29.597826, 119.229413, NULL, NULL, NULL, 1, NULL, NULL, '杭州市近郊千岛湖富文乡青田村', NULL, NULL, '市场价', 0, 'http://you.ctrip.com/sight/qiandaohu17/135751.html'),
(240, '明妃七峰', 30.042811, 118.989404, NULL, NULL, NULL, 1, NULL, NULL, '杭州市临安市顺溪镇大明山风景区内', NULL, NULL, '', 0, 'http://you.ctrip.com/sight/damingshan120550/134599.html'),
(241, '常绿镇', 29.867899, 120.086569, NULL, NULL, NULL, 1, NULL, NULL, '浙江省富阳市', NULL, NULL, '', 0, 'http://you.ctrip.com/sight/fuyang1513/1829840.html'),
(242, '浙江社会科学进修学院', 30.389167, 120.011002, NULL, NULL, NULL, 1, NULL, NULL, '浙江省杭州市古翠路50号', NULL, NULL, '', 0, 'http://you.ctrip.com/sight/hangzhou14/1835446.html'),
(243, '界首柑橘观光基地', NULL, NULL, NULL, NULL, NULL, 1, NULL, NULL, '杭州市淳安县界首乡', NULL, NULL, '', 0, 'http://you.ctrip.com/sight/chunan2249/1816168.html'),
(244, '金紫尖', 29.80593, 118.965005, NULL, NULL, NULL, 1, NULL, NULL, '杭州市淳安县北部左口、王阜两乡交界处', NULL, NULL, '', 0, 'http://you.ctrip.com/sight/chunan2249/1816208.html'),
(245, '太史第弄', NULL, NULL, NULL, NULL, NULL, 1, NULL, NULL, '杭州市余杭区塘栖镇市新街中段东侧', NULL, NULL, '', 0, 'http://you.ctrip.com/sight/tangqi120081/1816247.html'),
(246, '金沙湾童军基地', 31.204909, 121.706471, NULL, NULL, NULL, 1, NULL, NULL, '杭州市临安市杭徽高速藻溪（天目山景区方向）出口2公里处', NULL, NULL, '', 0, 'http://you.ctrip.com/sight/linan88/1840271.html');
INSERT INTO `scenelist` (`id`, `name`, `lat`, `lng`, `des`, `fee`, `province`, `cityid`, `district`, `street`, `address`, `tags`, `keywords`, `level`, `isblock`, `tips`) VALUES
(247, '幸福村', 29.894039, 119.892692, NULL, NULL, NULL, 1, NULL, NULL, '浙江富阳幸福村', NULL, NULL, '', 0, 'http://you.ctrip.com/sight/fuyang1513/1713998.html'),
(248, '“大树王国”西天目山', 30.294167, 119.460782, NULL, NULL, NULL, 1, NULL, NULL, '浙江省西北部临安市境内', NULL, NULL, '', 0, 'http://you.ctrip.com/sight/tianmushan1435/1827914.html'),
(249, '黄公望森林公园', 30.059684, 119.982857, NULL, NULL, NULL, 1, NULL, NULL, '浙江省富阳市庙山坞', NULL, NULL, '', 0, 'http://you.ctrip.com/sight/fuyang1513/1831352.html'),
(250, '山乐堂', 29.904403, 119.957895, NULL, NULL, NULL, 1, NULL, NULL, '浙江杭州富阳市龙门古镇', NULL, NULL, '', 0, 'http://you.ctrip.com/sight/fuyang1513/1833381.html'),
(251, '桃花山庄', 30.285264, 119.086188, NULL, NULL, NULL, 1, NULL, NULL, '浙江省临安市大峡谷镇', NULL, NULL, '', 0, 'http://you.ctrip.com/sight/linan88/1833919.html'),
(252, '天目山文华山庄', 30.330738, 119.467396, NULL, NULL, NULL, 1, NULL, NULL, '浙江省临安市西天目乡大有村', NULL, NULL, '', 0, 'http://you.ctrip.com/sight/linan88/1833995.html'),
(253, '西天目清凉山庄', 30.334385, 119.464391, NULL, NULL, NULL, 1, NULL, NULL, '浙江省临安市西天目乡张庄村', NULL, NULL, '', 0, 'http://you.ctrip.com/sight/tianmushan1435/1834484.html'),
(254, '西天目闲来居山庄', 30.321659, 119.454229, NULL, NULL, NULL, 1, NULL, NULL, '浙江省临安市西天目乡', NULL, NULL, '', 0, 'http://you.ctrip.com/sight/linan88/1834492.html'),
(255, '昭明禅寺', 30.264063, 120.098964, NULL, NULL, NULL, 1, NULL, NULL, '浙江省临安市东天目山', NULL, NULL, '', 0, 'http://you.ctrip.com/sight/linan88/1835413.html'),
(256, '禅缘寺', 30.326054, 119.454511, NULL, NULL, NULL, 1, NULL, NULL, '浙江省临安市西天目山景区内', NULL, NULL, '', 0, 'http://you.ctrip.com/sight/tianmushan1435/1829912.html'),
(257, '杭州弘一法师舍利塔', NULL, NULL, NULL, NULL, NULL, 1, NULL, NULL, '浙江省杭州市虎跑公园', NULL, NULL, '', 0, 'http://you.ctrip.com/sight/hangzhou14/1713926.html'),
(258, '古城村', 30.485599, 119.778368, NULL, NULL, NULL, 1, NULL, NULL, '浙江省杭州市富阳市古城村', NULL, NULL, '', 0, 'http://you.ctrip.com/sight/hangzhou14/1713936.html'),
(259, '大麓寺', 30.414717, 119.72315, NULL, NULL, NULL, 1, NULL, NULL, '杭州市余杭区', NULL, NULL, '', 0, 'http://you.ctrip.com/sight/hangzhou14/1830099.html'),
(260, '东湖村', 30.413253, 120.3216, NULL, NULL, NULL, 1, NULL, NULL, '杭州市临安市东湖村', NULL, NULL, '', 0, 'http://you.ctrip.com/sight/hangzhou14/1830269.html'),
(261, '杭州佛学院', 30.240533, 120.103233, NULL, NULL, NULL, 1, NULL, NULL, '杭州市西湖区天竺路112号（中天竺法净禅寺内）', NULL, NULL, '', 0, 'http://you.ctrip.com/sight/hangzhou14/1816037.html'),
(262, '杭州九墙系列', 30.244285, 120.17791, NULL, NULL, NULL, 1, NULL, NULL, '浙江省杭州市上城区中山南路(鼓楼附近)', NULL, NULL, '', 0, 'http://you.ctrip.com/sight/hangzhou14/1830964.html'),
(263, '杭州汪庄', 30.238544, 120.158859, NULL, NULL, NULL, 1, NULL, NULL, '浙江省杭州西湖区境内', NULL, NULL, '', 0, 'http://you.ctrip.com/sight/hangzhou14/1831033.html'),
(264, '洪氏宗祠', 30.271401, 120.053981, NULL, NULL, NULL, 1, NULL, NULL, '杭州市西湖区天目山路518号西溪国家湿地公园洪园内', NULL, NULL, '', 0, 'http://you.ctrip.com/sight/hangzhou14/1831165.html'),
(265, '莲花泉', 30.29628, 120.114097, NULL, NULL, NULL, 1, NULL, NULL, '杭州市西湖区天竺路112号法镜寺内', NULL, NULL, '', 0, 'http://you.ctrip.com/sight/hangzhou14/1832111.html'),
(266, '南山摩崖石刻', 30.400015, 119.965915, NULL, NULL, NULL, 1, NULL, NULL, '浙江省杭州市余杭区瓶窑镇', NULL, NULL, '', 0, 'http://you.ctrip.com/sight/hangzhou14/1832712.html'),
(267, '千佛庵', 30.166107, 119.488051, NULL, NULL, NULL, 1, NULL, NULL, '浙江省杭州市临安市东50公里', NULL, NULL, '', 0, 'http://you.ctrip.com/sight/hangzhou14/1832949.html'),
(268, '五老峰隧道', 30.226601, 120.137518, NULL, NULL, NULL, 1, NULL, NULL, '杭州市西湖区', NULL, NULL, '', 0, 'http://you.ctrip.com/sight/hangzhou14/1834370.html'),
(269, '塘栖水北粮站', 30.483622, 120.194135, NULL, NULL, NULL, 1, NULL, NULL, '杭州余杭区塘栖水北街95号至96号', NULL, NULL, '', 0, 'http://you.ctrip.com/sight/hangzhou14/1833945.html'),
(270, '西湖国际高尔夫乡村俱乐部', 30.175372, 120.073075, NULL, NULL, NULL, 1, NULL, NULL, '中国浙江省杭州市西湖区球场路之江路200号', NULL, NULL, '', 0, 'http://you.ctrip.com/sight/hangzhou14/1834531.html'),
(271, '浙江工业大学之江学院', 30.174623, 120.086108, NULL, NULL, NULL, 1, NULL, NULL, '中国浙江省杭州市西湖区之江路182号', NULL, NULL, '', 0, 'http://you.ctrip.com/sight/hangzhou14/1835363.html'),
(272, '方腊洞', 29.845417, 118.834092, NULL, NULL, NULL, 1, NULL, NULL, '杭州市淳安县西北部叶家乡', NULL, NULL, '', 0, 'http://you.ctrip.com/sight/chunan2249/1816213.html'),
(273, '水北粮站', NULL, NULL, NULL, NULL, NULL, 1, NULL, NULL, '杭州市余杭区塘栖镇水北街95、96号', NULL, NULL, '', 0, 'http://you.ctrip.com/sight/tangqi120081/1816226.html'),
(274, '天龙大峡谷', 30.191357, 119.405754, NULL, NULL, NULL, 1, NULL, NULL, '杭州市临安市柘林村', NULL, NULL, '', 0, 'http://you.ctrip.com/sight/linan88/1709666.html'),
(275, '龙井峡闯关', 30.185839, 119.11955, NULL, NULL, NULL, 1, NULL, NULL, '杭州市临安市龙岗镇龙井村龙井峡闯关', NULL, NULL, '市场价', 0, 'http://you.ctrip.com/sight/linan88/1838759.html'),
(276, '建德农夫山泉生产基地', 29.477977, 119.242856, NULL, NULL, NULL, 1, NULL, NULL, '杭州市建德市白小线附近', NULL, NULL, '', 0, 'http://you.ctrip.com/sight/jiande687/1839645.html'),
(277, '桐洲岛', 29.884857, 119.800326, NULL, NULL, NULL, 1, NULL, NULL, '杭州市富阳市新桐乡', NULL, NULL, '', 0, 'http://you.ctrip.com/sight/fuyang1513/1840267.html'),
(278, '千岛湖直升机观光体验飞行', 29.593633, 119.016777, NULL, NULL, NULL, 1, NULL, NULL, '杭州市建德寿吕镇302国道千岛湖通用机场', NULL, NULL, '市场价', 0, 'http://you.ctrip.com/sight/qiandaohu17/1840346.html'),
(279, '深澳古镇', 29.85714, 119.846307, NULL, NULL, NULL, 1, NULL, NULL, '杭州市桐庐县深澳清源村（近环溪古镇）', NULL, NULL, '', 0, 'http://you.ctrip.com/sight/tonglu688/1841016.html'),
(280, '珊瑚岭', 30.03755, 119.483777, NULL, NULL, NULL, 1, NULL, NULL, '杭州市桐庐县分水镇小源村松田水库', NULL, NULL, '', 0, 'http://you.ctrip.com/sight/tonglu688/1908325.html'),
(281, '兰陔别墅', NULL, NULL, NULL, NULL, NULL, 1, NULL, NULL, '浙江省杭州市西湖区花港观鱼侧南3.2 公里', NULL, NULL, '', 0, 'http://you.ctrip.com/sight/hangzhou14/1713888.html'),
(282, '乐之翼儿童乐园(下沙东东城店)', 30.302524, 120.3958, NULL, NULL, NULL, 1, NULL, NULL, '浙江省杭州市江干区下沙十号大街（二十七号路口东东城）', NULL, NULL, '', 0, 'http://you.ctrip.com/sight/hangzhou14/1832022.html'),
(283, '上江埠大桥', 29.542759, 118.977754, NULL, NULL, NULL, 1, NULL, NULL, '杭州市淳安县千岛湖环湖公路', NULL, NULL, '', 0, 'http://you.ctrip.com/sight/qiandaohu17/1816209.html'),
(284, 'From余杭融设计图书馆', NULL, NULL, NULL, NULL, NULL, 1, NULL, NULL, '杭州市余杭区五常大道156号（近丰岭路口）', NULL, NULL, '', 0, 'http://you.ctrip.com/sight/yuhang1429/1788252.html'),
(285, '千岛湖桐庐农庄', 30.340377, 120.112572, NULL, NULL, NULL, 1, NULL, NULL, '中国浙江省杭州市拱墅区上塘路', NULL, NULL, '', 0, 'http://you.ctrip.com/sight/hangzhou14/1713809.html'),
(286, '同安寺', 30.430544, 119.78736, NULL, NULL, NULL, 1, NULL, NULL, '中国浙江省杭州市余杭区', NULL, NULL, '', 0, 'http://you.ctrip.com/sight/hangzhou14/1713878.html'),
(287, '浙地山庄', 30.240829, 119.775598, NULL, NULL, NULL, 1, NULL, NULL, '杭州市临安市青山湖泥山湾', NULL, NULL, '', 0, 'http://you.ctrip.com/sight/linan88/1477882.html'),
(288, '荷花庄', 30.154702, 120.235516, NULL, NULL, NULL, 1, NULL, NULL, '杭州市萧山区风情大道2758号湘湖旅游度假区内', NULL, NULL, '', 0, 'http://you.ctrip.com/sight/xiaoshan120060/1477898.html'),
(289, '东明白庐艺术馆', 30.441746, 120.010827, NULL, NULL, NULL, 1, NULL, NULL, '杭州市余杭区东明山苑1号', NULL, NULL, '', 0, 'http://you.ctrip.com/sight/yuhang1429/1477921.html'),
(290, '迎曦堂', 29.906422, 119.960225, NULL, NULL, NULL, 1, NULL, NULL, '杭州市富阳区龙门古镇景区内', NULL, NULL, '', 0, 'http://you.ctrip.com/sight/fuyang1513/1477932.html'),
(291, '新远木马剧场', 30.282902, 120.170218, NULL, NULL, NULL, 1, NULL, NULL, '杭州市下城区西湖文化广场2楼', NULL, NULL, '', 0, 'http://you.ctrip.com/sight/hangzhou14/1816212.html'),
(292, '八百里风情岛真人CS', 30.2583, 119.851171, NULL, NULL, NULL, 1, NULL, NULL, '杭州市临安市青山湖八百里风情岛科技大道', NULL, NULL, '', 0, 'http://you.ctrip.com/sight/linan88/1412103.html'),
(293, '吴大羽故居', NULL, NULL, NULL, NULL, NULL, 1, NULL, NULL, '杭州市富阳区马岭山', NULL, NULL, '', 0, 'http://you.ctrip.com/sight/fuyang1513/1469186.html'),
(294, '萧山水利工程纪念堂', 30.140429, 120.168489, NULL, NULL, NULL, 1, NULL, NULL, '杭州市桐庐县闻堰镇黄山村', NULL, NULL, '', 0, 'http://you.ctrip.com/sight/tonglu688/1416298.html'),
(295, '绿美农场', 30.420424, 120.022499, NULL, NULL, NULL, 1, NULL, NULL, '杭州市余杭区良渚镇安溪村', NULL, NULL, '', 0, 'http://you.ctrip.com/sight/yuhang1429/1417741.html'),
(296, '新登战役纪念馆', 30.681697, 120.670595, NULL, NULL, NULL, 1, NULL, NULL, '杭州市富阳区新登城西塔山上', NULL, NULL, '', 0, 'http://you.ctrip.com/sight/fuyang1513/1418141.html'),
(297, '慈化寺', 29.840859, 119.61667, NULL, NULL, NULL, 1, NULL, NULL, '杭州市桐庐县横村镇镇中', NULL, NULL, '', 0, 'http://you.ctrip.com/sight/tonglu688/1418608.html'),
(298, 'TEACH创新学园', NULL, NULL, NULL, NULL, NULL, 1, NULL, NULL, '杭州市江干区新业路311号市民中心D座 1314-1315教室', NULL, NULL, '', 0, 'http://you.ctrip.com/sight/hangzhou14/1838786.html'),
(299, '阳光魅力庄园', 32.100586, 118.870559, NULL, NULL, NULL, 1, NULL, NULL, '杭州市萧山区钱江二桥南岸顺坝路东侧（晶星都市村）', NULL, NULL, '', 0, 'http://you.ctrip.com/sight/hangzhou14/1840260.html'),
(300, '千拓野外营地', NULL, NULL, NULL, NULL, NULL, 1, NULL, NULL, '杭州市萧山区宁围镇共建路', NULL, NULL, '', 0, 'http://you.ctrip.com/sight/hangzhou14/1840272.html'),
(301, '晶星都市村', 30.267533, 120.308338, NULL, NULL, NULL, 1, NULL, NULL, '杭州市萧山区钱江二桥南侧顺坝路东侧', NULL, NULL, '', 0, 'http://you.ctrip.com/sight/hangzhou14/1840277.html'),
(302, '凤凰御园', 30.22593, 120.175293, NULL, NULL, NULL, 1, NULL, NULL, '杭州市上城区凤凰山脚路7号', NULL, NULL, '', 0, 'http://you.ctrip.com/sight/hangzhou14/1816211.html'),
(303, '大关夜市', 30.309783, 120.165106, NULL, NULL, NULL, 1, NULL, NULL, '杭州市拱墅区香积寺路226号到大关苑路4号（新业商场旁)', NULL, NULL, '', 0, 'http://you.ctrip.com/sight/hangzhou14/1816237.html'),
(304, ' 瑶溪大峡谷', 29.96857, 119.300989, NULL, NULL, NULL, 1, NULL, NULL, '杭州市桐庐县合村乡', NULL, NULL, '', 0, 'http://you.ctrip.com/sight/tonglu688/1416251.html'),
(305, '鸬鹚潭', 30.231952, 119.266546, NULL, NULL, NULL, 1, NULL, NULL, '杭州市临安市大峡谷镇', NULL, NULL, '', 0, 'http://you.ctrip.com/sight/linan88/16630.html'),
(306, '吊水岩', 30.240798, 119.110486, NULL, NULL, NULL, 1, NULL, NULL, '杭州市临安市浙西大峡谷', NULL, NULL, '', 0, 'http://you.ctrip.com/sight/linan88/16631.html'),
(307, '龙门森林公园', 29.894133, 119.97696, NULL, NULL, NULL, 1, NULL, NULL, '杭州市富阳区龙门林场（龙门古镇西南）', NULL, NULL, '', 0, 'http://you.ctrip.com/sight/fuyang1513/116871.html'),
(308, '古关隘', NULL, NULL, NULL, NULL, NULL, 1, NULL, NULL, '杭州临安市大峡谷镇浙西天池景区', NULL, NULL, '', 0, 'http://you.ctrip.com/sight/linan88/1416464.html'),
(309, '鼎雅苑农家乐', 30.366734, 119.4857, NULL, NULL, NULL, 1, NULL, NULL, '杭州市临安市天目山镇告岭村关口27号（近天目大峡谷）', NULL, NULL, '', 0, 'http://you.ctrip.com/sight/tianmushan1435/1417662.html'),
(310, '溪畔人家', 29.905593, 119.959286, NULL, NULL, NULL, 1, NULL, NULL, '杭州市富阳区龙门镇', NULL, NULL, '', 0, 'http://you.ctrip.com/sight/fuyang1513/1418125.html'),
(311, '竹林迷宫', NULL, NULL, NULL, NULL, NULL, 1, NULL, NULL, '杭州市临安市白水涧风景区内', NULL, NULL, '', 0, 'http://you.ctrip.com/sight/linan88/1418157.html'),
(312, '天下泉源', 30.378489, 119.728328, NULL, NULL, NULL, 1, NULL, NULL, '杭州市临安市白水涧风景区内', NULL, NULL, '', 0, 'http://you.ctrip.com/sight/linan88/1418181.html'),
(313, '乐利峰', 30.258752, 119.081897, NULL, NULL, NULL, 1, NULL, NULL, '杭州市临安市大峡谷镇浙西天池景区内', NULL, NULL, '', 0, 'http://you.ctrip.com/sight/linan88/1418182.html'),
(314, '乌石滩', 29.56227, 119.566563, NULL, NULL, NULL, 1, NULL, NULL, '杭州市临安市大峡谷镇浙西天池风景区内', NULL, NULL, '', 0, 'http://you.ctrip.com/sight/linan88/1418185.html'),
(315, '白云人家', 30.248574, 119.978075, NULL, NULL, NULL, 1, NULL, NULL, '杭州市临安市大峡谷镇浙西大峡谷景区内', NULL, NULL, '', 0, 'http://you.ctrip.com/sight/linan88/1418209.html'),
(316, '水车坊', 30.258347, 119.082939, NULL, NULL, NULL, 1, NULL, NULL, '杭州市临安市大峡谷镇浙西大峡谷景区内', NULL, NULL, '', 0, 'http://you.ctrip.com/sight/linan88/1418233.html'),
(317, '古庙遗址', 30.259017, 119.081701, NULL, NULL, NULL, 1, NULL, NULL, '杭州市临安市浙西天池景区', NULL, NULL, '', 0, 'http://you.ctrip.com/sight/linan88/1416275.html'),
(318, '普庆寺石塔', 30.336801, 119.763106, NULL, NULL, NULL, 1, NULL, NULL, '杭州临安市横畈镇湖山村普庆寺南20米', NULL, NULL, '', 0, 'http://you.ctrip.com/sight/linan88/1416471.html'),
(319, '碧雪湖生态农庄', 30.231289, 119.627369, NULL, NULL, NULL, 1, NULL, NULL, '杭州市临安市锦城街道钱王铺金头315号', NULL, NULL, '', 0, 'http://you.ctrip.com/sight/linan88/1417712.html'),
(320, '径山古道', 30.38789, 119.786622, NULL, NULL, NULL, 1, NULL, NULL, '杭州市余杭区长径线', NULL, NULL, '', 0, 'http://you.ctrip.com/sight/yuhang1429/1477406.html'),
(321, '吴越国王陵', 30.240775, 119.731546, NULL, NULL, NULL, 1, NULL, NULL, '杭州市临安市锦城镇太庙山', NULL, NULL, '', 0, 'http://you.ctrip.com/sight/linan88/1477658.html'),
(322, '三都大桥', 29.550881, 119.546926, NULL, NULL, NULL, 1, NULL, NULL, '杭州市建德市梅梓线', NULL, NULL, '', 0, 'http://you.ctrip.com/sight/jiande687/1477948.html'),
(323, '咕噜咕噜岛湿地公园', 30.057918, 120.06455, NULL, NULL, NULL, 1, NULL, NULL, '杭州市富阳市东洲街道张家村齐家沙咕噜咕噜岛', NULL, NULL, '', 0, 'http://you.ctrip.com/sight/fuyang1513/1477956.html'),
(324, '湖山广场', 30.141772, 120.226539, NULL, NULL, NULL, 1, NULL, NULL, '杭州市萧山区风情大道2758号湘湖旅游度假区内', NULL, NULL, '', 0, 'http://you.ctrip.com/sight/xiaoshan120060/1478671.html'),
(325, '风和日丽一号店', 30.068568, 119.347817, NULL, NULL, NULL, 1, NULL, NULL, '杭州市临安市高坪村', NULL, NULL, '', 0, 'http://you.ctrip.com/sight/linan88/1696214.html'),
(326, '湖人皮划艇俱乐部', NULL, NULL, NULL, NULL, NULL, 1, NULL, NULL, '淳安县千岛湖镇滨湖路108号（品偿茶社对面水域基地）', NULL, NULL, '', 0, 'http://you.ctrip.com/sight/qiandaohu17/1696927.html'),
(327, '花仙子乐园', NULL, NULL, NULL, NULL, NULL, 1, NULL, NULL, '杭州市萧山区义桥镇湘东村（杭州太虚湖假日酒店旁）', NULL, NULL, '市场价', 0, 'http://you.ctrip.com/sight/hangzhou14/1837564.html'),
(328, '景致田园有机农场', 30.363969, 120.362484, NULL, NULL, NULL, 1, NULL, NULL, '杭州市江干区翁盘路乔司一分监狱站向东500米', NULL, NULL, '', 0, 'http://you.ctrip.com/sight/hangzhou14/1838742.html'),
(329, '国家地理经典影像盛宴展览（杭州）', NULL, NULL, NULL, NULL, NULL, 1, NULL, NULL, '杭州市滨江区滨盛路1766号华联星光大道（二期）', NULL, NULL, '市场价', 0, 'http://you.ctrip.com/sight/hangzhou14/1840509.html'),
(330, '运河手工艺活态展示馆', 30.32515, 120.14455, NULL, NULL, NULL, 1, NULL, NULL, '杭州市拱墅区450号（拱宸桥西侧）', NULL, NULL, '市场价', 0, 'http://you.ctrip.com/sight/hangzhou14/1840861.html'),
(331, '彩虹西湖儿童F1', 30.239219, 120.020045, NULL, NULL, NULL, 1, NULL, NULL, '杭州市万松岭路1017号（万松岭路靠近南山路口万松岭停车场内）', NULL, NULL, '', 0, 'http://you.ctrip.com/sight/hangzhou14/1840994.html'),
(332, '悦曼丁鼓乐学院', NULL, NULL, NULL, NULL, NULL, 1, NULL, NULL, '杭州市拱墅区丰登街383号（卡法咖啡楼下）', NULL, NULL, '', 0, 'http://you.ctrip.com/sight/hangzhou14/1696923.html'),
(333, '凯瑞宝贝早教中心', 30.306616, 120.115213, NULL, NULL, NULL, 1, NULL, NULL, '杭州市拱墅区380号城西银泰城负一楼孩子王内东区', NULL, NULL, '', 0, 'http://you.ctrip.com/sight/hangzhou14/1697460.html'),
(334, '都锦生故居', 30.246398, 120.132724, NULL, NULL, NULL, 1, NULL, NULL, '杭州市西湖区下茅家埠23号', NULL, NULL, '', 0, 'http://you.ctrip.com/sight/hangzhou14/1815462.html'),
(335, '罗马广场', 30.241711, 120.162624, NULL, NULL, NULL, 1, NULL, NULL, '杭州市上城区南山路61号学士公园内', NULL, NULL, '', 0, 'http://you.ctrip.com/sight/hangzhou14/1816011.html'),
(336, '日本驻杭领事馆旧址', 30.266161, 120.160295, NULL, NULL, NULL, 1, NULL, NULL, '杭州市西湖区石函路1号', NULL, NULL, '', 0, 'http://you.ctrip.com/sight/hangzhou14/1816017.html'),
(337, '九墙', 30.244285, 120.17791, NULL, NULL, NULL, 1, NULL, NULL, '杭州市上城区中山南路（从鼓楼进入，近大井巷）', NULL, NULL, '', 0, 'http://you.ctrip.com/sight/hangzhou14/1816090.html'),
(338, '酷特儿亲子园', 30.287166, 120.119622, NULL, NULL, NULL, 1, NULL, NULL, '杭州市西湖区文三西路297号杭州文化新村11号', NULL, NULL, '', 0, 'http://you.ctrip.com/sight/hangzhou14/1701595.html'),
(339, '浙赣铁路局旧址', 30.265693, 120.157914, NULL, NULL, NULL, 1, NULL, NULL, '杭州市西湖区北山街13号', NULL, NULL, '', 0, 'http://you.ctrip.com/sight/hangzhou14/1816013.html'),
(340, '抱青别墅', 30.263704, 120.152436, NULL, NULL, NULL, 1, NULL, NULL, '杭州市西湖区北山路40号', NULL, NULL, '', 0, 'http://you.ctrip.com/sight/hangzhou14/1816024.html'),
(342, '兴宝果蔬采摘园', NULL, NULL, NULL, NULL, NULL, 1, NULL, NULL, '杭州千岛湖界首乡桐子坞村', NULL, NULL, '', 0, 'http://you.ctrip.com/sight/qiandaohu17/1414988.html'),
(343, '碧雪湖山庄真人CS野战', 30.231055, 119.627569, NULL, NULL, NULL, 1, NULL, NULL, '杭州市临安市锦城街道钱王铺村金头村', NULL, NULL, '', 0, 'http://you.ctrip.com/sight/linan88/1415616.html'),
(344, '德寿宫遗址', NULL, NULL, NULL, NULL, NULL, 1, NULL, NULL, '杭州市淳安县凤凰山', NULL, NULL, '', 0, 'http://you.ctrip.com/sight/hangzhou14/1816027.html'),
(345, '半山村', 29.942763, 119.673881, NULL, NULL, NULL, 1, NULL, NULL, '杭州市富阳区新登镇半山村', NULL, NULL, '', 0, 'http://you.ctrip.com/sight/fuyang1513/1416215.html'),
(346, '香炉峰', 29.951228, 120.619104, NULL, NULL, NULL, 1, NULL, NULL, '杭州市建德市新安江姚村', NULL, NULL, '', 0, 'http://you.ctrip.com/sight/jiande687/1416216.html'),
(347, '女儿村', 29.785064, 119.710677, NULL, NULL, NULL, 1, NULL, NULL, '浙江省桐庐县桐君街道大奇山路', NULL, NULL, '', 0, 'http://you.ctrip.com/sight/tonglu688/1832871.html'),
(348, '新安江铜官峡', 29.491473, 119.252758, NULL, NULL, NULL, 1, NULL, NULL, '浙江省杭州市建德市新安江城西5公里处 ‎', NULL, NULL, '', 0, 'http://you.ctrip.com/sight/jiande687/1834722.html'),
(349, '“国泰民安”国泰郁金香主题花展', 40.226462, 116.250474, NULL, NULL, NULL, 1, NULL, NULL, '杭州市西湖区曙光路122号浙江世贸国际展览中心', NULL, NULL, '', 0, 'http://you.ctrip.com/sight/hangzhou14/1676288.html'),
(350, '锁澜桥', 30.240845, 120.147504, NULL, NULL, NULL, 1, NULL, NULL, '杭州市西湖区西湖景区苏堤', NULL, NULL, '', 0, 'http://you.ctrip.com/sight/hangzhou14/1816026.html'),
(351, 'MC精品真人密室逃脱', 30.213431, 120.214301, NULL, NULL, NULL, 1, NULL, NULL, '杭州市滨江区西兴街道丹枫路1075号雪峰银座801室（浙商大酒店楼上）', NULL, NULL, '', 0, 'http://you.ctrip.com/sight/hangzhou14/1478460.html'),
(352, '翼现代打击乐', 30.307396, 120.119931, NULL, NULL, NULL, 1, NULL, NULL, '杭州市拱墅区塘萍路197号（萍水街）', NULL, NULL, '', 0, 'http://you.ctrip.com/sight/hangzhou14/1684407.html'),
(353, 'EBC烘焙教室', 30.270878, 120.166665, NULL, NULL, NULL, 1, NULL, NULL, '杭州市下城区武林路277号皇后公园蜜桃咖啡边', NULL, NULL, '', 0, 'http://you.ctrip.com/sight/hangzhou14/1684438.html'),
(354, '爱斯基摩影像机构', NULL, NULL, NULL, NULL, NULL, 1, NULL, NULL, '杭州市拱墅区和睦路555号华源创意园69号楼209', NULL, NULL, '', 0, 'http://you.ctrip.com/sight/hangzhou14/1694574.html'),
(355, '荷方陶周末', 30.244768, 120.176187, NULL, NULL, NULL, 1, NULL, NULL, '杭州市上城区大井巷71号尚咖啡吧（近河坊街）', NULL, NULL, '', 0, 'http://you.ctrip.com/sight/hangzhou14/1694587.html'),
(356, '斯文女子健身', 30.235369, 120.198838, NULL, NULL, NULL, 1, NULL, NULL, '杭州市上城区望江东路332号万泰城206', NULL, NULL, '', 0, 'http://you.ctrip.com/sight/hangzhou14/1694596.html'),
(357, '新奕映像', 30.331237, 120.198118, NULL, NULL, NULL, 1, NULL, NULL, '杭州市西湖区教工路18号欧美中心EAC', NULL, NULL, '', 0, 'http://you.ctrip.com/sight/hangzhou14/1694731.html'),
(358, '器曰工作室', 30.229066, 120.174709, NULL, NULL, NULL, 1, NULL, NULL, '杭州市上城区凤凰山脚路7-1号', NULL, NULL, '', 0, 'http://you.ctrip.com/sight/hangzhou14/1696261.html'),
(359, '罗兰钢管舞培训中心', 30.277849, 120.144587, NULL, NULL, NULL, 1, NULL, NULL, '杭州市上城区望江东路332号万泰城206', NULL, NULL, '', 0, 'http://you.ctrip.com/sight/hangzhou14/1696552.html'),
(360, 'AMPM创意生活馆', 30.322805, 120.353036, NULL, NULL, NULL, 1, NULL, NULL, '杭州市江干区福雷德艾肯金座13楼1301', NULL, NULL, '', 0, 'http://you.ctrip.com/sight/hangzhou14/1696563.html'),
(361, '一新坊', NULL, NULL, NULL, NULL, NULL, 1, NULL, NULL, '杭州市上城区中山中路39号', NULL, NULL, '', 0, 'http://you.ctrip.com/sight/hangzhou14/1696567.html'),
(362, '太子尖', 30.179712, 118.911641, NULL, NULL, NULL, 1, NULL, NULL, '杭州市临安市', NULL, NULL, '', 0, 'http://you.ctrip.com/sight/hangzhou14/1833951.html'),
(363, '天目山(西天目)', 30.278488, 120.161071, NULL, NULL, NULL, 1, NULL, NULL, '杭州市余杭区临安城北', NULL, NULL, '', 0, 'http://you.ctrip.com/sight/tianmushan1435/1833924.html'),
(364, '三宫六苑', 29.89119, 119.54285, NULL, NULL, NULL, 1, NULL, NULL, '浙江省杭州市桐庐县瑶琳路（位于浙江省杭州桐庐县瑶琳仙境西北331米）', NULL, NULL, '', 0, 'http://you.ctrip.com/sight/tonglu688/1713909.html'),
(365, '芦茨湾', 29.690324, 119.68367, NULL, NULL, NULL, 1, NULL, NULL, '浙江省桐庐县富春江镇', NULL, NULL, '', 0, 'http://you.ctrip.com/sight/tonglu688/1832245.html'),
(366, '新安江风景名胜区', 29.602113, 119.563108, NULL, NULL, NULL, 1, NULL, NULL, '浙江省杭州市建德市', NULL, NULL, '', 0, 'http://you.ctrip.com/sight/jiande687/1834756.html'),
(367, '西天目竹海钓鱼山庄', 30.303081, 119.462451, NULL, NULL, NULL, 1, NULL, NULL, '浙江省临安市西天目乡张庄村', NULL, NULL, '', 0, 'http://you.ctrip.com/sight/tianmushan1435/1834561.html'),
(368, '相思岛', 30.243817, 119.779992, NULL, NULL, NULL, 1, NULL, NULL, '浙江省临安市青山湖中', NULL, NULL, '', 0, 'http://you.ctrip.com/sight/linan88/1834647.html'),
(369, '杭州碧云洞', 30.018508, 119.64388, NULL, NULL, NULL, 1, NULL, NULL, '浙江省富阳市胥口镇', NULL, NULL, '', 0, 'http://you.ctrip.com/sight/fuyang1513/1830988.html'),
(370, '龙岗镇', 30.165685, 119.136817, NULL, NULL, NULL, 1, NULL, NULL, '浙江省杭州临安市龙岗镇', NULL, NULL, '', 0, 'http://you.ctrip.com/sight/linan88/1832266.html'),
(371, '大宗堂', NULL, NULL, NULL, NULL, NULL, 1, NULL, NULL, '浙江省杭州市近郊大慈岩镇新叶村内', NULL, NULL, '', 0, 'http://you.ctrip.com/sight/jiande687/1830232.html'),
(372, '杭州新沙岛', 30.051158, 119.985224, NULL, NULL, NULL, 1, NULL, NULL, '浙江省杭州市富阳市', NULL, NULL, '', 0, 'http://you.ctrip.com/sight/fuyang1513/1831066.html'),
(373, '天池风景区', 30.302204, 119.126669, NULL, NULL, NULL, 1, NULL, NULL, '浙江省杭州市临安市', NULL, NULL, '', 0, 'http://you.ctrip.com/sight/linan88/1834023.html'),
(374, '下姜村', 29.380011, 118.731508, NULL, NULL, NULL, 1, NULL, NULL, '浙江省杭州市淳安县下姜村', NULL, NULL, '', 0, 'http://you.ctrip.com/sight/qiandaohu17/1834601.html'),
(375, '临安小桥流水人家', 30.19717, 119.129854, NULL, NULL, NULL, 1, NULL, NULL, '浙江省临安市大峡谷镇柘林村', NULL, NULL, '', 0, 'http://you.ctrip.com/sight/linan88/1832125.html'),
(376, '玲珑山卧龙寺', 30.224994, 119.684439, NULL, NULL, NULL, 1, NULL, NULL, '浙江省杭州市临安市锦城镇钱王大街东端', NULL, NULL, '', 0, 'http://you.ctrip.com/sight/linan88/1832152.html'),
(377, '江南学院·汽车学院', 30.171493, 120.170532, NULL, NULL, NULL, 1, NULL, NULL, '中国浙江省杭州市滨江区冠三路', NULL, NULL, '', 0, 'http://you.ctrip.com/sight/hangzhou14/1831525.html'),
(378, '龙坞镇西山森林公园', 30.17883, 120.039766, NULL, NULL, NULL, 1, NULL, NULL, '杭州市西湖区龙坞镇', NULL, NULL, '', 0, 'http://you.ctrip.com/sight/hangzhou14/1832294.html'),
(379, '圣塘河村', 30.487279, 120.293316, NULL, NULL, NULL, 1, NULL, NULL, '杭州市余杭区圣塘河村', NULL, NULL, '', 0, 'http://you.ctrip.com/sight/hangzhou14/1833380.html'),
(380, '萧山城市规划展示馆', 30.185948, 120.278168, NULL, NULL, NULL, 1, NULL, NULL, '浙江省杭州市萧山区永久路', NULL, NULL, '', 0, 'http://you.ctrip.com/sight/hangzhou14/1834634.html'),
(381, '张铭音乐图书馆', 30.266278, 120.16374, NULL, NULL, NULL, 1, NULL, NULL, '中国浙江省杭州市西湖区西湖风景区六公园步行街圣塘景区7号（少年宫对面）', NULL, NULL, '', 0, 'http://you.ctrip.com/sight/hangzhou14/1835326.html'),
(382, '野芦湾', 30.398723, 120.050301, NULL, NULL, NULL, 1, NULL, NULL, '杭州市余杭区良渚野芦湾生态休闲农业园', NULL, NULL, '', 0, 'http://you.ctrip.com/sight/yuhang1429/69785.html'),
(383, '杭州南天目森林公园', 30.183989, 119.473606, NULL, NULL, NULL, 1, NULL, NULL, '浙江省杭州市临安市', NULL, NULL, '', 0, 'http://you.ctrip.com/sight/hangzhou14/1831037.html'),
(384, '浙江中医药大学(东南门)', 30.178807, 120.15633, NULL, NULL, NULL, 1, NULL, NULL, '中国浙江省杭州市滨江区滨文路548号', NULL, NULL, '', 0, 'http://you.ctrip.com/sight/hangzhou14/1835407.html'),
(385, '梧桐寺', 30.257559, 119.992204, NULL, NULL, NULL, 1, NULL, NULL, '浙江省杭州市余杭区闲林街道万景社区康乐新村', NULL, NULL, '', 0, 'http://you.ctrip.com/sight/hangzhou14/1713922.html'),
(386, '临安林学院', 30.262074, 119.735539, NULL, NULL, NULL, 1, NULL, NULL, '临安市', NULL, NULL, '', 0, 'http://you.ctrip.com/sight/linan88/1832171.html'),
(387, '保大参号旧址', 30.245065, 120.176276, NULL, NULL, NULL, 1, NULL, NULL, '大井巷60', NULL, NULL, '', 0, 'http://you.ctrip.com/sight/hangzhou14/1713860.html'),
(388, '江南名石苑', 30.258175, 120.13938, NULL, NULL, NULL, 1, NULL, NULL, '杭州市西湖区北山路89号(曲院风荷1号门东侧)', NULL, NULL, '', 0, 'http://you.ctrip.com/sight/hangzhou14/1831607.html'),
(389, '林逋墓', 30.259446, 120.149832, NULL, NULL, NULL, 1, NULL, NULL, '杭州市西湖区孤山北路3号孤山公园内放鹤亭边', NULL, NULL, '', 0, 'http://you.ctrip.com/sight/hangzhou14/1832118.html'),
(390, '燕南寄庐(盖叫天故居)', 30.25401, 120.135276, NULL, NULL, NULL, 1, NULL, NULL, '西湖区金沙港26号', NULL, NULL, '', 0, 'http://you.ctrip.com/sight/hangzhou14/1834872.html'),
(391, '九曲岭上村', 30.236828, 119.87367, NULL, NULL, NULL, 1, NULL, NULL, '浙江省杭州市中泰街道九曲岭上村', NULL, NULL, '', 0, 'http://you.ctrip.com/sight/hangzhou14/1831705.html'),
(392, '杭州师范大学(滨江校区)', 30.322134, 120.401321, NULL, NULL, NULL, 1, NULL, NULL, '中国浙江省杭州市滨江区江晖路', NULL, NULL, '', 0, 'http://you.ctrip.com/sight/hangzhou14/1831032.html'),
(393, '浙江中医药大学滨江学院-体育馆', 30.181086, 120.154862, NULL, NULL, NULL, 1, NULL, NULL, '中国浙江省杭州市滨江区滨江学院内', NULL, NULL, '', 0, 'http://you.ctrip.com/sight/hangzhou14/1835339.html'),
(394, '薰衣草拓展基地', 30.284235, 120.106492, NULL, NULL, NULL, 1, NULL, NULL, '杭州市余杭区东西大道南187号', NULL, NULL, '', 0, 'http://you.ctrip.com/sight/yuhang1429/69787.html'),
(395, '杭州F2国际卡丁车馆', 30.33073, 120.123242, NULL, NULL, NULL, 1, NULL, NULL, '浙江省杭州市拱墅区石祥路589号汽车城C馆7楼', NULL, NULL, '', 0, 'http://you.ctrip.com/sight/hangzhou14/1713937.html'),
(396, '艾利斯玫瑰庄园', 29.640786, 119.531195, NULL, NULL, NULL, 1, NULL, NULL, '杭州市建德市西北部乾潭镇牌楼村', NULL, NULL, '市场价', 0, 'http://you.ctrip.com/sight/jiande687/1731851.html'),
(397, '浙江金融职业学院', 30.327169, 120.390093, NULL, NULL, NULL, 1, NULL, NULL, '杭州市经济技术开发区下沙高教园区东区学源街118号', NULL, NULL, '', 0, 'http://you.ctrip.com/sight/hangzhou14/1835436.html'),
(398, '岳飞亭', 30.287003, 120.182828, NULL, NULL, NULL, 1, NULL, NULL, '浙江省杭州市下城区铁关路52号 ‎', NULL, NULL, '', 0, 'http://you.ctrip.com/sight/hangzhou14/1835198.html'),
(399, '东狱庙', 30.052244, 120.16245, NULL, NULL, NULL, 1, NULL, NULL, '浙江省杭州市西湖区 老东岳路', NULL, NULL, '', 0, 'http://you.ctrip.com/sight/hangzhou14/1713931.html'),
(400, '野战中国真人CS', 30.155849, 120.24328, NULL, NULL, NULL, 1, NULL, NULL, '杭州市萧山区城厢街道湘湖路132号', NULL, NULL, '', 0, 'http://you.ctrip.com/sight/xiaoshan120060/69666.html'),
(401, '望湖楼', 30.265911, 120.160317, NULL, NULL, NULL, 1, NULL, NULL, '浙江省杭州市西湖区石函路少年宫广场西侧断桥东', NULL, NULL, '', 0, 'http://you.ctrip.com/sight/hangzhou14/1834271.html'),
(402, '高坞休闲农庄', 30.161353, 120.001841, NULL, NULL, NULL, 1, NULL, NULL, '杭州市富阳区银湖街道银湖村高坞口（320国道杭州野生动物世界东侧1000米）', NULL, NULL, '', 0, 'http://you.ctrip.com/sight/fuyang1513/70133.html'),
(403, '华严寺', 29.999149, 120.226063, NULL, NULL, NULL, 1, NULL, NULL, '杭州市萧山区华严寺', NULL, NULL, '', 0, 'http://you.ctrip.com/sight/hangzhou14/1713795.html'),
(404, '崇贤中学', 30.391394, 120.171563, NULL, NULL, NULL, 1, NULL, NULL, '中国浙江省杭州市余杭区前村街', NULL, NULL, '', 0, 'http://you.ctrip.com/sight/hangzhou14/1829950.html'),
(405, '杭州浙西运河', 30.266301, 120.234121, NULL, NULL, NULL, 1, NULL, NULL, '浙江省杭州滨江区境内', NULL, NULL, '', 0, 'http://you.ctrip.com/sight/hangzhou14/1830989.html'),
(406, '杭州余杭印花坞基督教公墓', 30.415908, 120.235952, NULL, NULL, NULL, 1, NULL, NULL, '中国浙江省杭州市余杭区', NULL, NULL, '', 0, 'http://you.ctrip.com/sight/hangzhou14/1831071.html'),
(407, '千岛湖骑友之家（阳光路店）', 29.593633, 119.016777, NULL, NULL, NULL, 1, NULL, NULL, '杭州市淳安县千岛湖镇阳光路运动休闲街198号骑友之家', NULL, NULL, '市场价', 0, 'http://you.ctrip.com/sight/qiandaohu17/1710006.html'),
(408, '耶稣堂', 30.128545, 120.077268, NULL, NULL, NULL, 1, NULL, NULL, '杭州市余杭区塘栖镇水北街', NULL, NULL, '', 0, 'http://you.ctrip.com/sight/tangqi120081/1816175.html'),
(409, '杭州上城区文化馆', 30.248567, 120.176721, NULL, NULL, NULL, 1, NULL, NULL, '杭州市上城区惠民路20号', NULL, NULL, '', 0, 'http://you.ctrip.com/sight/hangzhou14/1494099.html'),
(410, '浙江花木城', 30.181367, 120.342298, NULL, NULL, NULL, 1, NULL, NULL, '浙江省杭州市萧山区新街镇（机场路新街出口）', NULL, NULL, '', 0, 'http://you.ctrip.com/sight/hangzhou14/1713917.html'),
(411, '奥兰德海洋村（临安店）', NULL, NULL, NULL, NULL, NULL, 1, NULL, NULL, '杭州市临安市锦城街道苕溪北路789号苕溪时代生活广场三楼', NULL, NULL, '市场价', 0, 'http://you.ctrip.com/sight/linan88/1836219.html'),
(412, '康庆农庄', 29.507615, 119.37387, NULL, NULL, NULL, 1, NULL, NULL, '杭州市建德市下涯镇之江村', NULL, NULL, '', 0, 'http://you.ctrip.com/sight/jiande687/20232.html'),
(413, '乐之翼儿童乐园(下沙东沙店)', 30.310919, 120.34051, NULL, NULL, NULL, 1, NULL, NULL, '浙江省杭州江干区天城东路东沙商业中心4楼', NULL, NULL, '', 0, 'http://you.ctrip.com/sight/hangzhou14/1832015.html'),
(414, '浙江音乐厅', 30.272703, 120.15206, NULL, NULL, NULL, 1, NULL, NULL, '曙光路31号', NULL, NULL, '', 0, 'http://you.ctrip.com/sight/hangzhou14/1493502.html'),
(415, '湍口芦荻古温泉', NULL, NULL, NULL, NULL, NULL, 1, NULL, NULL, '杭州市临安市湍口镇湍口村湍源街', NULL, NULL, '市场价', 0, 'http://you.ctrip.com/sight/linan88/1829359.html'),
(416, '东普寺', 30.19511, 119.692909, NULL, NULL, NULL, 1, NULL, NULL, '杭州市临安市玲珑开发区石山村（近吴越大街）', NULL, NULL, '', 0, 'http://you.ctrip.com/sight/linan88/1416741.html'),
(417, '浙江医学高等专科学校', 30.179252, 120.166193, NULL, NULL, NULL, 1, NULL, NULL, '中国浙江省杭州市滨江区滨文路481号', NULL, NULL, '', 0, 'http://you.ctrip.com/sight/hangzhou14/1835437.html'),
(418, '秀水广场', 29.61899, 119.050032, NULL, NULL, NULL, 1, NULL, NULL, '千岛湖风景区千岛湖镇开元度假村旁(近绿城喜来登酒店)', NULL, NULL, '', 0, 'http://you.ctrip.com/sight/qiandaohu17/1834822.html'),
(419, '圭峰禅寺', 30.259041, 120.219428, NULL, NULL, NULL, 1, NULL, NULL, '杭州桐庐县汾口镇里湖村圭峰山上', NULL, NULL, '', 0, 'http://you.ctrip.com/sight/tonglu688/1416781.html'),
(420, '慈云庵', 30.041529, 119.411221, NULL, NULL, NULL, 1, NULL, NULL, '杭州市临安市乐平外伍村', NULL, NULL, '', 0, 'http://you.ctrip.com/sight/linan88/1417991.html'),
(421, '大雄寺', 30.368588, 120.024456, NULL, NULL, NULL, 1, NULL, NULL, '杭州市余杭区良渚镇', NULL, NULL, '', 0, 'http://you.ctrip.com/sight/yuhang1429/1418316.html'),
(422, '杭州休博园', 30.168995, 120.252046, NULL, NULL, NULL, 1, NULL, NULL, '杭州市萧山区湘湖路92号', NULL, NULL, '', 0, 'http://you.ctrip.com/sight/xiaoshan120060/1418556.html'),
(423, '西泠印社美术馆', 30.283323, 120.169756, NULL, NULL, NULL, 1, NULL, NULL, '浙江省杭州市西湖文化广场32号4层', NULL, NULL, '', 0, 'http://you.ctrip.com/sight/hangzhou14/1493496.html'),
(424, '杭州师范大学(下沙校区)', 30.322134, 120.401321, NULL, NULL, NULL, 1, NULL, NULL, '中国浙江省杭州市江干区下沙高教园区学林街16号', NULL, NULL, '', 0, 'http://you.ctrip.com/sight/hangzhou14/1830985.html'),
(425, '瑶琳国家森林公园', 29.92785, 119.534271, NULL, NULL, NULL, 1, NULL, NULL, '杭州市桐庐县瑶琳镇东琳村', NULL, NULL, '', 0, 'http://you.ctrip.com/sight/tonglu688/1708131.html'),
(426, '清波门', 30.243052, 120.164496, NULL, NULL, NULL, 1, NULL, NULL, '浙江省杭州市西湖区南山路', NULL, NULL, '', 0, 'http://you.ctrip.com/sight/hangzhou14/1713877.html'),
(427, '杭州钱江新城市民中心', 30.250883, 120.21507, NULL, NULL, NULL, 1, NULL, NULL, '浙江省杭州市江干区新城商圈', NULL, NULL, '', 0, 'http://you.ctrip.com/sight/hangzhou14/1831027.html'),
(428, '水北街', 30.489271, 120.19344, NULL, NULL, NULL, 1, NULL, NULL, '杭州市余杭区塘栖古镇水北街', NULL, NULL, '', 0, 'http://you.ctrip.com/sight/tangqi120081/1816215.html'),
(429, 'LOFT49创意产业园区', 30.326452, 120.138019, NULL, NULL, NULL, 1, NULL, NULL, '杭州市拱墅区通益路111号', NULL, NULL, '', 0, 'http://you.ctrip.com/sight/hangzhou14/1713941.html'),
(430, '白马湖生态创意城', 30.164312, 120.197559, NULL, NULL, NULL, 1, NULL, NULL, '杭州市滨江区长江路158号', NULL, NULL, '', 0, 'http://you.ctrip.com/sight/hangzhou14/1713932.html'),
(431, '西塘村', 30.409328, 120.01422, NULL, NULL, NULL, 1, NULL, NULL, '杭州市余杭区西塘村', NULL, NULL, '', 0, 'http://you.ctrip.com/sight/hangzhou14/1713921.html'),
(432, '新安江儿童公园', 29.470368, 119.291385, NULL, NULL, NULL, 1, NULL, NULL, '杭州市建德市府前路游乐园', NULL, NULL, '', 0, 'http://you.ctrip.com/sight/jiande687/116874.html'),
(433, '红叶湾', 29.633754, 118.956971, NULL, NULL, NULL, 1, NULL, NULL, '杭州市千岛湖风景区小金山半岛和进贤列岛之间', NULL, NULL, '', 0, 'http://you.ctrip.com/sight/qiandaohu17/1416413.html'),
(434, '良渚文化博物馆', 30.382539, 120.035028, NULL, NULL, NULL, 1, NULL, NULL, '浙江省杭州市余杭区良博路164号', NULL, NULL, '', 0, 'http://you.ctrip.com/sight/hangzhou14/1832136.html'),
(435, '市南街', 30.354394, 120.299856, NULL, NULL, NULL, 1, NULL, NULL, '杭州市余杭区塘栖镇塘栖村', NULL, NULL, '', 0, 'http://you.ctrip.com/sight/tangqi120081/1816231.html'),
(436, '杨堤景行', 30.253652, 120.137411, NULL, NULL, NULL, 1, NULL, NULL, '杭州市西湖区西湖西线北山路和南山路间（沿着虎跑路往南山路方向走，一直走到三路的交叉处，就可以看到“杨公堤”的路牌）', NULL, NULL, '', 0, 'http://you.ctrip.com/sight/hangzhou14/1834918.html'),
(437, '好望公园', 30.41794, 120.314314, NULL, NULL, NULL, 1, NULL, NULL, '杭州市余杭区人民大道654号', NULL, NULL, '', 0, 'http://you.ctrip.com/sight/yuhang1429/1469742.html'),
(438, '山缘农家', 30.273724, 119.08422, NULL, NULL, NULL, 1, NULL, NULL, '杭州临安市大峡谷镇龙井桥村68号', NULL, NULL, '', 0, 'http://you.ctrip.com/sight/linan88/1417716.html'),
(439, '石长城', 30.146379, 118.930218, NULL, NULL, NULL, 1, NULL, NULL, '杭州市临安市马啸乡', NULL, NULL, '', 0, 'http://you.ctrip.com/sight/linan88/1417893.html'),
(440, '临安城遗址', 30.227732, 120.175099, NULL, NULL, NULL, 1, NULL, NULL, '杭州市临安市凤凰山麓', NULL, NULL, '', 0, 'http://you.ctrip.com/sight/linan88/1418721.html'),
(441, '狮口雄关', NULL, NULL, NULL, NULL, NULL, 1, NULL, NULL, '杭州市临安市天目山风景区大树王景区内，开山老殿西', NULL, NULL, '', 0, 'http://you.ctrip.com/sight/tianmushan1435/74726.html'),
(442, '汤坑', 30.429688, 119.710662, NULL, NULL, NULL, 1, NULL, NULL, '杭州市余杭区鸬鸟镇山沟沟村下余65号', NULL, NULL, '', 0, 'http://you.ctrip.com/sight/yuhang1429/143501.html'),
(443, '杭州师范大学', 30.322134, 120.401321, NULL, NULL, NULL, 1, NULL, NULL, '浙江省杭州市江干区学林街16号 ‎', NULL, NULL, '', 0, 'http://you.ctrip.com/sight/hangzhou14/1831061.html'),
(444, '龙门十八瀑', 29.905121, 119.9596, NULL, NULL, NULL, 1, NULL, NULL, '杭州临安清凉峰国家级自然保护区内', NULL, NULL, '', 0, 'http://you.ctrip.com/sight/linan88/1476706.html'),
(445, '先照禅寺', 30.130341, 120.232566, NULL, NULL, NULL, 1, NULL, NULL, '杭州市萧山区湘溪路', NULL, NULL, '', 0, 'http://you.ctrip.com/sight/xiaoshan120060/144102.html'),
(446, '琴操墓', 30.225868, 119.68595, NULL, NULL, NULL, 1, NULL, NULL, '杭州市临安市玲珑山', NULL, NULL, '', 0, 'http://you.ctrip.com/sight/linan88/1416508.html'),
(447, '史家埭街心公园', 30.427975, 120.311186, NULL, NULL, NULL, 1, NULL, NULL, '杭州市余杭区东湖中路与木桥浜路交叉处', NULL, NULL, '', 0, 'http://you.ctrip.com/sight/yuhang1429/1469880.html'),
(448, '浙话艺术剧院', 30.285495, 120.161299, NULL, NULL, NULL, 1, NULL, NULL, '杭州市拱墅区湖墅南路136号', NULL, NULL, '', 0, 'http://you.ctrip.com/sight/hangzhou14/1494083.html'),
(449, '金钟山农庄', 30.395351, 119.878337, NULL, NULL, NULL, 1, NULL, NULL, '', NULL, NULL, '', 0, 'http://you.ctrip.com/sight/yuhang1429/135733.html'),
(450, '子胥野渡', 29.621243, 119.558671, NULL, NULL, NULL, 1, NULL, NULL, '杭州市建德市胥溪入口处', NULL, NULL, '', 0, 'http://you.ctrip.com/sight/jiande687/143586.html'),
(451, '萧山湖湘真人CS基地', NULL, NULL, NULL, NULL, NULL, 1, NULL, NULL, '杭州市萧山区湘湖风景区跨湖桥井山坞生态园', NULL, NULL, '', 0, 'http://you.ctrip.com/sight/xiaoshan120060/20325.html'),
(452, '熊言熊语DIY玩艺馆杭州店', 30.26956, 120.187009, NULL, NULL, NULL, 1, NULL, NULL, '杭州市下城区建国北路281号（双牛大厦）17P室', NULL, NULL, '', 0, 'http://you.ctrip.com/sight/hangzhou14/70527.html'),
(453, '大禹谷', 30.269077, 119.944678, NULL, NULL, NULL, 1, NULL, NULL, '杭州市余杭区余杭镇大禹谷', NULL, NULL, '', 0, 'http://you.ctrip.com/sight/yuhang1429/143798.html'),
(454, '杭州生态园', 30.084476, 120.326369, NULL, NULL, NULL, 1, NULL, NULL, '杭州市萧山区所前镇', NULL, NULL, '', 0, 'http://you.ctrip.com/sight/xiaoshan120060/1472368.html'),
(455, '下涯镇', 29.541298, 119.382024, NULL, NULL, NULL, 1, NULL, NULL, '杭州市建德市下涯镇', NULL, NULL, '', 0, 'http://you.ctrip.com/sight/jiande687/143775.html'),
(456, '万寿禅寺', 30.185597, 120.252685, NULL, NULL, NULL, 1, NULL, NULL, '杭州市余杭区径山镇径山山顶', NULL, NULL, '', 0, 'http://you.ctrip.com/sight/yuhang1429/1414691.html'),
(457, '羡山', 29.571788, 119.15361, NULL, NULL, NULL, 1, NULL, NULL, '杭州市淳安县千岛湖风景区', NULL, NULL, '', 0, 'http://you.ctrip.com/sight/qiandaohu17/1418148.html'),
(458, '小白菜真人CS拓展基地', 30.246063, 119.9755, NULL, NULL, NULL, 1, NULL, NULL, '杭州市余杭区闲林镇(近西溪湿地)', NULL, NULL, '', 0, 'http://you.ctrip.com/sight/yuhang1429/20167.html'),
(459, '紫燕山', 29.831131, 119.369885, NULL, NULL, NULL, 1, NULL, NULL, '杭州市桐庐县百江镇双坞村', NULL, NULL, '', 0, 'http://you.ctrip.com/sight/tonglu688/139868.html'),
(460, '浙江理工大学', 30.319843, 120.359362, NULL, NULL, NULL, 1, NULL, NULL, '浙江省杭州市江干区下沙高教园区2号大街5号', NULL, NULL, '', 0, 'http://you.ctrip.com/sight/hangzhou14/1835395.html'),
(461, '建德草莓苑', 29.565922, 119.430885, NULL, NULL, NULL, 1, NULL, NULL, '杭州市建德市杨村桥镇', NULL, NULL, '', 0, 'http://you.ctrip.com/sight/jiande687/1729129.html'),
(462, '茅塘古村落', 30.429096, 119.725128, NULL, NULL, NULL, 1, NULL, NULL, '杭州市余杭区鸬鸟镇', NULL, NULL, '', 0, 'http://you.ctrip.com/sight/yuhang1429/1477626.html'),
(463, '河桥休闲农业观光园', NULL, NULL, NULL, NULL, NULL, 1, NULL, NULL, '杭州市临安河桥镇', NULL, NULL, '', 0, 'http://you.ctrip.com/sight/linan88/135711.html'),
(464, '复兴寺', 30.168433, 120.240889, NULL, NULL, NULL, 1, NULL, NULL, '杭州市萧山区风情大道', NULL, NULL, '', 0, 'http://you.ctrip.com/sight/xiaoshan120060/1477576.html'),
(465, '珍珠瀑布', NULL, NULL, NULL, NULL, NULL, 1, NULL, NULL, '杭州市建德市新安江城西5公里处千岛湖情人谷景区内', NULL, NULL, '', 0, 'http://you.ctrip.com/sight/jiande687/1477935.html'),
(466, '鱼佬大生态农庄', 30.409632, 119.978774, NULL, NULL, NULL, 1, NULL, NULL, '杭州市余杭区外河路与祥鹏路交叉处附近外河路上', NULL, NULL, '', 0, 'http://you.ctrip.com/sight/yuhang1429/135804.html'),
(467, '千岛湖大桥', 29.640558, 119.053601, NULL, NULL, NULL, 1, NULL, NULL, '浙江省杭州市淳安县', NULL, NULL, '', 0, 'http://you.ctrip.com/sight/qiandaohu17/1832968.html'),
(468, '跨湖桥遗址博物馆', 30.148144, 120.228474, NULL, NULL, NULL, 1, NULL, NULL, '杭州市萧山区湘湖路978号(近湘湖)', NULL, NULL, '', 0, 'http://you.ctrip.com/sight/xiaoshan120060/144394.html'),
(469, '羊锅村', 30.280313, 119.997458, NULL, NULL, NULL, 1, NULL, NULL, '', NULL, NULL, '', 0, 'http://you.ctrip.com/sight/yuhang1429/139860.html'),
(470, '千岛湖画舫【千旅之星】', 29.593633, 119.016777, NULL, NULL, NULL, 1, NULL, NULL, '淳安县千岛湖镇秀水桥千岛湖夜游码头', NULL, NULL, '市场价', 0, 'http://you.ctrip.com/sight/qiandaohu17/1696501.html'),
(471, '钱江新城', 30.266652, 120.222708, NULL, NULL, NULL, 1, NULL, NULL, '浙江省杭州市东南部钱塘江北岸', NULL, NULL, '', 0, 'http://you.ctrip.com/sight/hangzhou14/1833033.html'),
(472, '浙西大龙湾闯关', 30.181851, 119.128441, NULL, NULL, NULL, 1, NULL, NULL, '杭州市临安市龙岗镇龙井村', NULL, NULL, '市场价', 0, 'http://you.ctrip.com/sight/linan88/1702216.html'),
(473, '阆苑石海', 29.782768, 119.700539, NULL, NULL, NULL, 1, NULL, NULL, '杭州市桐庐县环城南路', NULL, NULL, '', 0, 'http://you.ctrip.com/sight/tonglu688/143539.html'),
(474, '浙基田', NULL, NULL, NULL, NULL, NULL, 1, NULL, NULL, '杭州市临安市马啸乡', NULL, NULL, '', 0, 'http://you.ctrip.com/sight/linan88/1417711.html'),
(475, '山坳里蓝莓生态园', 30.434483, 119.719722, NULL, NULL, NULL, 1, NULL, NULL, '杭州市余杭区鸬鸟镇山沟沟风景区和田里', NULL, NULL, '', 0, 'http://you.ctrip.com/sight/yuhang1429/144291.html'),
(476, '百梅禅寺', 30.334993, 119.752524, NULL, NULL, NULL, 1, NULL, NULL, '杭州市临安市横畈镇横南村', NULL, NULL, '', 0, 'http://you.ctrip.com/sight/linan88/1416647.html'),
(477, '观音显圣', 30.106185, 120.204407, NULL, NULL, NULL, 1, NULL, NULL, '杭州市萧山区义桥镇东方文化园内', NULL, NULL, '', 0, 'http://you.ctrip.com/sight/xiaoshan120060/1418410.html'),
(478, '浙江吴越古陶瓷博物馆', 30.246118, 120.17588, NULL, NULL, NULL, 1, NULL, NULL, '杭州市上城区后市街12号', NULL, NULL, '', 0, 'http://you.ctrip.com/sight/hangzhou14/1417176.html'),
(479, '良渚国家考古遗址公园', 30.383326, 120.034576, NULL, NULL, NULL, 1, NULL, NULL, '杭州市余杭区良博路', NULL, NULL, '', 0, 'http://you.ctrip.com/sight/yuhang1429/1416362.html'),
(480, '凤凰公社文化创意园', 30.23008, 120.174446, NULL, NULL, NULL, 1, NULL, NULL, '杭州市上城区凤凰山脚路167-1号', NULL, NULL, '', 0, 'http://you.ctrip.com/sight/hangzhou14/1713889.html'),
(481, '刀锋战士', 30.317786, 120.056078, NULL, NULL, NULL, 1, NULL, NULL, '杭州市西湖区振华路塘河村', NULL, NULL, '', 0, 'http://you.ctrip.com/sight/hangzhou14/69958.html'),
(482, '西洋桥公园', 30.421739, 120.304364, NULL, NULL, NULL, 1, NULL, NULL, '杭州市余杭区邱山大街与藕花洲大街交口附近', NULL, NULL, '', 0, 'http://you.ctrip.com/sight/yuhang1429/1470073.html'),
(483, '萧山极乐寺', 30.178034, 120.430916, NULL, NULL, NULL, 1, NULL, NULL, '杭州市萧山区坎山镇航坞山樟山脚下', NULL, NULL, '', 0, 'http://you.ctrip.com/sight/xiaoshan120060/1416357.html'),
(484, '保俶山', 30.357285, 120.194166, NULL, NULL, NULL, 1, NULL, NULL, '杭州市西湖区保俶路', NULL, NULL, '', 0, 'http://you.ctrip.com/sight/hangzhou14/1829638.html'),
(485, '撒欢吧室内儿童乐园', 30.172032, 120.211548, NULL, NULL, NULL, 1, NULL, NULL, '杭州市滨江区白马湖小区凤凰苑13幢4-5', NULL, NULL, '', 0, 'http://you.ctrip.com/sight/hangzhou14/70533.html'),
(486, '纪龙山', 29.836771, 119.560448, NULL, NULL, NULL, 1, NULL, NULL, '杭州市桐庐县瑶琳镇东琳村冷坞', NULL, NULL, '', 0, 'http://you.ctrip.com/sight/tonglu688/143538.html'),
(487, '甘岭水库', 30.311613, 119.872235, NULL, NULL, NULL, 1, NULL, NULL, '杭州市余杭区余杭镇大禹谷', NULL, NULL, '', 0, 'http://you.ctrip.com/sight/yuhang1429/1476682.html'),
(488, '美丽洲堂', 30.374376, 120.034148, NULL, NULL, NULL, 1, NULL, NULL, '杭州市余杭区104国道', NULL, NULL, '', 0, 'http://you.ctrip.com/sight/yuhang1429/144199.html'),
(489, '杨岐禅寺', 30.106935, 120.203644, NULL, NULL, NULL, 1, NULL, NULL, '杭州市萧山区东方文化园内', NULL, NULL, '', 0, 'http://you.ctrip.com/sight/xiaoshan120060/1418244.html'),
(490, '阆仙石苑', NULL, NULL, NULL, NULL, NULL, 1, NULL, NULL, '杭州市桐庐县', NULL, NULL, '', 0, 'http://you.ctrip.com/sight/tonglu688/49167.html'),
(491, '鸬鸟山', 30.488431, 119.742813, NULL, NULL, NULL, 1, NULL, NULL, '杭州市余杭区鸬鸟镇', NULL, NULL, '', 0, 'http://you.ctrip.com/sight/yuhang1429/1477865.html'),
(492, '仙姑岛', 30.077976, 119.278766, NULL, NULL, NULL, 1, NULL, NULL, '杭州临安市柳溪江景区', NULL, NULL, '', 0, 'http://you.ctrip.com/sight/linan88/1459514.html'),
(493, '卧龙寺', 30.224994, 119.684439, NULL, NULL, NULL, 1, NULL, NULL, '杭州市临安市玲珑山脚39号', NULL, NULL, '', 0, 'http://you.ctrip.com/sight/linan88/143823.html'),
(494, '女儿村民俗文化园', 29.783975, 119.709549, NULL, NULL, NULL, 1, NULL, NULL, '杭州市桐庐县大奇山路899号', NULL, NULL, '', 0, 'http://you.ctrip.com/sight/tonglu688/144353.html');
INSERT INTO `scenelist` (`id`, `name`, `lat`, `lng`, `des`, `fee`, `province`, `cityid`, `district`, `street`, `address`, `tags`, `keywords`, `level`, `isblock`, `tips`) VALUES
(495, '杏梅尖', 29.864102, 119.980593, NULL, NULL, NULL, 1, NULL, NULL, '杭州市富阳区龙门古镇龙门山', NULL, NULL, '', 0, 'http://you.ctrip.com/sight/fuyang1513/1417315.html'),
(496, '塘栖公园', 30.481148, 120.189241, NULL, NULL, NULL, 1, NULL, NULL, '杭州市余杭区运动场路', NULL, NULL, '', 0, 'http://you.ctrip.com/sight/yuhang1429/116873.html'),
(497, '长乐林场', 30.34305, 119.860365, NULL, NULL, NULL, 1, NULL, NULL, '杭州市余杭区余杭镇大禹谷娘娘山', NULL, NULL, '', 0, 'http://you.ctrip.com/sight/yuhang1429/1418372.html'),
(498, '青青世界', 22.507359, 113.908011, NULL, NULL, NULL, 1, NULL, NULL, '杭州市桐庐县桐君街道大奇山路', NULL, NULL, '', 0, 'http://you.ctrip.com/sight/tonglu688/144464.html'),
(499, '百鸟苑', NULL, NULL, NULL, NULL, NULL, 1, NULL, NULL, '杭州市上城区南山路钱王祠旁', NULL, NULL, '', 0, 'http://you.ctrip.com/sight/hangzhou14/1417691.html'),
(500, '皇后公园', 30.27087, 120.166427, NULL, NULL, NULL, 1, NULL, NULL, '杭州市下城区武林路277号', NULL, NULL, '', 0, 'http://you.ctrip.com/sight/hangzhou14/1816220.html'),
(501, '小金山营地', 29.63136, 118.954015, NULL, NULL, NULL, 1, NULL, NULL, '杭州市淳安县千岛湖镇小金山骑行营地（在千汾公路上）', NULL, NULL, '', 0, 'http://you.ctrip.com/sight/qiandaohu17/1816167.html'),
(502, '杭州棋士桌游', 30.277904, 120.144794, NULL, NULL, NULL, 1, NULL, NULL, '杭州市西湖区天目山路160号国际花园公寓楼14E', NULL, NULL, '市场价', 0, 'http://you.ctrip.com/sight/hangzhou14/70251.html'),
(503, '三天竺', 30.242916, 120.112131, NULL, NULL, NULL, 1, NULL, NULL, '浙江省杭州市西湖区', NULL, NULL, '', 0, 'http://you.ctrip.com/sight/hangzhou14/1833322.html'),
(504, '传化大地', 30.236243, 120.352534, NULL, NULL, NULL, 1, NULL, NULL, '杭州市萧山区萧山开发区鸿达路东段', NULL, NULL, '', 0, 'http://you.ctrip.com/sight/xiaoshan120060/1418087.html'),
(505, '黄公望风情小镇', 30.083875, 120.021792, NULL, NULL, NULL, 1, NULL, NULL, '杭州市富阳市东洲街道黄公望村', NULL, NULL, '', 0, 'http://you.ctrip.com/sight/tonglu688/139841.html'),
(506, '真际寺', 30.194821, 120.094192, NULL, NULL, NULL, 1, NULL, NULL, '杭州市西湖区五云山顶（近梅灵南路）', NULL, NULL, '', 0, 'http://you.ctrip.com/sight/hangzhou14/1816054.html'),
(507, '杭州大剧院', 30.250392, 120.221719, NULL, NULL, NULL, 1, NULL, NULL, '杭州市江干区钱江新城新业路39号', NULL, NULL, '', 0, 'http://you.ctrip.com/sight/hangzhou14/1493487.html'),
(508, '西山公园', 30.169073, 120.262143, NULL, NULL, NULL, 1, NULL, NULL, '杭州市萧山去萧金路1号', NULL, NULL, '', 0, 'http://you.ctrip.com/sight/xiaoshan120060/1470777.html'),
(509, '中国古塔陈列馆', 41.117777, 121.131245, NULL, NULL, NULL, 1, NULL, NULL, '杭州市上城区之江路84号', NULL, NULL, '', 0, 'http://you.ctrip.com/sight/hangzhou14/1416740.html'),
(510, '塘栖乾隆御碑', 30.486244, 120.192074, NULL, NULL, NULL, 1, NULL, NULL, '杭州市余杭区塘栖镇广济桥北岸的水北街耶稣堂西侧', NULL, NULL, '', 0, 'http://you.ctrip.com/sight/yuhang1429/1416232.html'),
(511, '神博乐园', 30.272952, 120.306382, NULL, NULL, NULL, 1, NULL, NULL, '杭州市萧山区宁围镇顺坝村', NULL, NULL, '', 0, 'http://you.ctrip.com/sight/xiaoshan120060/1459006.html'),
(512, '新登镇', 29.973498, 119.74104, NULL, NULL, NULL, 1, NULL, NULL, '杭州市富阳区新登镇', NULL, NULL, '', 0, 'http://you.ctrip.com/sight/fuyang1513/1477338.html'),
(513, '石峡书院', NULL, NULL, NULL, NULL, NULL, 1, NULL, NULL, '杭州市淳安县千岛湖中心湖区龙山岛', NULL, NULL, '', 0, 'http://you.ctrip.com/sight/qiandaohu17/144203.html'),
(514, '归真石', 30.040919, 118.990608, NULL, NULL, NULL, 1, NULL, NULL, '杭州市临安市大明山风景区内', NULL, NULL, '', 0, 'http://you.ctrip.com/sight/damingshan120550/134609.html'),
(515, '梅城', 29.547181, 119.5112, NULL, NULL, NULL, 1, NULL, NULL, '杭州市建德市新安江与兰江汇合处', NULL, NULL, '', 0, 'http://you.ctrip.com/sight/jiande687/1416236.html'),
(516, '花山霞鹃', 30.130327, 120.072291, NULL, NULL, NULL, 1, NULL, NULL, '杭州市西湖风景区', NULL, NULL, '', 0, 'http://you.ctrip.com/sight/hangzhou14/1416801.html'),
(517, '越王城遗址', 30.158145, 120.236046, NULL, NULL, NULL, 1, NULL, NULL, '杭州市萧山区城厢镇湘湖村西北700米城山山巅', NULL, NULL, '', 0, 'http://you.ctrip.com/sight/xiaoshan120060/1477356.html'),
(518, '恺玥真人CS基地', 29.315817, 119.29494, NULL, NULL, NULL, 1, NULL, NULL, '杭州市建德大慈岩景区', NULL, NULL, '', 0, 'http://you.ctrip.com/sight/jiande687/1415206.html'),
(519, '杭州剧院', 30.276843, 120.168343, NULL, NULL, NULL, 1, NULL, NULL, '杭州市下城区武林广场29号（杭州大厦南侧）', NULL, NULL, '', 0, 'http://you.ctrip.com/sight/hangzhou14/1493506.html'),
(520, '安顶山', NULL, NULL, NULL, NULL, NULL, 1, NULL, NULL, '杭州市富阳区里山镇安顶山村', NULL, NULL, '', 0, 'http://you.ctrip.com/sight/fuyang1513/144092.html'),
(521, '海岸线皮划艇俱乐部桐州岛基地', NULL, NULL, NULL, NULL, NULL, 1, NULL, NULL, '杭州市富阳市新桐乡江洲村', NULL, NULL, '', 0, 'http://you.ctrip.com/sight/fuyang1513/1488198.html'),
(522, '葛岭人家', 29.600189, 119.233379, NULL, NULL, NULL, 1, NULL, NULL, '杭州市淳安县青田村', NULL, NULL, '', 0, 'http://you.ctrip.com/sight/qiandaohu17/135697.html'),
(523, '同家乡村乐园', 30.244214, 119.90228, NULL, NULL, NULL, 1, NULL, NULL, '杭州市余杭区中泰乡中桥村（近跳头村）', NULL, NULL, '', 0, 'http://you.ctrip.com/sight/yuhang1429/135951.html'),
(524, '张闻天居所', 30.259041, 120.219428, NULL, NULL, NULL, 1, NULL, NULL, '杭州市西湖区宝石山下', NULL, NULL, '', 0, 'http://you.ctrip.com/sight/hangzhou14/1416307.html'),
(525, '英公水库', 30.277319, 119.356997, NULL, NULL, NULL, 1, NULL, NULL, '杭州临安市北於潜镇英公村', NULL, NULL, '', 0, 'http://you.ctrip.com/sight/linan88/1416257.html'),
(526, '受降纪念馆', 30.131778, 119.970298, NULL, NULL, NULL, 1, NULL, NULL, '杭州市富阳区受降镇中秋村', NULL, NULL, '', 0, 'http://you.ctrip.com/sight/fuyang1513/1418143.html'),
(527, '灵华洞', 30.218542, 120.154381, NULL, NULL, NULL, 1, NULL, NULL, '杭州市西湖区玉皇山景区内', NULL, NULL, '', 0, 'http://you.ctrip.com/sight/hangzhou14/1468436.html'),
(528, '胡公庙', 30.225766, 120.108553, NULL, NULL, NULL, 1, NULL, NULL, '杭州市西湖区狮峰山下', NULL, NULL, '', 0, 'http://you.ctrip.com/sight/hangzhou14/1461248.html'),
(529, '和尚洞', 30.22458, 120.14949, NULL, NULL, NULL, 1, NULL, NULL, '杭州市西湖区挑水河上游（乌当坝子十来里地的山谷中）', NULL, NULL, '', 0, 'http://you.ctrip.com/sight/hangzhou14/1468106.html'),
(530, '南山陵园', 30.215741, 120.154039, NULL, NULL, NULL, 1, NULL, NULL, '杭州市上城区闸弄口白云路底', NULL, NULL, '', 0, 'http://you.ctrip.com/sight/hangzhou14/1477872.html'),
(531, '湘湖真人CS', 30.154257, 120.222018, NULL, NULL, NULL, 1, NULL, NULL, '杭州市萧山湘湖风景区跨湖桥井山坞生态园', NULL, NULL, '', 0, 'http://you.ctrip.com/sight/xiaoshan120060/1415682.html'),
(532, '南观音洞', 30.220477, 120.158802, NULL, NULL, NULL, 1, NULL, NULL, '杭州市西湖区玉皇山路', NULL, NULL, '', 0, 'http://you.ctrip.com/sight/hangzhou14/143812.html'),
(533, '温馨岛', 29.643172, 119.038681, NULL, NULL, NULL, 1, NULL, NULL, '杭州市淳安县千岛湖风景区中心湖区', NULL, NULL, '', 0, 'http://you.ctrip.com/sight/qiandaohu17/1476667.html'),
(534, '雪水岭景区', 29.695384, 119.841772, NULL, NULL, NULL, 1, NULL, NULL, '杭州市桐庐县凤川镇与新合乡交界处', NULL, NULL, '市场价', 0, 'http://you.ctrip.com/sight/tonglu688/1409672.html'),
(535, '宝成寺', 30.24008, 120.173813, NULL, NULL, NULL, 1, NULL, NULL, '杭州市上城区吴山东南麓', NULL, NULL, '', 0, 'http://you.ctrip.com/sight/hangzhou14/143500.html'),
(536, '千岛湖汪家葡萄采摘园', 29.644631, 119.139053, NULL, NULL, NULL, 1, NULL, NULL, '杭州淳安县千岛湖镇汪家村', NULL, NULL, '', 0, 'http://you.ctrip.com/sight/qiandaohu17/1413504.html'),
(537, '大观山果园', 30.397648, 119.997719, NULL, NULL, NULL, 1, NULL, NULL, '杭州市余杭区瓶窑镇', NULL, NULL, '', 0, 'http://you.ctrip.com/sight/yuhang1429/141528.html'),
(538, '琵琶湾生态园', 30.496957, 120.186243, NULL, NULL, NULL, 1, NULL, NULL, '杭州市余杭区塘栖镇邵家坝村', NULL, NULL, '', 0, 'http://you.ctrip.com/sight/yuhang1429/116754.html'),
(539, '桐庐博物馆', 29.801903, 119.705898, NULL, NULL, NULL, 1, NULL, NULL, '杭州市桐庐县桐君街道学圣路646号', NULL, NULL, '', 0, 'http://you.ctrip.com/sight/tonglu688/144244.html'),
(540, '天目大仙峰', 30.366329, 119.524715, NULL, NULL, NULL, 1, NULL, NULL, '杭州市临安市太湖源镇梅家村', NULL, NULL, '', 0, 'http://you.ctrip.com/sight/tianmushan1435/135947.html'),
(541, '畲乡山寨', 29.803306, 119.583476, NULL, NULL, NULL, 1, NULL, NULL, '杭州市郊桐庐市莪山畲乡', NULL, NULL, '', 0, 'http://you.ctrip.com/sight/tonglu688/143537.html'),
(542, '法相探春', NULL, NULL, NULL, NULL, NULL, 1, NULL, NULL, '杭州市西湖区五老峰山巅', NULL, NULL, '', 0, 'http://you.ctrip.com/sight/hangzhou14/1416593.html'),
(543, '跨虹桥', 30.256763, 120.14245, NULL, NULL, NULL, 1, NULL, NULL, '杭州市西湖区苏堤', NULL, NULL, '', 0, 'http://you.ctrip.com/sight/hangzhou14/1739311.html'),
(544, '息庐', 30.26021, 120.146648, NULL, NULL, NULL, 1, NULL, NULL, '杭州市西湖区北山路66号', NULL, NULL, '', 0, 'http://you.ctrip.com/sight/hangzhou14/1417380.html'),
(545, '春润庐', 30.262332, 120.150849, NULL, NULL, NULL, 1, NULL, NULL, '杭州市西湖区北山路54号', NULL, NULL, '', 0, 'http://you.ctrip.com/sight/hangzhou14/1417384.html'),
(546, '如意洞', 30.262745, 120.142183, NULL, NULL, NULL, 1, NULL, NULL, '杭州市西湖区紫云洞之南', NULL, NULL, '', 0, 'http://you.ctrip.com/sight/hangzhou14/1461956.html'),
(547, '九泓亭', 30.213642, 120.114307, NULL, NULL, NULL, 1, NULL, NULL, '杭州市西湖区九溪茶园小径中', NULL, NULL, '', 0, 'http://you.ctrip.com/sight/hangzhou14/1461959.html'),
(548, '通明洞', 30.222435, 120.166894, NULL, NULL, NULL, 1, NULL, NULL, '杭州市上城区复兴大道', NULL, NULL, '', 0, 'http://you.ctrip.com/sight/hangzhou14/1462429.html'),
(549, '涉岙亭', 30.223582, 120.155072, NULL, NULL, NULL, 1, NULL, NULL, '杭州市西湖区玉皇山景区内', NULL, NULL, '', 0, 'http://you.ctrip.com/sight/hangzhou14/1468421.html'),
(550, '三义公园', 30.375373, 120.240361, NULL, NULL, NULL, 1, NULL, NULL, '杭州市江干区丁石路', NULL, NULL, '', 0, 'http://you.ctrip.com/sight/hangzhou14/1470074.html'),
(551, '万佛金塔地宫', 30.108434, 120.202088, NULL, NULL, NULL, 1, NULL, NULL, '杭州市萧山区东方文化园内', NULL, NULL, '', 0, 'http://you.ctrip.com/sight/xiaoshan120060/1416417.html'),
(552, '黄公望纪念馆', 30.095827, 120.017676, NULL, NULL, NULL, 1, NULL, NULL, '杭州市富阳市东洲街道黄公望村黄公望隐居地内', NULL, NULL, '', 0, 'http://you.ctrip.com/sight/hangzhou14/143616.html'),
(553, '浙西三尖', NULL, NULL, NULL, NULL, NULL, 1, NULL, NULL, '杭州市临安市龙岗镇（附近）', NULL, NULL, '', 0, 'http://you.ctrip.com/sight/linan88/1676303.html'),
(554, '圆通禅寺', 29.803721, 119.678668, NULL, NULL, NULL, 1, NULL, NULL, '杭州市桐庐县圆通路', NULL, NULL, '', 0, 'http://you.ctrip.com/sight/tonglu688/143541.html'),
(555, '浙西凉源峡漂流', 30.206971, 119.202579, NULL, NULL, NULL, 1, NULL, NULL, '杭州市临安昌化镇后葛村', NULL, NULL, '', 0, 'http://you.ctrip.com/sight/hangzhou14/144642.html'),
(556, '王文韶故居', 30.259665, 120.179908, NULL, NULL, NULL, 1, NULL, NULL, '杭州市上城区清吟巷', NULL, NULL, '', 0, 'http://you.ctrip.com/sight/hangzhou14/1416496.html'),
(557, '月岩', 30.222419, 120.161657, NULL, NULL, NULL, 1, NULL, NULL, '杭州市上城区凤凰山圣果寺遗址附近', NULL, NULL, '', 0, 'http://you.ctrip.com/sight/hangzhou14/1418589.html'),
(558, '月宝亭', 30.21954, 120.149269, NULL, NULL, NULL, 1, NULL, NULL, '杭州市西湖区玉皇山风景区内', NULL, NULL, '', 0, 'http://you.ctrip.com/sight/hangzhou14/1466750.html'),
(559, '邑江亭', 30.218589, 120.148916, NULL, NULL, NULL, 1, NULL, NULL, '杭州市上城区玉皇山上', NULL, NULL, '', 0, 'http://you.ctrip.com/sight/hangzhou14/1468059.html'),
(560, '西溪梅墅', 30.266254, 120.074081, NULL, NULL, NULL, 1, NULL, NULL, '杭州市西湖区天目山路西溪湿地公园内', NULL, NULL, '', 0, 'http://you.ctrip.com/sight/hangzhou14/1673201.html'),
(561, '绿荷塘古楠木森林公园', 29.433555, 119.146067, NULL, NULL, NULL, 1, NULL, NULL, '杭州市建德建寿昌林场绿荷塘林区内', NULL, NULL, '', 0, 'http://you.ctrip.com/sight/hangzhou14/143584.html'),
(562, '蛤蟆峰', 30.266028, 120.152418, NULL, NULL, NULL, 1, NULL, NULL, '杭州市西湖区宝石山', NULL, NULL, '', 0, 'http://you.ctrip.com/sight/hangzhou14/144490.html'),
(563, '猴鹰谷', 29.840421, 119.621762, NULL, NULL, NULL, 1, NULL, NULL, '杭州市桐庐县横村大坑水库', NULL, NULL, '', 0, 'http://you.ctrip.com/sight/tonglu688/70392.html'),
(564, '石景源峡谷', 30.197412, 118.926728, NULL, NULL, NULL, 1, NULL, NULL, '杭州市桐庐县桐君街道大奇山路大奇山国家森林公园内', NULL, NULL, '', 0, 'http://you.ctrip.com/sight/hangzhou14/144465.html'),
(565, '神仙峰户外拓展', 29.910312, 119.464768, NULL, NULL, NULL, 1, NULL, NULL, '杭州市桐庐县瑶琳镇桃源村野外训练基地', NULL, NULL, '', 0, 'http://you.ctrip.com/sight/tonglu688/140739.html'),
(566, '十字峡谷', 29.801081, 119.787548, NULL, NULL, NULL, 1, NULL, NULL, '杭州市桐庐县凤川镇竹桐坞村', NULL, NULL, '', 0, 'http://you.ctrip.com/sight/tonglu688/1477372.html'),
(567, '南峰塔', 29.535154, 119.515943, NULL, NULL, NULL, 1, NULL, NULL, '杭州市建德市新安江、富春江、兰江的汇合口', NULL, NULL, '', 0, 'http://you.ctrip.com/sight/jiande687/1477875.html'),
(568, '岩岭湖', 30.017101, 119.634819, NULL, NULL, NULL, 1, NULL, NULL, '杭州市富阳区西北胥口镇富春桃源景区内', NULL, NULL, '', 0, 'http://you.ctrip.com/sight/fuyang1513/143540.html'),
(569, '进贤湾水上公园', 28.370524, 116.282281, NULL, NULL, NULL, 1, NULL, NULL, '杭州市淳安千岛湖镇进贤湾（千岛湖大桥旁）', NULL, NULL, '', 0, 'http://you.ctrip.com/sight/qiandaohu17/1414268.html'),
(570, '美国城', 30.340229, 120.083129, NULL, NULL, NULL, 1, NULL, NULL, '杭州西湖区之江路148号', NULL, NULL, '', 0, 'http://you.ctrip.com/sight/hangzhou14/1418451.html'),
(571, '青年公园', 30.260546, 120.194217, NULL, NULL, NULL, 1, NULL, NULL, '杭州市上城区环城东路', NULL, NULL, '', 0, 'http://you.ctrip.com/sight/hangzhou14/117293.html'),
(572, '西瀑大森林', 30.35092, 119.530524, NULL, NULL, NULL, 1, NULL, NULL, '杭州市临安市太湖源镇东天目山景区内', NULL, NULL, '', 0, 'http://you.ctrip.com/sight/tianmushan1435/135953.html'),
(573, '娘娘山', 30.317669, 119.854071, NULL, NULL, NULL, 1, NULL, NULL, '位于杭州郊外余杭区', NULL, NULL, '', 0, 'http://you.ctrip.com/sight/yuhang1429/1484756.html'),
(574, '九霄碧云洞', 30.018508, 119.64388, NULL, NULL, NULL, 1, NULL, NULL, '杭州市富阳区西北胥口镇上练村', NULL, NULL, '', 0, 'http://you.ctrip.com/sight/fuyang1513/143615.html'),
(575, '爱奇儿童游乐园', 30.346782, 120.19635, NULL, NULL, NULL, 1, NULL, NULL, '杭州市下城区永波街170号新商汇商业中心中心中庭二楼', NULL, NULL, '', 0, 'http://you.ctrip.com/sight/hangzhou14/69967.html'),
(576, '石塘公园', 30.39095, 120.19404, NULL, NULL, NULL, 1, NULL, NULL, '杭州市拱墅区石塘村（蠡湖西南岸石塘桥堍）', NULL, NULL, '', 0, 'http://you.ctrip.com/sight/hangzhou14/117296.html'),
(577, '上西村', 29.947136, 119.003704, NULL, NULL, NULL, 1, NULL, NULL, '杭州市郊淳安县屏门乡（千岛湖外围）', NULL, NULL, '', 0, 'http://you.ctrip.com/sight/qiandaohu17/144047.html'),
(578, '剑门十八瀑', 30.145278, 118.961018, NULL, NULL, NULL, 1, NULL, NULL, '杭州市临安市吉浙线十门峡景区内', NULL, NULL, '', 0, 'http://you.ctrip.com/sight/linan88/51902.html'),
(579, '千岛湖乡村高尔夫', 29.598878, 119.15707, NULL, NULL, NULL, 1, NULL, NULL, '杭州市淳安县千岛湖镇坪山工业园区万向路', NULL, NULL, '', 0, 'http://you.ctrip.com/sight/qiandaohu17/1407310.html'),
(580, '池夏自拍馆', 30.31586, 120.331612, NULL, NULL, NULL, 1, NULL, NULL, '杭州市江干区下沙金沙湖地铁站B口金沙汇生活创意园区T-011/012', NULL, NULL, '', 0, 'http://you.ctrip.com/sight/hangzhou14/1704547.html'),
(581, '北观音洞', 30.226063, 120.162371, NULL, NULL, NULL, 1, NULL, NULL, '杭州市上城区玉皇山路', NULL, NULL, '', 0, 'http://you.ctrip.com/sight/hangzhou14/143794.html'),
(582, '胥岭', 29.739117, 119.468984, NULL, NULL, NULL, 1, NULL, NULL, '建德市乾潭镇胥岭村', NULL, NULL, '', 0, 'http://you.ctrip.com/sight/jiande687/139905.html'),
(583, '吴汉月墓', 30.215694, 120.159905, NULL, NULL, NULL, 1, NULL, NULL, '杭州市上城区南复路（八卦田北面的施家山南麓）', NULL, NULL, '', 0, 'http://you.ctrip.com/sight/hangzhou14/1416670.html'),
(584, '如庐', 30.264695, 120.154196, NULL, NULL, NULL, 1, NULL, NULL, '杭州市西湖区北山路34号', NULL, NULL, '', 0, 'http://you.ctrip.com/sight/hangzhou14/1416805.html'),
(585, '紫荆公园', 30.314309, 120.145961, NULL, NULL, NULL, 1, NULL, NULL, '杭州市拱墅区丽水路（近青莎公园）', NULL, NULL, '', 0, 'http://you.ctrip.com/sight/hangzhou14/1473463.html'),
(586, '太平天国听王府', 30.258807, 120.183241, NULL, NULL, NULL, 1, NULL, NULL, '杭州市上城区小营巷61号', NULL, NULL, '', 0, 'http://you.ctrip.com/sight/hangzhou14/1477634.html'),
(587, '张苍水祠', 30.233941, 120.150802, NULL, NULL, NULL, 1, NULL, NULL, '杭州市西湖区南山路苏堤口', NULL, NULL, '', 0, 'http://you.ctrip.com/sight/hangzhou14/143829.html'),
(588, '双塔凌云', 29.530071, 119.509089, NULL, NULL, NULL, 1, NULL, NULL, '杭州市建德市梅城梅城南北的山峰上', NULL, NULL, '', 0, 'http://you.ctrip.com/sight/jiande687/1461313.html'),
(589, '浙江胜利剧院', 30.261833, 120.170459, NULL, NULL, NULL, 1, NULL, NULL, '杭州市上城区延安路279号', NULL, NULL, '', 0, 'http://you.ctrip.com/sight/hangzhou14/1708663.html'),
(590, '二公园', 30.258354, 120.168736, NULL, NULL, NULL, 1, NULL, NULL, '杭州市上城区湖滨公园', NULL, NULL, '', 0, 'http://you.ctrip.com/sight/hangzhou14/1739367.html'),
(591, '中国围棋博物馆', 30.260811, 120.230622, NULL, NULL, NULL, 1, NULL, NULL, '杭州市江干区钱潮路2-6号（天元大厦内）', NULL, NULL, '', 0, 'http://you.ctrip.com/sight/hangzhou14/1417241.html'),
(592, '怡庐', NULL, NULL, NULL, NULL, NULL, 1, NULL, NULL, '杭州市西湖区北山路75号', NULL, NULL, '', 0, 'http://you.ctrip.com/sight/hangzhou14/1417376.html'),
(593, '穗庐', 30.258698, 120.13902, NULL, NULL, NULL, 1, NULL, NULL, '杭州市西湖区北山路94号', NULL, NULL, '', 0, 'http://you.ctrip.com/sight/hangzhou14/1417443.html'),
(594, '投缘池', 30.268016, 120.145749, NULL, NULL, NULL, 1, NULL, NULL, '杭州市西湖区曙光路黄龙洞景区内', NULL, NULL, '', 0, 'http://you.ctrip.com/sight/hangzhou14/1418259.html'),
(595, '仙桥洞', 30.121376, 120.041268, NULL, NULL, NULL, 1, NULL, NULL, '杭州市西湖区灵山风景区内', NULL, NULL, '', 0, 'http://you.ctrip.com/sight/hangzhou14/1467248.html'),
(596, '方谷园', 30.257356, 120.185042, NULL, NULL, NULL, 1, NULL, NULL, '杭州市上城区马市街', NULL, NULL, '', 0, 'http://you.ctrip.com/sight/hangzhou14/1477617.html'),
(597, '法华山公园', 30.257036, 120.100671, NULL, NULL, NULL, 1, NULL, NULL, '杭州市西湖区老东岳村（西马路旁）', NULL, NULL, '', 0, 'http://you.ctrip.com/sight/hangzhou14/1473030.html'),
(598, '南宋皇室禁苑遗址', 30.22334, 120.164208, NULL, NULL, NULL, 1, NULL, NULL, '杭州市上城区玉皇山路', NULL, NULL, '', 0, 'http://you.ctrip.com/sight/hangzhou14/1416500.html'),
(599, '建塘公园', 30.35402, 120.219683, NULL, NULL, NULL, 1, NULL, NULL, '杭州市江干区红旗路', NULL, NULL, '', 0, 'http://you.ctrip.com/sight/hangzhou14/1469871.html'),
(600, '勾山樵舍', NULL, NULL, NULL, NULL, NULL, 1, NULL, NULL, '杭州市西湖区柳浪闻莺公园正门对面', NULL, NULL, '', 0, 'http://you.ctrip.com/sight/hangzhou14/1477958.html'),
(601, '镭之战室内真人CS', 30.346502, 120.101524, NULL, NULL, NULL, 1, NULL, NULL, '杭州市西湖区莫干山路1509号西田城一楼', NULL, NULL, '', 0, 'http://you.ctrip.com/sight/hangzhou14/69667.html'),
(602, '潘天寿墓', 30.226382, 120.14962, NULL, NULL, NULL, 1, NULL, NULL, '杭州市西湖区西湖南部（九曜山南麓）', NULL, NULL, '', 0, 'http://you.ctrip.com/sight/hangzhou14/1416802.html'),
(603, '俞平伯故居', 30.256233, 120.148194, NULL, NULL, NULL, 1, NULL, NULL, '杭州市西湖区白堤孤山路32号', NULL, NULL, '', 0, 'http://you.ctrip.com/sight/hangzhou14/1418086.html'),
(604, '长桥溪水生态修复公园', 30.235772, 120.160201, NULL, NULL, NULL, 1, NULL, NULL, '杭州市西湖区西湖风景区内（近玉皇山路）', NULL, NULL, '', 0, 'http://you.ctrip.com/sight/hangzhou14/1469408.html'),
(605, '北星公园', 30.336302, 120.144909, NULL, NULL, NULL, 1, NULL, NULL, '杭州市拱墅区丽水路328号', NULL, NULL, '', 0, 'http://you.ctrip.com/sight/hangzhou14/1471409.html'),
(606, '东明山森林公园', 30.434608, 120.012185, NULL, NULL, NULL, 1, NULL, NULL, '杭州市余杭区良渚镇安溪东明山', NULL, NULL, '', 0, 'http://you.ctrip.com/sight/yuhang1429/16622.html'),
(607, '云水光中亭', 30.305774, 120.196829, NULL, NULL, NULL, 1, NULL, NULL, '杭州市西湖区于断桥侧畔', NULL, NULL, '', 0, 'http://you.ctrip.com/sight/hangzhou14/1468599.html'),
(608, '一九四三真人密室逃脱俱乐部', 30.239137, 119.721952, NULL, NULL, NULL, 1, NULL, NULL, '杭州市临安市临天路168号', NULL, NULL, '', 0, 'http://you.ctrip.com/sight/linan88/1511125.html'),
(609, '超山青莲寺', 30.437356, 120.211871, NULL, NULL, NULL, 1, NULL, NULL, '杭州市余杭区塘栖镇超山风景区北麓', NULL, NULL, '', 0, 'http://you.ctrip.com/sight/yuhang1429/143796.html'),
(610, '中国音乐博物馆', 30.234495, 120.162598, NULL, NULL, NULL, 1, NULL, NULL, '杭州市西湖区玉皇山路77号', NULL, NULL, '', 0, 'http://you.ctrip.com/sight/hangzhou14/1417228.html'),
(611, '古树公园', 30.236523, 120.180036, NULL, NULL, NULL, 1, NULL, NULL, '杭州市上城区江城路401号（近婚育服务中心）', NULL, NULL, '', 0, 'http://you.ctrip.com/sight/hangzhou14/1473027.html'),
(612, '中国水利博物馆', 30.264897, 120.319123, NULL, NULL, NULL, 1, NULL, NULL, '杭州市萧山区水博大道1号', NULL, NULL, '', 0, 'http://you.ctrip.com/sight/xiaoshan120060/144647.html'),
(613, '中国美术学院皮影艺术博物馆', 30.248122, 120.165684, NULL, NULL, NULL, 1, NULL, NULL, '杭州市上城区南山路206号', NULL, NULL, '', 0, 'http://you.ctrip.com/sight/hangzhou14/1477660.html'),
(614, '接龙寺', 30.259041, 120.219428, NULL, NULL, NULL, 1, NULL, NULL, '杭州市萧山区坎山镇荣新村', NULL, NULL, '', 0, 'http://you.ctrip.com/sight/xiaoshan120060/1417362.html'),
(615, '奥兰德海洋村（西溪印象城店）', 30.253613, 120.057018, NULL, NULL, NULL, 1, NULL, NULL, '杭州市五常大道1号西溪印象城3楼L337b（西溪湿地西门）', NULL, NULL, '', 0, 'http://you.ctrip.com/sight/yuhang1429/20195.html'),
(616, '萧山杜家村杨梅采摘基地', 30.080826, 120.321111, NULL, NULL, NULL, 1, NULL, NULL, '杭州市萧山区所前镇杜家村', NULL, NULL, '', 0, 'http://you.ctrip.com/sight/hangzhou14/1703842.html'),
(617, '南高峰', 30.227989, 120.12838, NULL, NULL, NULL, 1, NULL, NULL, '杭州市西湖区南高峰', NULL, NULL, '', 0, 'http://you.ctrip.com/sight/hangzhou14/144211.html'),
(618, '镜湖厅公园', 30.260288, 120.147266, NULL, NULL, NULL, 1, NULL, NULL, '杭州市西湖区西泠桥以东、北山路以南的滨湖地带', NULL, NULL, '', 0, 'http://you.ctrip.com/sight/hangzhou14/116819.html'),
(619, '陶成章墓', 30.232912, 120.119712, NULL, NULL, NULL, 1, NULL, NULL, '杭州市西湖区龙井路', NULL, NULL, '', 0, 'http://you.ctrip.com/sight/hangzhou14/1417746.html'),
(620, '夕影亭', 30.239199, 120.161527, NULL, NULL, NULL, 1, NULL, NULL, '杭州市西湖区南山路长桥公园内', NULL, NULL, '', 0, 'http://you.ctrip.com/sight/hangzhou14/1462607.html'),
(621, '梦姑塘文化公园', 29.602953, 119.028214, NULL, NULL, NULL, 1, NULL, NULL, '杭州市淳安县滨湖景观大道（钱塘星岛度假村对面）', NULL, NULL, '', 0, 'http://you.ctrip.com/sight/qiandaohu17/1477558.html'),
(622, '青莎公园', 30.315541, 120.145201, NULL, NULL, NULL, 1, NULL, NULL, '杭州市拱墅区丽水路', NULL, NULL, '', 0, 'http://you.ctrip.com/sight/hangzhou14/1469168.html'),
(623, '剔藓亭', 30.25699, 120.146445, NULL, NULL, NULL, 1, NULL, NULL, '杭州市西湖区孤山路西泠印社内', NULL, NULL, '', 0, 'http://you.ctrip.com/sight/hangzhou14/1463827.html'),
(624, '朵云生态农业园', NULL, NULL, NULL, NULL, NULL, 1, NULL, NULL, '杭州市余杭区中泰街道白云村朵云农业1号楼', NULL, NULL, '', 0, 'http://you.ctrip.com/sight/hangzhou14/1701416.html'),
(625, '江南悬空寺', 29.316431, 119.29582, NULL, NULL, NULL, 1, NULL, NULL, '杭州市建德市大慈岩镇大慈岩风景区内', NULL, NULL, '', 0, 'http://you.ctrip.com/sight/jiande687/143583.html'),
(626, '栖霞洞', 30.263236, 120.142765, NULL, NULL, NULL, 1, NULL, NULL, '杭州市西湖区西湖北山葛岭以西栖霞岭上', NULL, NULL, '', 0, 'http://you.ctrip.com/sight/hangzhou14/143815.html'),
(627, '米亚罗农庄', 30.123773, 119.259112, NULL, NULL, NULL, 1, NULL, NULL, '杭州市近郊临安市昌化云浪村（柳溪江漂流边）', NULL, NULL, '', 0, 'http://you.ctrip.com/sight/linan88/110006.html'),
(628, '西山国家森林公园', 30.122539, 120.037017, NULL, NULL, NULL, 1, NULL, NULL, '杭州市西湖区周浦镇', NULL, NULL, '', 0, 'http://you.ctrip.com/sight/hangzhou14/144115.html'),
(629, '福海堂茶业休闲观光园', NULL, NULL, NULL, NULL, NULL, 1, NULL, NULL, '杭州市西湖区（毗邻周浦乡板壁山水库）', NULL, NULL, '', 0, 'http://you.ctrip.com/sight/hangzhou14/1416628.html'),
(630, '遇雨亭', 30.199098, 120.1004, NULL, NULL, NULL, 1, NULL, NULL, '杭州市西湖区云栖竹径内', NULL, NULL, '', 0, 'http://you.ctrip.com/sight/hangzhou14/1477961.html'),
(631, '杭州图书馆佛学分馆', 30.233505, 120.104291, NULL, NULL, NULL, 1, NULL, NULL, '杭州市西湖区天竺路317号', NULL, NULL, '', 0, 'http://you.ctrip.com/sight/hangzhou14/1816014.html'),
(632, '云亭', 30.259501, 120.149024, NULL, NULL, NULL, 1, NULL, NULL, '杭州市西湖区孤山放鹤亭西侧', NULL, NULL, '', 0, 'http://you.ctrip.com/sight/hangzhou14/1418686.html'),
(633, '溪中溪', 30.209296, 120.119048, NULL, NULL, NULL, 1, NULL, NULL, '杭州市西湖区九溪景区内', NULL, NULL, '', 0, 'http://you.ctrip.com/sight/hangzhou14/1462426.html'),
(634, '潜川镇青山殿村', 30.050009, 119.364289, NULL, NULL, NULL, 1, NULL, NULL, '临安市潜川镇青山殿村', NULL, NULL, '', 0, 'http://you.ctrip.com/sight/linan88/135846.html'),
(635, '思澄堂', 30.256584, 120.179525, NULL, NULL, NULL, 1, NULL, NULL, '杭州市上城区解放路132号', NULL, NULL, '', 0, 'http://you.ctrip.com/sight/hangzhou14/1418610.html'),
(636, '环溪村', 29.846584, 119.857508, NULL, NULL, NULL, 1, NULL, NULL, '杭州桐庐县江南镇环溪村', NULL, NULL, '', 0, 'http://you.ctrip.com/sight/tonglu688/1418521.html'),
(637, '三都渔家乐特色村', NULL, NULL, NULL, NULL, NULL, 1, NULL, NULL, '杭州市建德市三都镇三江口村', NULL, NULL, '', 0, 'http://you.ctrip.com/sight/jiande687/135861.html'),
(638, '神秘谷CS拓展基地', 29.785166, 119.840397, NULL, NULL, NULL, 1, NULL, NULL, '杭州市桐庐县凤川镇凤源村', NULL, NULL, '', 0, 'http://you.ctrip.com/sight/tonglu688/141470.html'),
(639, '洗心亭', 30.196538, 120.096601, NULL, NULL, NULL, 1, NULL, NULL, '杭州市西湖区梅灵南路云栖竹径内', NULL, NULL, '', 0, 'http://you.ctrip.com/sight/hangzhou14/1468598.html'),
(640, '金鼓洞', 30.265958, 120.141944, NULL, NULL, NULL, 1, NULL, NULL, '杭州市西湖区西湖北山葛岭以西栖霞岭上', NULL, NULL, '', 0, 'http://you.ctrip.com/sight/hangzhou14/143807.html'),
(641, '海瑞祠', NULL, NULL, NULL, NULL, NULL, 1, NULL, NULL, '杭州市淳安县千岛湖中心湖区龙山岛', NULL, NULL, '', 0, 'http://you.ctrip.com/sight/qiandaohu17/144205.html'),
(642, '小百花公园', 30.288585, 120.142856, NULL, NULL, NULL, 1, NULL, NULL, '杭州市西湖区教工路（浙江小百花越剧团剧场前）', NULL, NULL, '', 0, 'http://you.ctrip.com/sight/hangzhou14/117102.html'),
(643, '三茅观遗址', 30.237803, 120.172319, NULL, NULL, NULL, 1, NULL, NULL, '杭州市上城区吴山天风的南面', NULL, NULL, '', 0, 'http://you.ctrip.com/sight/hangzhou14/1478544.html'),
(644, '交芦庵	', 30.270831, 120.076768, NULL, NULL, NULL, 1, NULL, NULL, '杭州市西湖区天目山路西溪湿地公园内', NULL, NULL, '', 0, 'http://you.ctrip.com/sight/hangzhou14/1673093.html'),
(645, '路小西私人影院', 30.304878, 120.111936, NULL, NULL, NULL, 1, NULL, NULL, '杭州市西湖区丰潭路299号', NULL, NULL, '', 0, 'http://you.ctrip.com/sight/hangzhou14/1684426.html'),
(646, '壑雷亭', 30.246118, 120.109068, NULL, NULL, NULL, 1, NULL, NULL, '杭州市西湖区灵隐景区内', NULL, NULL, '', 0, 'http://you.ctrip.com/sight/hangzhou14/1469171.html'),
(647, '登仙台', 30.035088, 118.999411, NULL, NULL, NULL, 1, NULL, NULL, '杭州市临安市大明山风景区内', NULL, NULL, '', 0, 'http://you.ctrip.com/sight/damingshan120550/134612.html'),
(648, '阮公祠', 30.240993, 120.172272, NULL, NULL, NULL, 1, NULL, NULL, '杭州市上城区吴山元宝心60号', NULL, NULL, '', 0, 'http://you.ctrip.com/sight/hangzhou14/1416401.html'),
(649, '白鹭公园', 30.36795, 120.033459, NULL, NULL, NULL, 1, NULL, NULL, '杭州市余杭区良渚文化村内', NULL, NULL, '', 0, 'http://you.ctrip.com/sight/hangzhou14/1473646.html'),
(650, '伍公山', 30.244019, 120.176406, NULL, NULL, NULL, 1, NULL, NULL, '杭州上城区中山南路', NULL, NULL, '', 0, 'http://you.ctrip.com/sight/hangzhou14/1416831.html'),
(651, '婆留井', 30.24891, 120.164801, NULL, NULL, NULL, 1, NULL, NULL, '杭州临安市太湖源镇白沙村', NULL, NULL, '', 0, 'http://you.ctrip.com/sight/linan88/4144.html'),
(652, '周恩来演讲纪念亭', 30.328205, 119.452939, NULL, NULL, NULL, 1, NULL, NULL, '杭州临安市天目山风景区禅源寺景区', NULL, NULL, '', 0, 'http://you.ctrip.com/sight/linan88/46882.html'),
(653, '题襟馆', 30.25713, 120.146918, NULL, NULL, NULL, 1, NULL, NULL, '杭州市西湖风景区西泠印社内最高处', NULL, NULL, '', 0, 'http://you.ctrip.com/sight/hangzhou14/1477896.html'),
(654, '清照亭', 30.243793, 120.163922, NULL, NULL, NULL, 1, NULL, NULL, '杭州市上城区南山路85号柳浪闻莺公园内', NULL, NULL, '', 0, 'http://you.ctrip.com/sight/hangzhou14/1468751.html'),
(655, '古庆春门', 30.263813, 120.194409, NULL, NULL, NULL, 1, NULL, NULL, '杭州市下城区环城东路和庆春路交叉口（近沙河边）', NULL, NULL, '', 0, 'http://you.ctrip.com/sight/hangzhou14/1816045.html'),
(656, '河渚塔', 30.278021, 120.076788, NULL, NULL, NULL, 1, NULL, NULL, '杭州市西湖区天目山路518号西溪国家湿地公园河渚街', NULL, NULL, '', 0, 'http://you.ctrip.com/sight/hangzhou14/1816055.html'),
(657, '杭州城市建设陈列馆', 30.264406, 120.170156, NULL, NULL, NULL, 1, NULL, NULL, '杭州市下城区庆春路258号', NULL, NULL, '', 0, 'http://you.ctrip.com/sight/hangzhou14/1418071.html'),
(658, '石屋洞', 30.226024, 120.136665, NULL, NULL, NULL, 1, NULL, NULL, '杭州市西湖区满觉陇路(近南高峰)', NULL, NULL, '', 0, 'http://you.ctrip.com/sight/hangzhou14/144165.html'),
(659, '美丽洲公园', 30.383326, 120.034576, NULL, NULL, NULL, 1, NULL, NULL, '杭州市余杭区良渚镇美丽洲路1号(近良渚博物院)', NULL, NULL, '', 0, 'http://you.ctrip.com/sight/hangzhou14/144198.html'),
(660, '司徒雷登故居', 30.274699, 120.172808, NULL, NULL, NULL, 1, NULL, NULL, '杭州市下城区天水街道天水桥耶稣堂弄1-3号', NULL, NULL, '', 0, 'http://you.ctrip.com/sight/hangzhou14/143900.html'),
(661, '翠微亭', 30.245462, 120.108311, NULL, NULL, NULL, 1, NULL, NULL, '杭州市西湖区飞来峰半山腰上', NULL, NULL, '', 0, 'http://you.ctrip.com/sight/hangzhou14/1462554.html'),
(662, '理安寺', 30.21358, 120.120015, NULL, NULL, NULL, 1, NULL, NULL, '杭州市西湖区九溪风景区杨梅岭古道附近', NULL, NULL, '', 0, 'http://you.ctrip.com/sight/hangzhou14/1417894.html'),
(663, '马一浮纪念馆', 30.237397, 120.148652, NULL, NULL, NULL, 1, NULL, NULL, '杭州市西湖区花港观鱼公园内', NULL, NULL, '', 0, 'http://you.ctrip.com/sight/hangzhou14/1417305.html'),
(664, '指南山', 30.345075, 119.61484, NULL, NULL, NULL, 1, NULL, NULL, '杭州市临安市指南村', NULL, NULL, '', 0, 'http://you.ctrip.com/sight/linan88/51950.html'),
(665, '钱学森故居', 30.257738, 120.184032, NULL, NULL, NULL, 1, NULL, NULL, '杭州市上城区马市街方谷园2号', NULL, NULL, '', 0, 'http://you.ctrip.com/sight/hangzhou14/1477373.html'),
(666, '三堡公园', 30.273537, 120.223815, NULL, NULL, NULL, 1, NULL, NULL, '杭州市江干区三新路217号三堡公寓附近', NULL, NULL, '', 0, 'http://you.ctrip.com/sight/hangzhou14/1473829.html'),
(667, '紫云洞', 30.264125, 120.14377, NULL, NULL, NULL, 1, NULL, NULL, '杭州市西湖区葛岭以西栖霞岭上', NULL, NULL, '', 0, 'http://you.ctrip.com/sight/hangzhou14/1414704.html'),
(668, '西湖博览会博物馆', 30.263392, 120.152094, NULL, NULL, NULL, 1, NULL, NULL, '杭州市西湖区北山路40号（近断桥）', NULL, NULL, '', 0, 'http://you.ctrip.com/sight/hangzhou14/143789.html'),
(669, '万强农庄', 29.934831, 119.484523, NULL, NULL, NULL, 1, NULL, NULL, '杭州市桐庐县分水镇新龙村', NULL, NULL, '', 0, 'http://you.ctrip.com/sight/tonglu688/135952.html'),
(670, '月亮岛', 29.478017, 119.280814, NULL, NULL, NULL, 1, NULL, NULL, '杭州市建德新安江', NULL, NULL, '', 0, 'http://you.ctrip.com/sight/hangzhou14/1739881.html'),
(671, '下沙大学生夜市', 30.322066, 120.344226, NULL, NULL, NULL, 1, NULL, NULL, '杭州市江干区学林街浙江理工大学生活二区对面南侧段', NULL, NULL, '', 0, 'http://you.ctrip.com/sight/hangzhou14/1816227.html'),
(672, '中国漆美术馆', NULL, NULL, NULL, NULL, NULL, 1, NULL, NULL, '杭州市西湖区转塘街道外桐坞村168号', NULL, NULL, '', 0, 'http://you.ctrip.com/sight/hangzhou14/110016.html'),
(673, '老玉皇宫', 30.222388, 120.159365, NULL, NULL, NULL, 1, NULL, NULL, '杭州市西湖区玉皇山路玉皇山公园（近玉皇山隧道）', NULL, NULL, '', 0, 'http://you.ctrip.com/sight/hangzhou14/1416407.html'),
(674, '林和靖墓', 30.259431, 120.149826, NULL, NULL, NULL, 1, NULL, NULL, '杭州市西湖区孤山北麓', NULL, NULL, '', 0, 'http://you.ctrip.com/sight/hangzhou14/1418241.html'),
(675, '锁岛', 29.621463, 119.015194, NULL, NULL, NULL, 1, NULL, NULL, '杭州市淳安县千岛湖风景区', NULL, NULL, '', 0, 'http://you.ctrip.com/sight/qiandaohu17/1475943.html'),
(676, '中国古代造纸印刷文化村', 30.061372, 119.986042, NULL, NULL, NULL, 1, NULL, NULL, '杭州市富阳区江滨东大道21号', NULL, NULL, '', 0, 'http://you.ctrip.com/sight/fuyang1513/49226.html'),
(677, '四眼井', 30.221826, 120.142409, NULL, NULL, NULL, 1, NULL, NULL, '杭州市西湖区虎跑路与满觉陇路交汇处', NULL, NULL, '', 0, 'http://you.ctrip.com/sight/hangzhou14/1713892.html'),
(678, '新市街夜市', 30.291883, 120.168448, NULL, NULL, NULL, 1, NULL, NULL, '杭州市下城区河东路146号附近，临近朝晖公园', NULL, NULL, '', 0, 'http://you.ctrip.com/sight/hangzhou14/1816431.html'),
(679, '天目山镇天目村', 30.205902, 119.503207, NULL, NULL, NULL, 1, NULL, NULL, '临安市西天目乡', NULL, NULL, '', 0, 'http://you.ctrip.com/sight/linan88/135793.html'),
(680, '吴昌硕纪念室', 30.257138, 120.146385, NULL, NULL, NULL, 1, NULL, NULL, '杭州市西湖区孤山西冷印社内（近平湖秋月）', NULL, NULL, '', 0, 'http://you.ctrip.com/sight/hangzhou14/143824.html'),
(681, '浙窑陶艺公园', 30.337892, 120.138437, NULL, NULL, NULL, 1, NULL, NULL, '杭州市拱墅区石祥路与通益路交叉口', NULL, NULL, '', 0, 'http://you.ctrip.com/sight/hangzhou14/144173.html'),
(682, '窈口村', 29.783356, 119.96881, NULL, NULL, NULL, 1, NULL, NULL, '杭州市富阳区湖源乡窈口村', NULL, NULL, '', 0, 'http://you.ctrip.com/sight/fuyang1513/135893.html'),
(683, '杭州少年宫', 30.267385, 120.162007, NULL, NULL, NULL, 1, NULL, NULL, '杭州市西湖区少年宫', NULL, NULL, '', 0, 'http://you.ctrip.com/sight/hangzhou14/117255.html'),
(684, '魏庐', 30.236445, 120.145584, NULL, NULL, NULL, 1, NULL, NULL, '杭州市西湖区花港观鱼公园西侧', NULL, NULL, '', 0, 'http://you.ctrip.com/sight/hangzhou14/1418006.html'),
(685, '之江国家旅游度假区', 30.186401, 120.11705, NULL, NULL, NULL, 1, NULL, NULL, '杭州市西湖区之江路', NULL, NULL, '', 0, 'http://you.ctrip.com/sight/hangzhou14/1418569.html'),
(686, '东穆坞公园', 30.232389, 120.062296, NULL, NULL, NULL, 1, NULL, NULL, '杭州市西湖区G25长深高速', NULL, NULL, '', 0, 'http://you.ctrip.com/sight/hangzhou14/1467461.html'),
(687, '紫龙山寨', 30.166902, 119.21725, NULL, NULL, NULL, 1, NULL, NULL, '杭州市淳安与临安的交界处（距杭州市118公里）', NULL, NULL, '', 0, 'http://you.ctrip.com/sight/linan88/18342.html'),
(688, '水景公园', 30.409819, 120.303488, NULL, NULL, NULL, 1, NULL, NULL, '杭州市余杭区临平世纪大道', NULL, NULL, '', 0, 'http://you.ctrip.com/sight/yuhang1429/1469032.html'),
(689, '慈云岭造像', 30.222263, 120.1612, NULL, NULL, NULL, 1, NULL, NULL, '杭州市上城区玉皇山慈云岭南坡', NULL, NULL, '', 0, 'http://you.ctrip.com/sight/hangzhou14/144166.html'),
(690, '连横纪念馆', 30.263478, 120.15117, NULL, NULL, NULL, 1, NULL, NULL, '杭州市西湖区葛岭路17号', NULL, NULL, '', 0, 'http://you.ctrip.com/sight/hangzhou14/1417767.html'),
(691, '红石湾景区', 29.896333, 119.566624, NULL, NULL, NULL, 1, NULL, NULL, '杭州市桐庐县瑶琳镇姚村红石湾景区', NULL, NULL, '市场价', 0, 'http://you.ctrip.com/sight/tonglu688/135714.html'),
(692, 'S伽人空中瑜伽馆', NULL, NULL, NULL, NULL, NULL, 1, NULL, NULL, '杭州市江干区凤起东路338号天翔凤起时代大厦A座1403室（银泰附近）', NULL, NULL, '', 0, 'http://you.ctrip.com/sight/hangzhou14/1694598.html'),
(693, '澳美婴幼儿全能全脑开发中心', 30.190693, 120.267163, NULL, NULL, NULL, 1, NULL, NULL, '杭州市江干区凤起东路189号1幢5楼', NULL, NULL, '', 0, 'http://you.ctrip.com/sight/hangzhou14/1697510.html'),
(694, '一公园', 30.255945, 120.16811, NULL, NULL, NULL, 1, NULL, NULL, '杭州市上城区湖滨公园', NULL, NULL, '', 0, 'http://you.ctrip.com/sight/hangzhou14/1739431.html'),
(695, '馒头山', 30.412272, 119.969303, NULL, NULL, NULL, 1, NULL, NULL, '杭州市上城区南宋皇城遗址凤凰山脚路东面', NULL, NULL, '', 0, 'http://you.ctrip.com/sight/hangzhou14/1429941.html'),
(696, '七星亭', 30.220937, 120.154785, NULL, NULL, NULL, 1, NULL, NULL, '杭州市西湖区玉皇山景区内', NULL, NULL, '', 0, 'http://you.ctrip.com/sight/hangzhou14/1467043.html'),
(697, '蒋相公祠', 30.278184, 120.077137, NULL, NULL, NULL, 1, NULL, NULL, '杭州市西湖区天目山路518号西溪湿地公园内', NULL, NULL, '', 0, 'http://you.ctrip.com/sight/hangzhou14/1673196.html'),
(698, '馒头山社区', 30.225672, 120.176415, NULL, NULL, NULL, 1, NULL, NULL, '杭州市上城区南星街道南宋皇城遗址凤凰山脚路', NULL, NULL, '', 0, 'http://you.ctrip.com/sight/hangzhou14/1835924.html'),
(699, '杭州宋城旅游区（湘湖片区）', 30.176543, 120.103968, NULL, NULL, NULL, 1, NULL, NULL, '杭州市风情大道2555号', NULL, NULL, '市场价', 0, 'http://you.ctrip.com/sight/hangzhou14/1837818.html'),
(700, '浙江红博苑国防教育基地', 30.279487, 120.27361, NULL, NULL, NULL, 1, NULL, NULL, '杭州市萧山区宁围镇73021部队农副业基地内', NULL, NULL, '', 0, 'http://you.ctrip.com/sight/xiaoshan120060/1409263.html'),
(701, '霞湾公园', 30.300653, 120.157493, NULL, NULL, NULL, 1, NULL, NULL, '杭州市拱墅区德胜巷清水公寓西侧（近运河德胜桥北门）', NULL, NULL, '', 0, 'http://you.ctrip.com/sight/hangzhou14/117080.html'),
(702, 'X玄武密室', 30.047008, 119.951773, NULL, NULL, NULL, 1, NULL, NULL, '浙江富阳富阳市秦望路22-4号（船老大对面）', NULL, NULL, '', 0, 'http://you.ctrip.com/sight/fuyang1513/1422557.html'),
(703, '清河坊民俗博物馆', 30.245993, 120.174884, NULL, NULL, NULL, 1, NULL, NULL, '杭州市上城区高银街113号', NULL, NULL, '', 0, 'http://you.ctrip.com/sight/hangzhou14/1417071.html'),
(704, '玉带桥', 30.254159, 120.142163, NULL, NULL, NULL, 1, NULL, NULL, '杭州市西湖区西湖风景名胜区曲院风荷内', NULL, NULL, '', 0, 'http://you.ctrip.com/sight/hangzhou14/1477384.html'),
(705, '浙军攻克金陵阵亡将士墓', 30.23377, 120.12073, NULL, NULL, NULL, 1, NULL, NULL, '杭州市西湖区龙井路南天竺', NULL, NULL, '', 0, 'http://you.ctrip.com/sight/hangzhou14/1464363.html'),
(706, '伍公庙', 30.244012, 120.177048, NULL, NULL, NULL, 1, NULL, NULL, '杭州市上城区伍公山（近鼓楼）', NULL, NULL, '', 0, 'http://you.ctrip.com/sight/hangzhou14/1417892.html'),
(707, '优胜美地瑜伽院', 30.243785, 120.174134, NULL, NULL, NULL, 1, NULL, NULL, '杭州市上城区吴山城隍阁景区14号', NULL, NULL, '', 0, 'http://you.ctrip.com/sight/hangzhou14/1696556.html'),
(708, '高氏相机博物馆', 30.24469, 120.172938, NULL, NULL, NULL, 1, NULL, NULL, '杭州市拱墅区永和坊小区7幢一楼', NULL, NULL, '', 0, 'http://you.ctrip.com/sight/hangzhou14/1696561.html'),
(709, '万事利丝绸文化博物馆', 30.293684, 120.209653, NULL, NULL, NULL, 1, NULL, NULL, '杭州市江干区秋涛北路72号三新银座19楼', NULL, NULL, '', 0, 'http://you.ctrip.com/sight/hangzhou14/1702102.html'),
(710, '天目源漂流', 30.318471, 119.430108, NULL, NULL, NULL, 1, NULL, NULL, '杭州临安市天目山镇武山村塔后2号', NULL, NULL, '', 0, 'http://you.ctrip.com/sight/linan88/141754.html'),
(711, '世纪公园', 30.446346, 120.310582, NULL, NULL, NULL, 1, NULL, NULL, '杭州市余杭区北沙东路', NULL, NULL, '', 0, 'http://you.ctrip.com/sight/yuhang1429/117049.html'),
(712, '月老祠', 30.268274, 120.146707, NULL, NULL, NULL, 1, NULL, NULL, '杭州市西湖区曙光路16号（近黄龙体育中心）', NULL, NULL, '', 0, 'http://you.ctrip.com/sight/hangzhou14/1476657.html'),
(713, '朱眠石', 30.043006, 118.995836, NULL, NULL, NULL, 1, NULL, NULL, '杭州市临安市大明山风景区内', NULL, NULL, '', 0, 'http://you.ctrip.com/sight/damingshan120550/134611.html'),
(714, '攀岩主义杭州馆', 30.285061, 120.141691, NULL, NULL, NULL, 1, NULL, NULL, '杭州市西湖区教工路49号（浙江省职业体育技术学院内）', NULL, NULL, '', 0, 'http://you.ctrip.com/sight/hangzhou14/69890.html'),
(715, '五公园', 30.262051, 120.166252, NULL, NULL, NULL, 1, NULL, NULL, '杭州市上城区湖滨公园', NULL, NULL, '', 0, 'http://you.ctrip.com/sight/hangzhou14/1739412.html'),
(716, '3D奇幻馆', 29.627232, 119.045515, NULL, NULL, NULL, 1, NULL, NULL, '杭州千岛湖镇阳光路200号金色阳光运动休闲街（千岛湖开元度假村入口斜对面）', NULL, NULL, '市场价', 0, 'http://you.ctrip.com/sight/qiandaohu17/1413164.html'),
(717, '白云庵', 29.965723, 119.845443, NULL, NULL, NULL, 1, NULL, NULL, '杭州市西湖区夕照山下雷峰塔遗址西侧', NULL, NULL, '', 0, 'http://you.ctrip.com/sight/hangzhou14/1477606.html'),
(718, '御笔峰', 30.039598, 118.993923, NULL, NULL, NULL, 1, NULL, NULL, '杭州市临安市大明山风景区内', NULL, NULL, '', 0, 'http://you.ctrip.com/sight/damingshan120550/134622.html'),
(719, '孔凤春国妆博物馆', 30.244409, 120.17689, NULL, NULL, NULL, 1, NULL, NULL, '杭州市上城区大井巷23号', NULL, NULL, '', 0, 'http://you.ctrip.com/sight/hangzhou14/1417148.html'),
(720, '千人洞', 30.227732, 120.127824, NULL, NULL, NULL, 1, NULL, NULL, '杭州市西湖区南高峰南坡山腰天池洞西侧', NULL, NULL, '', 0, 'http://you.ctrip.com/sight/hangzhou14/1461185.html'),
(721, '美人峰', 30.248184, 120.098024, NULL, NULL, NULL, 1, NULL, NULL, '杭州市西湖区北高峰旁边', NULL, NULL, '', 0, 'http://you.ctrip.com/sight/hangzhou14/1476740.html'),
(722, '理公塔', 30.246492, 120.110724, NULL, NULL, NULL, 1, NULL, NULL, '杭州市西湖区灵隐景区龙泓洞口理公岩上', NULL, NULL, '', 0, 'http://you.ctrip.com/sight/hangzhou14/1476792.html'),
(723, '天龙寺造像', 30.217364, 120.154401, NULL, NULL, NULL, 1, NULL, NULL, '杭州市西湖区玉皇山南麓', NULL, NULL, '', 0, 'http://you.ctrip.com/sight/hangzhou14/1420848.html'),
(724, '小营巷公园', 30.258128, 120.183071, NULL, NULL, NULL, 1, NULL, NULL, '杭州市上城区小营巷', NULL, NULL, '', 0, 'http://you.ctrip.com/sight/hangzhou14/1473029.html'),
(725, '动漫广场', 30.167457, 120.209801, NULL, NULL, NULL, 1, NULL, NULL, '杭州市滨江区长江南路336号', NULL, NULL, '', 0, 'http://you.ctrip.com/sight/hangzhou14/1469738.html'),
(726, '陶周末•茶坞', NULL, NULL, NULL, NULL, NULL, 1, NULL, NULL, '杭州市西湖区青芝坞石虎山路18号A2-7（浙报七树文创园内二楼）', NULL, NULL, '', 0, 'http://you.ctrip.com/sight/hangzhou14/1684439.html'),
(727, '学士公园', 30.240962, 120.16166, NULL, NULL, NULL, 1, NULL, NULL, '杭州市上城区南山路61号', NULL, NULL, '', 0, 'http://you.ctrip.com/sight/hangzhou14/117263.html'),
(728, '李泌引水', 30.258386, 120.168699, NULL, NULL, NULL, 1, NULL, NULL, '杭州市上城区湖滨路附近', NULL, NULL, '', 0, 'http://you.ctrip.com/sight/hangzhou14/1416386.html'),
(729, '双灵亭', 30.26354, 120.143631, NULL, NULL, NULL, 1, NULL, NULL, '杭州市西湖区栖霞岭', NULL, NULL, '', 0, 'http://you.ctrip.com/sight/hangzhou14/1461819.html'),
(730, 'Vic密室逃脱', 30.298143, 120.122911, NULL, NULL, NULL, 1, NULL, NULL, '杭州市西湖区文一西路通普路北中天MCC1幢607（坐8号9号电梯）', NULL, NULL, '', 0, 'http://you.ctrip.com/sight/hangzhou14/1696557.html'),
(731, '小小运动馆', 30.271128, 120.21633, NULL, NULL, NULL, 1, NULL, NULL, '杭州市江干区新塘路108号杭州天虹购物中心B座3楼', NULL, NULL, '', 0, 'http://you.ctrip.com/sight/hangzhou14/1697509.html'),
(732, 'Xcape密室逃脱', 30.26974, 120.17514, NULL, NULL, NULL, 1, NULL, NULL, '杭州市下城区凤起路361号国都商务大厦15楼东', NULL, NULL, '', 0, 'http://you.ctrip.com/sight/hangzhou14/1696235.html'),
(733, '青帘坊', 30.255032, 120.14106, NULL, NULL, NULL, 1, NULL, NULL, '杭州市西湖区曲院风荷内', NULL, NULL, '', 0, 'http://you.ctrip.com/sight/hangzhou14/1477608.html'),
(734, '海马体照相馆', 30.315923, 120.353846, NULL, NULL, NULL, 1, NULL, NULL, '杭州下沙学源街998号传媒创意产业园L楼一层A104', NULL, NULL, '', 0, 'http://you.ctrip.com/sight/hangzhou14/1694573.html'),
(735, '成器·陶周末', NULL, NULL, NULL, NULL, NULL, 1, NULL, NULL, '杭州市西湖区紫金港路21号西溪天堂综合体7号1楼7-8室', NULL, NULL, '', 0, 'http://you.ctrip.com/sight/hangzhou14/1696220.html'),
(736, '全山石艺术中心', 30.172703, 120.111342, NULL, NULL, NULL, 1, NULL, NULL, '杭州市西湖区江涵路10号', NULL, NULL, '', 0, 'http://you.ctrip.com/sight/hangzhou14/1696542.html'),
(737, '江南运河', 30.238115, 119.993422, NULL, NULL, NULL, 1, NULL, NULL, '杭州江干区京杭运河以南段', NULL, NULL, '', 0, 'http://you.ctrip.com/sight/hangzhou14/1476736.html'),
(738, '秀山美地休闲农庄', 30.426006, 120.128919, NULL, NULL, NULL, 1, NULL, NULL, '杭州市余杭区桂花路', NULL, NULL, '', 0, 'http://you.ctrip.com/sight/yuhang1429/135958.html'),
(739, '舟山东路夜市', 30.33857, 120.173381, NULL, NULL, NULL, 1, NULL, NULL, '杭州市拱墅区舟山东路', NULL, NULL, '', 0, 'http://you.ctrip.com/sight/hangzhou14/1816249.html'),
(740, '千岛湖啤酒文化长廊', 29.615772, 119.154907, NULL, NULL, NULL, 1, NULL, NULL, '杭州市淳安县千岛湖镇坪山工业园区睦州大道659号', NULL, NULL, '市场价', 0, 'http://you.ctrip.com/sight/qiandaohu17/135835.html'),
(741, '大麦岭苏东坡摩崖题记', 30.240821, 120.133631, NULL, NULL, NULL, 1, NULL, NULL, '杭州市西湖区三台山下大麦岭东麓', NULL, NULL, '', 0, 'http://you.ctrip.com/sight/hangzhou14/1417055.html'),
(742, '北山路95号别墅', 30.2662, 120.156245, NULL, NULL, NULL, 1, NULL, NULL, '杭州市西湖区北山路95号', NULL, NULL, '', 0, 'http://you.ctrip.com/sight/hangzhou14/1417418.html'),
(743, '六部桥', 30.233097, 120.176922, NULL, NULL, NULL, 1, NULL, NULL, '杭州市上城区凤凰山脚下', NULL, NULL, '', 0, 'http://you.ctrip.com/sight/hangzhou14/1418059.html'),
(744, '舒云亭', NULL, NULL, NULL, NULL, NULL, 1, NULL, NULL, '杭州市西湖区杨公堤景区', NULL, NULL, '', 0, 'http://you.ctrip.com/sight/hangzhou14/1462608.html');
INSERT INTO `scenelist` (`id`, `name`, `lat`, `lng`, `des`, `fee`, `province`, `cityid`, `district`, `street`, `address`, `tags`, `keywords`, `level`, `isblock`, `tips`) VALUES
(745, '1895电影沙龙', 30.286831, 120.142579, NULL, NULL, NULL, 1, NULL, NULL, '杭州市西湖区教工路136号3楼（花园新村公交站戏谷麻将馆对门）', NULL, NULL, '', 0, 'http://you.ctrip.com/sight/hangzhou14/1684418.html'),
(746, '法语联盟', 30.291548, 120.142372, NULL, NULL, NULL, 1, NULL, NULL, '杭州市西湖区教工路198号', NULL, NULL, '', 0, 'http://you.ctrip.com/sight/hangzhou14/1700988.html'),
(747, '范公亭', 30.258729, 120.150062, NULL, NULL, NULL, 1, NULL, NULL, '杭州市西湖区孤山白苏二公祠右侧', NULL, NULL, '', 0, 'http://you.ctrip.com/sight/hangzhou14/1417878.html'),
(748, '云栖寺', 30.196, 120.098793, NULL, NULL, NULL, 1, NULL, NULL, '杭州市西湖区梅灵南路', NULL, NULL, '', 0, 'http://you.ctrip.com/sight/hangzhou14/143828.html'),
(749, '王者襟度', 30.248262, 120.164118, NULL, NULL, NULL, 1, NULL, NULL, '杭州市上城区南山路钱王祠附近', NULL, NULL, '', 0, 'http://you.ctrip.com/sight/hangzhou14/1463993.html'),
(750, '悠然亭', 30.231749, 120.147376, NULL, NULL, NULL, 1, NULL, NULL, '杭州市西湖区太子湾公园内', NULL, NULL, '', 0, 'http://you.ctrip.com/sight/hangzhou14/1464365.html'),
(751, '雨华亭', 30.324652, 119.456164, NULL, NULL, NULL, 1, NULL, NULL, '杭州临安市天目山风景区禅源寺景区', NULL, NULL, '', 0, 'http://you.ctrip.com/sight/tianmushan1435/74717.html'),
(752, '寿星头', 30.217762, 120.106525, NULL, NULL, NULL, 1, NULL, NULL, '杭州市西湖区九溪路', NULL, NULL, '', 0, 'http://you.ctrip.com/sight/hangzhou14/1464291.html'),
(753, '陶一天', 30.323849, 120.145354, NULL, NULL, NULL, 1, NULL, NULL, '杭州市拱墅区桥西直街7号（近舒羽咖啡）', NULL, NULL, '', 0, 'http://you.ctrip.com/sight/hangzhou14/1694567.html'),
(754, '天子岭生态公园', 30.395249, 120.210408, NULL, NULL, NULL, 1, NULL, NULL, '杭州市拱墅区半山镇石塘村', NULL, NULL, '', 0, 'http://you.ctrip.com/sight/hangzhou14/1416461.html'),
(755, '小龙泓洞', 30.25713, 120.146723, NULL, NULL, NULL, 1, NULL, NULL, '杭州市西湖区孤山路31号西泠印社内', NULL, NULL, '', 0, 'http://you.ctrip.com/sight/hangzhou14/1418057.html'),
(756, '吉利总部', NULL, NULL, NULL, NULL, NULL, 1, NULL, NULL, '杭州市滨江区江陵路1760号', NULL, NULL, '', 0, 'http://you.ctrip.com/sight/hangzhou14/1733036.html'),
(757, '曲水庵	', 30.270122, 120.078743, NULL, NULL, NULL, 1, NULL, NULL, '杭州市西湖区天目山路西溪湿地公园内', NULL, NULL, '', 0, 'http://you.ctrip.com/sight/hangzhou14/1673191.html'),
(758, '法相唐樟', NULL, NULL, NULL, NULL, NULL, 1, NULL, NULL, '杭州市西湖区三台山东麓（六通宾馆西面）', NULL, NULL, '', 0, 'http://you.ctrip.com/sight/hangzhou14/1417101.html'),
(759, '乐水亭', 30.233902, 120.14808, NULL, NULL, NULL, 1, NULL, NULL, '杭州市西湖区花港观鱼景区内', NULL, NULL, '', 0, 'http://you.ctrip.com/sight/hangzhou14/1462594.html'),
(760, '锦带桥', 30.260678, 120.154876, NULL, NULL, NULL, 1, NULL, NULL, '杭州市西湖区白堤上', NULL, NULL, '', 0, 'http://you.ctrip.com/sight/hangzhou14/1476683.html'),
(761, '之江文化创意园', 30.141936, 120.071629, NULL, NULL, NULL, 1, NULL, NULL, '杭州市西湖区转塘街道创意路1号', NULL, NULL, '', 0, 'http://you.ctrip.com/sight/hangzhou14/1696700.html'),
(762, '萧山博物馆', 30.176996, 120.2906, NULL, NULL, NULL, 1, NULL, NULL, '杭州市萧山区北干山南路651号', NULL, NULL, '', 0, 'http://you.ctrip.com/sight/xiaoshan120060/143825.html'),
(763, '南宋钱币博物馆', 30.25968, 120.183893, NULL, NULL, NULL, 1, NULL, NULL, '杭州市上城区小营巷酱园弄12号湖州会馆内', NULL, NULL, '', 0, 'http://you.ctrip.com/sight/hangzhou14/1416946.html'),
(764, '月波亭', 30.258081, 120.152317, NULL, NULL, NULL, 1, NULL, NULL, '杭州市西湖区', NULL, NULL, '', 0, 'http://you.ctrip.com/sight/hangzhou14/1463834.html'),
(765, '昭明大禅院', 30.264063, 120.098964, NULL, NULL, NULL, 1, NULL, NULL, '杭州市临安市太湖源镇东天目山景区内', NULL, NULL, '', 0, 'http://you.ctrip.com/sight/tianmushan1435/135932.html'),
(766, '凯旋公园', 30.262823, 120.195766, NULL, NULL, NULL, 1, NULL, NULL, '杭州市江干区凯旋路152号', NULL, NULL, '', 0, 'http://you.ctrip.com/sight/hangzhou14/1473638.html'),
(767, '马寅初纪念馆', 30.264593, 120.172553, NULL, NULL, NULL, 1, NULL, NULL, '杭州市下城区庆春路210号', NULL, NULL, '', 0, 'http://you.ctrip.com/sight/hangzhou14/1414692.html'),
(768, '薰衣草庄园', 30.243083, 119.964254, NULL, NULL, NULL, 1, NULL, NULL, '杭州市余杭区东西大道南187号（庭院深深旁）', NULL, NULL, '市场价', 0, 'http://you.ctrip.com/sight/yuhang1429/142219.html'),
(769, '低碳科技馆', 30.214961, 120.208826, NULL, NULL, NULL, 1, NULL, NULL, '杭州市滨江区江汉路1888号', NULL, NULL, '', 0, 'http://you.ctrip.com/sight/hangzhou14/1417146.html'),
(770, '蜜山岛', 29.600126, 119.021076, NULL, NULL, NULL, 1, NULL, NULL, '杭州市淳安县千岛湖镇千岛湖东南湖区', NULL, NULL, '', 0, 'http://you.ctrip.com/sight/qiandaohu17/16660.html'),
(771, '山羊坞休闲农庄', 30.375457, 120.226742, NULL, NULL, NULL, 1, NULL, NULL, '杭州市江干区丁桥镇沿山村二组', NULL, NULL, '', 0, 'http://you.ctrip.com/sight/hangzhou14/135706.html'),
(772, '幸福烘焙DIY小馆', 30.29621, 120.127627, NULL, NULL, NULL, 1, NULL, NULL, '杭州市西湖区翠苑佳居庆隆路29号', NULL, NULL, '', 0, 'http://you.ctrip.com/sight/hangzhou14/1679117.html'),
(773, '通天飞瀑', 30.008125, 119.636534, NULL, NULL, NULL, 1, NULL, NULL, '杭州市富阳区胥口镇岩石岭（距富阳城区35公里）', NULL, NULL, '市场价', 0, 'http://you.ctrip.com/sight/fuyang1513/135770.html'),
(774, '小白菜文化园', 30.247607, 119.975894, NULL, NULL, NULL, 1, NULL, NULL, '杭州市余杭区上和路', NULL, NULL, '市场价', 0, 'http://you.ctrip.com/sight/yuhang1429/72845.html'),
(775, '京杭大运河博物馆', 30.323319, 120.148452, NULL, NULL, NULL, 1, NULL, NULL, '杭州市拱墅区金华路34号运河文化广场1号', NULL, NULL, '', 0, 'http://you.ctrip.com/sight/hangzhou14/143993.html'),
(776, '赵公堤', 30.254213, 120.136855, NULL, NULL, NULL, 1, NULL, NULL, '杭州市西湖区赵公堤路', NULL, NULL, '', 0, 'http://you.ctrip.com/sight/hangzhou14/143939.html'),
(777, '抱朴道院', 30.265529, 120.149966, NULL, NULL, NULL, 1, NULL, NULL, '杭州市西湖区葛岭山', NULL, NULL, '', 0, 'http://you.ctrip.com/sight/hangzhou14/143793.html'),
(778, '海皇星真人CS拓展基地', 30.171813, 120.122625, NULL, NULL, NULL, 1, NULL, NULL, '杭州富阳市双浦镇四号浦路1号海皇星生态乐园（近宋城）', NULL, NULL, '', 0, 'http://you.ctrip.com/sight/hangzhou14/1412853.html'),
(779, '韬光寺', 30.248473, 120.101797, NULL, NULL, NULL, 1, NULL, NULL, '杭州市西湖区飞来峰景区法云弄(近永福寺)', NULL, NULL, '', 0, 'http://you.ctrip.com/sight/hangzhou14/144163.html'),
(780, '恒庐美术馆', 30.24756, 120.165252, NULL, NULL, NULL, 1, NULL, NULL, '杭州市上城区南山路202号（西湖博物馆对面）', NULL, NULL, '', 0, 'http://you.ctrip.com/sight/hangzhou14/109857.html'),
(781, '驾云台', 30.037926, 118.99536, NULL, NULL, NULL, 1, NULL, NULL, '杭州市临安市顺溪镇大明山风景区内', NULL, NULL, '', 0, 'http://you.ctrip.com/sight/damingshan120550/134608.html'),
(782, '高庄', 30.268406, 120.084501, NULL, NULL, NULL, 1, NULL, NULL, '杭州市西湖区天目山路西溪湿地公园内', NULL, NULL, '', 0, 'http://you.ctrip.com/sight/hangzhou14/1418248.html'),
(783, '嘉德威钢琴文化艺术之旅', 30.354916, 120.209474, NULL, NULL, NULL, 1, NULL, NULL, '杭州市江干区临丁路1191号', NULL, NULL, '', 0, 'http://you.ctrip.com/sight/hangzhou14/141393.html'),
(784, '白沙村', 30.42223, 119.575245, NULL, NULL, NULL, 1, NULL, NULL, '杭州市临安市太湖源镇白沙村', NULL, NULL, '', 0, 'http://you.ctrip.com/sight/linan88/135939.html'),
(785, '杭州黑根蜡像馆', 30.256724, 120.06031, NULL, NULL, NULL, 1, NULL, NULL, '杭州市区天目山路延伸段与五常大道交叉口', NULL, NULL, '', 0, 'http://you.ctrip.com/sight/hangzhou14/1408366.html'),
(786, '杭州市萧山区少儿公园', 30.150384, 120.233701, NULL, NULL, NULL, 1, NULL, NULL, '杭州市萧山区湘湖路777号', NULL, NULL, '', 0, 'http://you.ctrip.com/sight/hangzhou14/1488453.html'),
(787, '上香古道', 30.24547, 120.131016, NULL, NULL, NULL, 1, NULL, NULL, '杭州市西湖区杨公堤至茅家埠之间', NULL, NULL, '', 0, 'http://you.ctrip.com/sight/hangzhou14/1418088.html'),
(788, '简尚艺术画廊', 30.195204, 120.234567, NULL, NULL, NULL, 1, NULL, NULL, '杭州市江干区新风路红街公寓16-2-1102（汇和城对面）', NULL, NULL, '', 0, 'http://you.ctrip.com/sight/hangzhou14/1696562.html'),
(789, '和平广场', 30.29575, 120.182409, NULL, NULL, NULL, 1, NULL, NULL, '杭州市下城区绍兴路158号', NULL, NULL, '', 0, 'http://you.ctrip.com/sight/hangzhou14/1477884.html'),
(790, '西泠桥', 30.258167, 120.14488, NULL, NULL, NULL, 1, NULL, NULL, '杭州市西湖区孤山路', NULL, NULL, '', 0, 'http://you.ctrip.com/sight/hangzhou14/1418294.html'),
(791, '中国江南水乡文化博物馆', 30.420276, 120.313031, NULL, NULL, NULL, 1, NULL, NULL, '杭州市余杭区南大街95号', NULL, NULL, '', 0, 'http://you.ctrip.com/sight/yuhang1429/72843.html'),
(792, '泊庵', 30.266295, 120.068048, NULL, NULL, NULL, 1, NULL, NULL, '杭州市西湖区天目山路西溪湿地公园内', NULL, NULL, '', 0, 'http://you.ctrip.com/sight/hangzhou14/132406.html'),
(793, '巴比松米勒庄园', 29.775276, 119.71545, NULL, NULL, NULL, 1, NULL, NULL, '杭州市桐庐县大奇山路1088号', NULL, NULL, '', 0, 'http://you.ctrip.com/sight/tonglu688/135614.html'),
(794, '卡乐彩儿童智慧世界', 30.327652, 120.130114, NULL, NULL, NULL, 1, NULL, NULL, '杭州市湖州街567号“北城天地”商业综合体3楼', NULL, NULL, '携程价', 0, 'http://you.ctrip.com/sight/hangzhou14/1646851.html'),
(795, '富春山居高尔夫球场', 30.081546, 120.006498, NULL, NULL, NULL, 1, NULL, NULL, '杭州市富阳市杭富沿江公路富阳段', NULL, NULL, '', 0, 'http://you.ctrip.com/sight/hangzhou14/1407312.html'),
(796, '五柳巷历史街区', 30.248379, 120.183332, NULL, NULL, NULL, 1, NULL, NULL, '杭州市上城区五柳巷街区', NULL, NULL, '', 0, 'http://you.ctrip.com/sight/hangzhou14/1477676.html'),
(797, '黄龙极速冰雪世界', 30.272623, 120.142074, NULL, NULL, NULL, 1, NULL, NULL, '杭州市黄龙体育中心北广场冰雕馆', NULL, NULL, '', 0, 'http://you.ctrip.com/sight/hangzhou14/1411441.html'),
(798, '朝晖公园', 30.290355, 120.173092, NULL, NULL, NULL, 1, NULL, NULL, '杭州市下城区上塘路169号', NULL, NULL, '', 0, 'http://you.ctrip.com/sight/hangzhou14/116789.html'),
(799, '蒋村慢生活街区', 30.281038, 120.077558, NULL, NULL, NULL, 1, NULL, NULL, '杭州市西湖区天目山路西溪国家湿地公园内', NULL, NULL, '', 0, 'http://you.ctrip.com/sight/hangzhou14/1476532.html'),
(800, '玛瑙寺', 30.263501, 120.151245, NULL, NULL, NULL, 1, NULL, NULL, '杭州市西湖区葛岭路17号', NULL, NULL, '', 0, 'http://you.ctrip.com/sight/hangzhou14/143908.html'),
(801, '十门峡景区', 30.14431, 118.938593, NULL, NULL, NULL, 1, NULL, NULL, '杭州市临安市清凉峰镇吉浙线', NULL, NULL, '携程价', 0, 'http://you.ctrip.com/sight/linan88/135847.html'),
(802, '钱王陵园', 30.242202, 119.731629, NULL, NULL, NULL, 1, NULL, NULL, '杭州市临安市衣锦街338号', NULL, NULL, '', 0, 'http://you.ctrip.com/sight/linan88/4139.html'),
(803, '冰川大峡谷', 30.370871, 119.447042, NULL, NULL, NULL, 1, NULL, NULL, '杭州市临安市西天目乡天目山风景区内', NULL, NULL, '市场价', 0, 'http://you.ctrip.com/sight/tianmushan1435/135949.html'),
(804, '吴越郊坛遗址', NULL, NULL, NULL, NULL, NULL, 1, NULL, NULL, '杭州市西湖区玉皇山路1号玉皇山景区内', NULL, NULL, '', 0, 'http://you.ctrip.com/sight/hangzhou14/1511776.html'),
(805, '运河广场', 30.32402, 120.147815, NULL, NULL, NULL, 1, NULL, NULL, '杭州市拱墅区金华路', NULL, NULL, '', 0, 'http://you.ctrip.com/sight/hangzhou14/1418761.html'),
(806, '冰纷万象滑冰场', 30.257816, 120.2227, NULL, NULL, NULL, 1, NULL, NULL, '杭州市江干区富春路701号万象城内（庆春东路口）万象城购物中心4层', NULL, NULL, '', 0, 'http://you.ctrip.com/sight/hangzhou14/1489363.html'),
(807, '浦阳江农庄', NULL, NULL, NULL, NULL, NULL, 1, NULL, NULL, '杭州市萧山区浦阳镇', NULL, NULL, '', 0, 'http://you.ctrip.com/sight/hangzhou14/139850.html'),
(808, '西山游步道', 30.25479, 120.099536, NULL, NULL, NULL, 1, NULL, NULL, '杭州市西湖区环湖山脉', NULL, NULL, '', 0, 'http://you.ctrip.com/sight/hangzhou14/1418419.html'),
(809, '千亩田', 30.032767, 118.984462, NULL, NULL, NULL, 1, NULL, NULL, '杭州市临安市顺溪镇大明山风景区内', NULL, NULL, '', 0, 'http://you.ctrip.com/sight/damingshan120550/134607.html'),
(810, '濮家运河公园', 30.287369, 120.203055, NULL, NULL, NULL, 1, NULL, NULL, '杭州市江干区濮家井路', NULL, NULL, '', 0, 'http://you.ctrip.com/sight/hangzhou14/1473316.html'),
(811, '仁寿山公园', 30.259672, 120.136033, NULL, NULL, NULL, 1, NULL, NULL, '杭州市西湖区北山路', NULL, NULL, '', 0, 'http://you.ctrip.com/sight/hangzhou14/25561.html'),
(812, '七零四工程', 30.321339, 120.100457, NULL, NULL, NULL, 1, NULL, NULL, '杭州市西湖区西湖之西（南北高峰之间）', NULL, NULL, '', 0, 'http://you.ctrip.com/sight/hangzhou14/1418283.html'),
(813, '外桐坞村艺术小镇', 30.205114, 120.062402, NULL, NULL, NULL, 1, NULL, NULL, '杭州市西湖区转塘街道东北面3千米', NULL, NULL, '', 0, 'http://you.ctrip.com/sight/hangzhou14/110015.html'),
(814, '南山书屋', 30.248403, 120.167324, NULL, NULL, NULL, 1, NULL, NULL, '杭州市西湖区中国美术学院象山校区7号楼5楼', NULL, NULL, '', 0, 'http://you.ctrip.com/sight/hangzhou14/132394.html'),
(815, '杨公堤碑亭', 30.238669, 120.142905, NULL, NULL, NULL, 1, NULL, NULL, '杭州市西湖区杨公堤松鹤山庄东', NULL, NULL, '', 0, 'http://you.ctrip.com/sight/hangzhou14/1417126.html'),
(816, '新安江玉温泉', 29.372245, 119.220205, NULL, NULL, NULL, 1, NULL, NULL, '建德市寿昌镇横山社区71号', NULL, NULL, '携程价', 0, 'http://you.ctrip.com/sight/jiande687/117143.html'),
(817, '千岛湖钓鱼岛', 29.610277, 119.102189, NULL, NULL, NULL, 1, NULL, NULL, '杭州市淳安县千岛湖镇环路钓鱼岛', NULL, NULL, '市场价', 0, 'http://you.ctrip.com/sight/qiandaohu17/141390.html'),
(818, '都锦生织锦博物馆', 30.268274, 120.166232, NULL, NULL, NULL, 1, NULL, NULL, '杭州市下城区凤起路519号都锦生丝织厂内', NULL, NULL, '', 0, 'http://you.ctrip.com/sight/hangzhou14/108758.html'),
(819, '潘天寿纪念馆', 30.24827, 120.165785, NULL, NULL, NULL, 1, NULL, NULL, '杭州市上城区南山路212号', NULL, NULL, '', 0, 'http://you.ctrip.com/sight/hangzhou14/143814.html'),
(820, '神龙岛', 29.600519, 119.019473, NULL, NULL, NULL, 1, NULL, NULL, '杭州市淳安县千岛湖中心湖区', NULL, NULL, '', 0, 'http://you.ctrip.com/sight/qiandaohu17/43792.html'),
(821, '西湖美术馆', 30.257536, 120.151227, NULL, NULL, NULL, 1, NULL, NULL, '杭州市西湖区孤山路15号 ‎', NULL, NULL, '', 0, 'http://you.ctrip.com/sight/hangzhou14/1476659.html'),
(822, '太美农场', 30.282863, 120.055815, NULL, NULL, NULL, 1, NULL, NULL, '杭州市文二西路与访溪路交叉口（近五常绕城收费站）', NULL, NULL, '市场价', 0, 'http://you.ctrip.com/sight/hangzhou14/1411002.html'),
(823, '蒋经国旧居', 30.265537, 120.158968, NULL, NULL, NULL, 1, NULL, NULL, '杭州市西湖区北山街8号', NULL, NULL, '', 0, 'http://you.ctrip.com/sight/hangzhou14/1816022.html'),
(824, '神龙川风景区', 30.379447, 119.553911, NULL, NULL, NULL, 1, NULL, NULL, '杭州市临安太湖源镇横渡村神龙川景区', NULL, NULL, '市场价', 0, 'http://you.ctrip.com/sight/linan88/135843.html'),
(825, '河渚古街', NULL, NULL, NULL, NULL, NULL, 1, NULL, NULL, '杭州市西湖区天目山路西溪湿地公园内（近蒋村）', NULL, NULL, '', 0, 'http://you.ctrip.com/sight/hangzhou14/132413.html'),
(826, '集贤亭', 30.256607, 120.168272, NULL, NULL, NULL, 1, NULL, NULL, '杭州市西湖区一公园附近（靠近柳浪闻莺）', NULL, NULL, '', 0, 'http://you.ctrip.com/sight/hangzhou14/144509.html'),
(827, '杨家村', 30.32408, 120.200394, NULL, NULL, NULL, 1, NULL, NULL, '杭州市富阳区万市镇杨家村', NULL, NULL, '', 0, 'http://you.ctrip.com/sight/fuyang1513/1476039.html'),
(828, '桂花岛', 29.600126, 119.021076, NULL, NULL, NULL, 1, NULL, NULL, '杭州市淳安县千岛湖镇千岛湖东南湖区', NULL, NULL, '市场价', 0, 'http://you.ctrip.com/sight/qiandaohu17/16658.html'),
(829, '天都城·欢乐四季公园', 30.400669, 120.254296, NULL, NULL, NULL, 1, NULL, NULL, '浙江省杭州市余杭区星桥镇东港路', NULL, NULL, '携程价', 0, 'http://you.ctrip.com/sight/yuhang1429/72844.html'),
(830, '红磨房演艺大舞台', 30.277132, 120.168479, NULL, NULL, NULL, 1, NULL, NULL, '杭州市武林广场29号杭州剧院三楼', NULL, NULL, '', 0, 'http://you.ctrip.com/sight/hangzhou14/141753.html'),
(831, '江墅铁路遗址公园', 30.319305, 120.149696, NULL, NULL, NULL, 1, NULL, NULL, '杭州市拱墅区登云路紫荆家园北门西侧', NULL, NULL, '', 0, 'http://you.ctrip.com/sight/hangzhou14/1469164.html'),
(832, '中国刀剪剑博物馆', 30.322524, 120.143639, NULL, NULL, NULL, 1, NULL, NULL, '杭州市拱墅区小河路336号', NULL, NULL, '', 0, 'http://you.ctrip.com/sight/hangzhou14/144176.html'),
(833, '禅源寺', 30.325992, 119.454402, NULL, NULL, NULL, 1, NULL, NULL, '杭州市临安市西天目乡天目山风景区内', NULL, NULL, '市场价', 0, 'http://you.ctrip.com/sight/tianmushan1435/135651.html'),
(834, '龙泓涧景区', 30.24047, 120.132193, NULL, NULL, NULL, 1, NULL, NULL, '杭州市西湖区茅家埠南侧（南临浙江宾馆）', NULL, NULL, '', 0, 'http://you.ctrip.com/sight/hangzhou14/109953.html'),
(835, '中天竺寺', 30.239644, 120.108878, NULL, NULL, NULL, 1, NULL, NULL, '杭州市西湖区梅灵北路', NULL, NULL, '', 0, 'http://you.ctrip.com/sight/hangzhou14/110283.html'),
(836, '仙人顶', 30.353491, 119.435745, NULL, NULL, NULL, 1, NULL, NULL, '杭州市临安市西天目乡天目村藻天线', NULL, NULL, '', 0, 'http://you.ctrip.com/sight/tianmushan1435/74732.html'),
(837, '杭州3D错觉艺术馆', 30.263899, 120.170869, NULL, NULL, NULL, 1, NULL, NULL, '杭州市上城区延安路306号天阳明珠商业中心负二楼', NULL, NULL, '', 0, 'http://you.ctrip.com/sight/hangzhou14/1677811.html'),
(838, '江南龙门湾', 29.699878, 119.671785, NULL, NULL, NULL, 1, NULL, NULL, '杭州市桐庐县富春江镇云源路2号', NULL, NULL, '', 0, 'http://you.ctrip.com/sight/tonglu688/49146.html'),
(839, '南宋御街陈列馆', 30.248099, 120.177543, NULL, NULL, NULL, 1, NULL, NULL, '杭州市上城区中山中路119号', NULL, NULL, '', 0, 'http://you.ctrip.com/sight/hangzhou14/132392.html'),
(840, '径山', 30.386799, 119.769021, NULL, NULL, NULL, 1, NULL, NULL, '杭州市余杭区径山镇径山村', NULL, NULL, '', 0, 'http://you.ctrip.com/sight/yuhang1429/16623.html'),
(841, '草庄公园', 30.316694, 120.223348, NULL, NULL, NULL, 1, NULL, NULL, '杭州市江干区机场路214号附近', NULL, NULL, '', 0, 'http://you.ctrip.com/sight/hangzhou14/1473665.html'),
(842, '水乐洞', 30.224245, 120.126952, NULL, NULL, NULL, 1, NULL, NULL, '杭州市西湖区满觉陇路（烟霞岭东麓）', NULL, NULL, '', 0, 'http://you.ctrip.com/sight/hangzhou14/143819.html'),
(843, '三台山景区', 30.232069, 120.140279, NULL, NULL, NULL, 1, NULL, NULL, '杭州市西湖区三台山路161号', NULL, NULL, '', 0, 'http://you.ctrip.com/sight/hangzhou14/144212.html'),
(844, '彩虹谷', 30.407896, 119.73427, NULL, NULL, NULL, 1, NULL, NULL, '杭州市余杭区鸬鸟镇太平山沟沟村', NULL, NULL, '市场价', 0, 'http://you.ctrip.com/sight/yuhang1429/1409264.html'),
(845, '红灯笼乡村家园', 29.920009, 119.526959, NULL, NULL, NULL, 1, NULL, NULL, '杭州市桐庐县瑶琳镇皇甫村冷坑', NULL, NULL, '市场价', 0, 'http://you.ctrip.com/sight/tonglu688/135713.html'),
(846, '杭州海皇星生态乐园', 30.090703, 120.107681, NULL, NULL, NULL, 1, NULL, NULL, '杭州市西湖区周浦四号浦路1号', NULL, NULL, '市场价', 0, 'http://you.ctrip.com/sight/hangzhou14/135704.html'),
(847, '天目溪漂流', 29.845496, 119.466576, NULL, NULL, NULL, 1, NULL, NULL, '杭州市桐庐县桐庐县瑶琳镇', NULL, NULL, '市场价', 0, 'http://you.ctrip.com/sight/tonglu688/49121.html'),
(848, '十里琅珰', 30.224214, 120.112913, NULL, NULL, NULL, 1, NULL, NULL, '杭州市近郊万林背山五云山间（龙井村西侧）', NULL, NULL, '', 0, 'http://you.ctrip.com/sight/hangzhou14/143978.html'),
(849, '灵山幻境', 30.126132, 120.044296, NULL, NULL, NULL, 1, NULL, NULL, '杭州市西湖区灵山村灵山洞风景区内', NULL, NULL, '', 0, 'http://you.ctrip.com/sight/hangzhou14/4073.html'),
(850, '秋雪庵', NULL, NULL, NULL, NULL, NULL, 1, NULL, NULL, '杭州市西湖区天目山路西溪湿地公园内最中心的水域', NULL, NULL, '', 0, 'http://you.ctrip.com/sight/hangzhou14/132407.html'),
(851, '法云古村', 30.240658, 120.1032, NULL, NULL, NULL, 1, NULL, NULL, '杭州市西湖区灵隐景区旁', NULL, NULL, '', 0, 'http://you.ctrip.com/sight/hangzhou14/1475989.html'),
(852, '郁达夫故居', 30.051884, 119.965226, NULL, NULL, NULL, 1, NULL, NULL, '杭州市富阳市达夫弄1号（郁达夫公园内）', NULL, NULL, '', 0, 'http://you.ctrip.com/sight/hangzhou14/144655.html'),
(853, '香积寺', 30.304301, 120.153326, NULL, NULL, NULL, 1, NULL, NULL, '杭州市拱墅区江涨桥东香积寺巷(近信义坊)', NULL, NULL, '', 0, 'http://you.ctrip.com/sight/hangzhou14/144174.html'),
(854, '圣塘景区', 30.265147, 120.163833, NULL, NULL, NULL, 1, NULL, NULL, '杭州市下城区环城西路圣塘景区', NULL, NULL, '', 0, 'http://you.ctrip.com/sight/hangzhou14/109952.html'),
(855, '农夫乐园', 30.390405, 120.064269, NULL, NULL, NULL, 1, NULL, NULL, '杭州市余杭区良渚街道东西大道', NULL, NULL, '市场价', 0, 'http://you.ctrip.com/sight/yuhang1429/72842.html'),
(856, '小和山', 30.222076, 120.038156, NULL, NULL, NULL, 1, NULL, NULL, '杭州市西南郊', NULL, NULL, '', 0, 'http://you.ctrip.com/sight/hangzhou14/1416212.html'),
(857, '西溪水阁', 30.267159, 120.077284, NULL, NULL, NULL, 1, NULL, NULL, '杭州市西湖区天目山路西溪湿地公园内', NULL, NULL, '', 0, 'http://you.ctrip.com/sight/hangzhou14/132405.html'),
(858, '浙江自然博物馆', 30.282933, 120.171622, NULL, NULL, NULL, 1, NULL, NULL, '杭州市下城区中山北路581号西湖文化广场6号（近中北桥）', NULL, NULL, '', 0, 'http://you.ctrip.com/sight/hangzhou14/143866.html'),
(859, '浙西大龙湾景区', 30.181851, 119.128441, NULL, NULL, NULL, 1, NULL, NULL, '杭州市临安市龙岗镇龙井村', NULL, NULL, '市场价', 0, 'http://you.ctrip.com/sight/linan88/135905.html'),
(860, '慧因高丽寺', 30.234238, 120.137863, NULL, NULL, NULL, 1, NULL, NULL, '杭州市三台山路149-1号', NULL, NULL, '市场价', 0, 'http://you.ctrip.com/sight/hangzhou14/55720.html'),
(861, '月光岛（五龙岛）', 29.600126, 119.021076, NULL, NULL, NULL, 1, NULL, NULL, '杭州市淳安县千岛湖中心湖区', NULL, NULL, '', 0, 'http://you.ctrip.com/sight/qiandaohu17/16657.html'),
(862, '开山老殿', 30.345512, 119.445438, NULL, NULL, NULL, 1, NULL, NULL, '杭州市临安市西天目乡天目山风景区内', NULL, NULL, '', 0, 'http://you.ctrip.com/sight/tianmushan1435/74708.html'),
(863, '芦茨村', 29.690732, 119.685956, NULL, NULL, NULL, 1, NULL, NULL, '杭州市桐庐县富春江镇芦茨村', NULL, NULL, '', 0, 'http://you.ctrip.com/sight/tonglu688/135956.html'),
(864, '留余山居 ', NULL, NULL, NULL, NULL, NULL, 1, NULL, NULL, '杭州市西湖区南高峰北麓', NULL, NULL, '', 0, 'http://you.ctrip.com/sight/hangzhou14/26636.html'),
(865, '大兜路历史文化街区', 30.31293, 120.142653, NULL, NULL, NULL, 1, NULL, NULL, '杭州市拱墅区大兜路', NULL, NULL, '', 0, 'http://you.ctrip.com/sight/hangzhou14/144010.html'),
(866, '桥西历史街区', 30.325797, 120.145363, NULL, NULL, NULL, 1, NULL, NULL, '杭州市拱墅区桥西直街1号(拱宸桥西)', NULL, NULL, '', 0, 'http://you.ctrip.com/sight/hangzhou14/144177.html'),
(867, '杭州以法莲度假村', 30.34838, 120.387333, NULL, NULL, NULL, 1, NULL, NULL, '杭州市江干区下沙文海北路380号', NULL, NULL, '', 0, 'http://you.ctrip.com/sight/hangzhou14/1409376.html'),
(868, '双浦镇', 30.118838, 120.128632, NULL, NULL, NULL, 1, NULL, NULL, '杭州市西湖区双浦镇', NULL, NULL, '', 0, 'http://you.ctrip.com/sight/hangzhou14/139852.html'),
(869, '呼噜幼幼', 30.260905, 120.229481, NULL, NULL, NULL, 1, NULL, NULL, '杭州市钱潮路12号江干区文体中心一楼（之江路和富春路的钱潮路中间段）', NULL, NULL, '市场价', 0, 'http://you.ctrip.com/sight/hangzhou14/141469.html'),
(870, '爆米花小镇', 30.347873, 120.198688, NULL, NULL, NULL, 1, NULL, NULL, '杭州市下城区石桥路456号江南时代广场3楼', NULL, NULL, '', 0, 'http://you.ctrip.com/sight/hangzhou14/1473636.html'),
(871, '浙江省博物馆武林馆区', 30.283046, 120.169013, NULL, NULL, NULL, 1, NULL, NULL, '杭州市下城区西湖文化广场E区', NULL, NULL, '', 0, 'http://you.ctrip.com/sight/hangzhou14/1485844.html'),
(872, '河桥古镇', 30.106122, 119.246814, NULL, NULL, NULL, 1, NULL, NULL, '杭州临安市河桥镇', NULL, NULL, 'AAAA级景区', 0, 'http://you.ctrip.com/sight/linan88/144112.html'),
(873, '盖叫天故居', 30.25401, 120.135276, NULL, NULL, NULL, 1, NULL, NULL, '杭州市西湖区赵公堤26号', NULL, NULL, '', 0, 'http://you.ctrip.com/sight/hangzhou14/147372.html'),
(874, '三台阁', 30.235673, 120.132407, NULL, NULL, NULL, 1, NULL, NULL, '杭州市西湖区三台山顶', NULL, NULL, '', 0, 'http://you.ctrip.com/sight/hangzhou14/26635.html'),
(875, '烟水渔庄', 30.262893, 120.076111, NULL, NULL, NULL, 1, NULL, NULL, '杭州市西湖区天目山路西溪湿地公园内', NULL, NULL, '', 0, 'http://you.ctrip.com/sight/hangzhou14/116834.html'),
(876, '城市阳台', 30.246765, 120.222668, NULL, NULL, NULL, 1, NULL, NULL, '杭州市江干区钱江新城中心', NULL, NULL, '', 0, 'http://you.ctrip.com/sight/hangzhou14/1418625.html'),
(877, '柘林瀑', 30.251686, 119.109416, NULL, NULL, NULL, 1, NULL, NULL, '杭州市临安市大峡谷镇浙西大峡谷景区内', NULL, NULL, '', 0, 'http://you.ctrip.com/sight/linan88/16632.html'),
(878, '中国印学博物馆', 30.257637, 120.145893, NULL, NULL, NULL, 1, NULL, NULL, '杭州市西湖区后孤山路10号', NULL, NULL, '', 0, 'http://you.ctrip.com/sight/hangzhou14/143790.html'),
(879, '大溪峡闯滩漂流', 29.942481, 119.318426, NULL, NULL, NULL, 1, NULL, NULL, '杭州市桐庐县合村乡合村村', NULL, NULL, '', 0, 'http://you.ctrip.com/sight/tonglu688/107406.html'),
(880, '杭州大清谷', 30.196451, 120.076623, NULL, NULL, NULL, 1, NULL, NULL, '杭州市西湖区龙坞镇大清村', NULL, NULL, '', 0, 'http://you.ctrip.com/sight/hangzhou14/16618.html'),
(881, '萧山钱江观潮城', 30.283486, 120.413659, NULL, NULL, NULL, 1, NULL, NULL, '杭州市萧山区城厢镇', NULL, NULL, '', 0, 'http://you.ctrip.com/sight/xiaoshan120060/25554.html'),
(882, '灵山洞景区', 30.122539, 120.037017, NULL, NULL, NULL, 1, NULL, NULL, '杭州西湖区双浦镇灵山风景区', NULL, NULL, '市场价', 0, 'http://you.ctrip.com/sight/hangzhou14/135753.html'),
(883, '老碓溪', 30.262402, 119.072109, NULL, NULL, NULL, 1, NULL, NULL, '杭州市临安市大峡谷镇浙西大峡谷景区内', NULL, NULL, '', 0, 'http://you.ctrip.com/sight/linan88/20430.html'),
(884, '金海岸东坡大舞台', 30.259002, 120.169721, NULL, NULL, NULL, 1, NULL, NULL, '杭州市上城区东坡路10号东坡大剧院', NULL, NULL, '', 0, 'http://you.ctrip.com/sight/hangzhou14/135738.html'),
(885, '湖心亭', 30.252349, 120.15099, NULL, NULL, NULL, 1, NULL, NULL, '杭州市西湖区西湖中央', NULL, NULL, '', 0, 'http://you.ctrip.com/sight/hangzhou14/1468065.html'),
(886, '鹳山', 30.052306, 119.969873, NULL, NULL, NULL, 1, NULL, NULL, '杭州市富阳区鹳山路2号', NULL, NULL, '', 0, 'http://you.ctrip.com/sight/fuyang1513/49222.html'),
(887, '渔乐岛', 29.581863, 118.951092, NULL, NULL, NULL, 1, NULL, NULL, '杭州市淳安县千岛湖中心湖区', NULL, NULL, '', 0, 'http://you.ctrip.com/sight/qiandaohu17/2170.html'),
(888, '超山赏梅', 30.440567, 120.223433, NULL, NULL, NULL, 1, NULL, NULL, '杭州市余杭区塘栖镇超山村超山风景区内', NULL, NULL, '', 0, 'http://you.ctrip.com/sight/yuhang1429/4074.html'),
(889, '湍口众安氡温泉', 30.04489, 119.170422, NULL, NULL, NULL, 1, NULL, NULL, '杭州市临安市湍口镇湍泉街188号', NULL, NULL, '市场价', 0, 'http://you.ctrip.com/sight/linan88/143286.html'),
(890, '少年儿童公园', 30.222583, 120.140073, NULL, NULL, NULL, 1, NULL, NULL, '杭州市西湖区虎跑路61号', NULL, NULL, '市场价', 0, 'http://you.ctrip.com/sight/hangzhou14/140703.html'),
(891, '梵天寺经幢', 30.223426, 120.174272, NULL, NULL, NULL, 1, NULL, NULL, '杭州市上城区梵天寺路梵天寺遗址前', NULL, NULL, '', 0, 'http://you.ctrip.com/sight/hangzhou14/66716.html'),
(892, '西溪草堂', 30.264656, 120.074998, NULL, NULL, NULL, 1, NULL, NULL, '杭州市西湖区天目山路西溪湿地公园内', NULL, NULL, '', 0, 'http://you.ctrip.com/sight/hangzhou14/132404.html'),
(893, '玲珑山', 30.230665, 119.682958, NULL, NULL, NULL, 1, NULL, NULL, '杭州市临安市钱王大街西端', NULL, NULL, '', 0, 'http://you.ctrip.com/sight/linan88/6083.html'),
(894, '涌金池', 30.252435, 120.16692, NULL, NULL, NULL, 1, NULL, NULL, '杭州市上城区南山路', NULL, NULL, '', 0, 'http://you.ctrip.com/sight/hangzhou14/1476676.html'),
(895, '古戏台', 30.248972, 120.16445, NULL, NULL, NULL, 1, NULL, NULL, '杭州市西湖区天目山路西溪湿地公园内深谭口百年老樟树下', NULL, NULL, '', 0, 'http://you.ctrip.com/sight/hangzhou14/132412.html'),
(896, '天池岛', 29.539734, 119.150892, NULL, NULL, NULL, 1, NULL, NULL, '杭州市淳安县千岛湖镇千岛湖东南湖区', NULL, NULL, '', 0, 'http://you.ctrip.com/sight/qiandaohu17/16661.html'),
(897, '烟霞三洞', 30.225844, 120.126082, NULL, NULL, NULL, 1, NULL, NULL, '杭州市西湖区南高峰烟霞岭', NULL, NULL, '', 0, 'http://you.ctrip.com/sight/hangzhou14/4075.html'),
(898, '下天竺寺', 30.242249, 120.111392, NULL, NULL, NULL, 1, NULL, NULL, '杭州市西湖区天竺路112号', NULL, NULL, '', 0, 'http://you.ctrip.com/sight/hangzhou14/110285.html'),
(899, '林风眠故居', 30.259618, 120.134735, NULL, NULL, NULL, 1, NULL, NULL, '杭州市西湖区灵隐路3号（杭州植物园内）', NULL, NULL, '', 0, 'http://you.ctrip.com/sight/hangzhou14/25482.html'),
(900, '四面峰', 30.343627, 119.447459, NULL, NULL, NULL, 1, NULL, NULL, '杭州市临安市西天目乡天目山风景区内', NULL, NULL, '', 0, 'http://you.ctrip.com/sight/tianmushan1435/74709.html'),
(901, '五世同堂', 30.344741, 119.44542, NULL, NULL, NULL, 1, NULL, NULL, '杭州市临安市西天目乡天目山风景区内', NULL, NULL, '', 0, 'http://you.ctrip.com/sight/tianmushan1435/74710.html'),
(902, '云松书舍', 30.254237, 120.128618, NULL, NULL, NULL, 1, NULL, NULL, '杭州市西湖区灵隐路洪春桥畔（龙井路口）', NULL, NULL, '', 0, 'http://you.ctrip.com/sight/hangzhou14/26651.html'),
(903, '钱塘江夜游', 30.279611, 120.16857, NULL, NULL, NULL, 1, NULL, NULL, '杭州市下城区环城北路208号武林门（水上巴士）码头', NULL, NULL, '市场价', 0, 'http://you.ctrip.com/sight/hangzhou14/135838.html'),
(904, '小河直街历史文化街区', 30.31293, 120.142653, NULL, NULL, NULL, 1, NULL, NULL, '杭州市拱墅区拱宸桥小河直街', NULL, NULL, '', 0, 'http://you.ctrip.com/sight/hangzhou14/144033.html'),
(905, '浙旅院国际教育旅游体验区', 30.252068, 120.312038, NULL, NULL, NULL, 1, NULL, NULL, '杭州市萧山高教园区', NULL, NULL, 'AAAA级景区', 0, 'http://you.ctrip.com/sight/hangzhou14/1412324.html'),
(906, '印象富春江', 29.715155, 119.656454, NULL, NULL, NULL, 1, NULL, NULL, '杭州市桐庐县富春江镇春江路印象富春江景区', NULL, NULL, '市场价', 0, 'http://you.ctrip.com/sight/tonglu688/135967.html'),
(907, '高银美食街', 30.246554, 120.173615, NULL, NULL, NULL, 1, NULL, NULL, '杭州市上城区高银街', NULL, NULL, '', 0, 'http://you.ctrip.com/sight/hangzhou14/109951.html'),
(908, '杭州龙坞茶村', 30.181896, 120.044613, NULL, NULL, NULL, 1, NULL, NULL, '杭州市龙坞镇上城埭村', NULL, NULL, '', 0, 'http://you.ctrip.com/sight/hangzhou14/25558.html'),
(909, '湖滨国际名品街', 30.259259, 120.168445, NULL, NULL, NULL, 1, NULL, NULL, '杭州市上城区平海路121号', NULL, NULL, '', 0, 'http://you.ctrip.com/sight/hangzhou14/135715.html'),
(910, '杭州湿地植物园', 30.278106, 120.080024, NULL, NULL, NULL, 1, NULL, NULL, '杭州市西湖区天目山路西溪湿地公园内', NULL, NULL, '', 0, 'http://you.ctrip.com/sight/hangzhou14/132409.html'),
(911, '鼓楼', 30.243536, 120.17803, NULL, NULL, NULL, 1, NULL, NULL, '杭州市上城区中山南路', NULL, NULL, '', 0, 'http://you.ctrip.com/sight/hangzhou14/1459009.html'),
(912, '龙井峡漂流', 30.196999, 119.110718, NULL, NULL, NULL, 1, NULL, NULL, '杭州临安市龙岗镇龙井村（浙西大龙湾景区口、介于龙井与龙岗溪流峡谷之间）', NULL, NULL, '市场价', 0, 'http://you.ctrip.com/sight/linan88/135766.html'),
(913, '张小泉剪刀博物馆', 30.244643, 120.176407, NULL, NULL, NULL, 1, NULL, NULL, '杭州市拱墅区大关路33号张小泉剪刀厂内', NULL, NULL, '', 0, 'http://you.ctrip.com/sight/hangzhou14/108860.html'),
(914, '中国杭帮菜博物馆', 30.213705, 120.151568, NULL, NULL, NULL, 1, NULL, NULL, '杭州市凤凰山路9号（原虎玉路15号）', NULL, NULL, '', 0, 'http://you.ctrip.com/sight/hangzhou14/109879.html'),
(915, '龙潭峡谷漂流', 29.801002, 118.922341, NULL, NULL, NULL, 1, NULL, NULL, '杭州市近郊淳安县王阜乡龙头村', NULL, NULL, '', 0, 'http://you.ctrip.com/sight/qiandaohu17/135769.html'),
(916, '新沙岛旅游度假区', 30.051158, 119.985224, NULL, NULL, NULL, 1, NULL, NULL, '杭州市富阳区新沙村（富春江江心）', NULL, NULL, 'AAAA级景区', 0, 'http://you.ctrip.com/sight/fuyang1513/135887.html'),
(917, '周家村', 30.261123, 120.067212, NULL, NULL, NULL, 1, NULL, NULL, '杭州市西湖区天目山路西溪湿地公园南门', NULL, NULL, '', 0, 'http://you.ctrip.com/sight/hangzhou14/132402.html'),
(918, '剑门关', 32.230422, 105.592563, NULL, NULL, NULL, 1, NULL, NULL, '杭州市临安市大峡谷镇浙西大峡谷景区内', NULL, NULL, '', 0, 'http://you.ctrip.com/sight/linan88/16633.html'),
(919, '信义坊步行街', 30.299951, 120.147887, NULL, NULL, NULL, 1, NULL, NULL, '杭州市拱墅区卖鱼桥，东起湖墅路，西至莫干山路。', NULL, NULL, '', 0, 'http://you.ctrip.com/sight/hangzhou14/108843.html'),
(920, '浙江大学紫金港校区', 30.310607, 120.093059, NULL, NULL, NULL, 1, NULL, NULL, '杭州市西湖区余杭塘路866号', NULL, NULL, '', 0, 'http://you.ctrip.com/sight/hangzhou14/1475903.html'),
(921, '东吴文化公园', 30.030437, 119.944408, NULL, NULL, NULL, 1, NULL, NULL, '杭州市富阳区江宾西大道', NULL, NULL, '', 0, 'http://you.ctrip.com/sight/fuyang1513/49719.html'),
(922, '新安江水电站', 29.482356, 119.22662, NULL, NULL, NULL, 1, NULL, NULL, '杭州建德市新安江镇桐官峡谷', NULL, NULL, '市场价', 0, 'http://you.ctrip.com/sight/jiande687/49795.html'),
(923, '白龙潭景区', 30.197428, 120.028201, NULL, NULL, NULL, 1, NULL, NULL, '杭州市西湖区转塘街道龙门坎村', NULL, NULL, '市场价', 0, 'http://you.ctrip.com/sight/hangzhou14/140708.html'),
(924, '南宋皇城遗址', 30.22451, 120.175239, NULL, NULL, NULL, 1, NULL, NULL, '杭州市上城区凤凰山东麓宋城路', NULL, NULL, '', 0, 'http://you.ctrip.com/sight/hangzhou14/66714.html'),
(925, '悬空栈道', NULL, NULL, NULL, NULL, NULL, 1, NULL, NULL, '杭州市临安市顺溪镇大明山风景区内', NULL, NULL, '', 0, 'http://you.ctrip.com/sight/damingshan120550/134580.html'),
(926, '黄龙体育中心', 30.272313, 120.140214, NULL, NULL, NULL, 1, NULL, NULL, '杭州市西湖区黄龙路1号', NULL, NULL, '', 0, 'http://you.ctrip.com/sight/hangzhou14/143495.html'),
(927, '大树王景区', 30.346946, 119.45201, NULL, NULL, NULL, 1, NULL, NULL, '杭州市临安市西天目乡天目山风景区内', NULL, NULL, '', 0, 'http://you.ctrip.com/sight/tianmushan1435/74703.html'),
(928, '杭州中南卡通城', 30.199839, 120.197398, NULL, NULL, NULL, 1, NULL, NULL, '杭州市滨江区江南大道1090号中南购物中心顶楼', NULL, NULL, '市场价', 0, 'http://you.ctrip.com/sight/hangzhou14/141992.html'),
(929, '深潭口', 30.280485, 120.073444, NULL, NULL, NULL, 1, NULL, NULL, '杭州市西湖区天目山路西溪湿地公园内西北部蒋村', NULL, NULL, '', 0, 'http://you.ctrip.com/sight/hangzhou14/132411.html'),
(930, '杭州宋城浪浪浪水公园', NULL, NULL, NULL, NULL, NULL, 1, NULL, NULL, '杭州市萧山区风情大道2555号', NULL, NULL, '', 0, 'http://you.ctrip.com/sight/xiaoshan120060/1411106.html'),
(931, '浙西天池', 30.302204, 119.126669, NULL, NULL, NULL, 1, NULL, NULL, '杭州市临安市大峡谷镇', NULL, NULL, '', 0, 'http://you.ctrip.com/sight/linan88/51897.html'),
(932, '中国伞博物馆', 30.32236, 120.143823, NULL, NULL, NULL, 1, NULL, NULL, '杭州市拱墅区小河路336号', NULL, NULL, '', 0, 'http://you.ctrip.com/sight/hangzhou14/147719.html'),
(933, '中国湿地博物馆', 30.270621, 120.094034, NULL, NULL, NULL, 1, NULL, NULL, '杭州市西湖区天目山路402号', NULL, NULL, '携程价', 0, 'http://you.ctrip.com/sight/hangzhou14/1416602.html'),
(934, '慕才亭', 30.258039, 120.144849, NULL, NULL, NULL, 1, NULL, NULL, '杭州市西湖区西湖孤山路西泠桥头', NULL, NULL, '', 0, 'http://you.ctrip.com/sight/hangzhou14/26729.html'),
(935, '浙江工业大学', 30.298915, 120.172735, NULL, NULL, NULL, 1, NULL, NULL, '杭州市下城区潮王路18号', NULL, NULL, '', 0, 'http://you.ctrip.com/sight/hangzhou14/1475933.html'),
(936, '湖滨公园', 30.259306, 120.167771, NULL, NULL, NULL, 1, NULL, NULL, '杭州市上城区湖滨路', NULL, NULL, '', 0, 'http://you.ctrip.com/sight/hangzhou14/116817.html'),
(937, '拱宸桥', 30.324332, 120.145939, NULL, NULL, NULL, 1, NULL, NULL, '杭州市拱墅区运河沿岸', NULL, NULL, '', 0, 'http://you.ctrip.com/sight/hangzhou14/144100.html'),
(938, '风波亭', 30.265895, 120.164142, NULL, NULL, NULL, 1, NULL, NULL, '杭州市下城区环城西路（近教场路）', NULL, NULL, '', 0, 'http://you.ctrip.com/sight/hangzhou14/64935.html'),
(939, '良渚文化村', 30.384608, 120.038072, NULL, NULL, NULL, 1, NULL, NULL, '杭州市余杭区良渚镇', NULL, NULL, '', 0, 'http://you.ctrip.com/sight/hangzhou14/147147.html'),
(940, '芹川村', 29.522167, 118.614955, NULL, NULL, NULL, 1, NULL, NULL, '杭州市淳安县浪川乡西部', NULL, NULL, '', 0, 'http://you.ctrip.com/sight/qiandaohu17/21818.html'),
(941, '永福禅寺', 30.245299, 120.104134, NULL, NULL, NULL, 1, NULL, NULL, '杭州市西湖区灵隐路法云弄16号', NULL, NULL, '', 0, 'http://you.ctrip.com/sight/hangzhou14/143498.html'),
(942, '杭州花圃', 30.252396, 120.133211, NULL, NULL, NULL, 1, NULL, NULL, '杭州市西湖区西山路14号', NULL, NULL, '', 0, 'http://you.ctrip.com/sight/hangzhou14/143803.html'),
(943, '半山国家森林公园', 30.365496, 120.194613, NULL, NULL, NULL, 1, NULL, NULL, '杭州市拱墅区半山街道明园路28号', NULL, NULL, '', 0, 'http://you.ctrip.com/sight/hangzhou14/117048.html'),
(944, '白马崖', 30.256748, 119.058801, NULL, NULL, NULL, 1, NULL, NULL, '临安市龙岗镇浙西大峡谷景区内', NULL, NULL, '', 0, 'http://you.ctrip.com/sight/linan88/16626.html'),
(945, '黄公望隐居地', 30.083828, 120.021566, NULL, NULL, NULL, 1, NULL, NULL, '杭州市富阳区东洲街道黄公望村', NULL, NULL, '市场价', 0, 'http://you.ctrip.com/sight/fuyang1513/140699.html'),
(946, '江洋畈生态公园', 30.212698, 120.148604, NULL, NULL, NULL, 1, NULL, NULL, '杭州市上城区凤凰山路延伸段虎玉路山腰上（八卦田西侧）', NULL, NULL, '', 0, 'http://you.ctrip.com/sight/hangzhou14/109878.html'),
(947, '湖滨晴雨', 30.258791, 120.168465, NULL, NULL, NULL, 1, NULL, NULL, '杭州市上城区与西湖区交接，湖滨路', NULL, NULL, '', 0, 'http://you.ctrip.com/sight/hangzhou14/78566.html'),
(948, '大明湖', 36.678475, 117.023332, NULL, NULL, NULL, 1, NULL, NULL, '杭州市临安市顺溪镇大明山风景区内', NULL, NULL, '', 0, 'http://you.ctrip.com/sight/damingshan120550/134583.html'),
(949, '西湖博物馆', 30.247787, 120.164629, NULL, NULL, NULL, 1, NULL, NULL, '杭州市上城区南山路89号（钱王祠南侧）', NULL, NULL, '', 0, 'http://you.ctrip.com/sight/hangzhou14/110486.html'),
(950, '苏小小墓', 30.258042, 120.144813, NULL, NULL, NULL, 1, NULL, NULL, '杭州市西湖区西湖西泠桥头', NULL, NULL, '', 0, 'http://you.ctrip.com/sight/hangzhou14/143820.html'),
(951, '龙山岛', 29.611745, 118.98683, NULL, NULL, NULL, 1, NULL, NULL, '杭州市淳安县千岛湖中心湖区', NULL, NULL, '', 0, 'http://you.ctrip.com/sight/qiandaohu17/2169.html'),
(952, '杭州海底世界', 30.240658, 120.162515, NULL, NULL, NULL, 1, NULL, NULL, '杭州市南山路49号万松岭路口', NULL, NULL, '市场价', 0, 'http://you.ctrip.com/sight/hangzhou14/16620.html'),
(953, '杭州东方文化园', 30.10802, 120.204425, NULL, NULL, NULL, 1, NULL, NULL, '杭州市萧山义桥杨岐山', NULL, NULL, 'AAAA级景区', 0, 'http://you.ctrip.com/sight/xiaoshan120060/135702.html'),
(954, '延安路商业街', 30.270036, 120.17576, NULL, NULL, NULL, 1, NULL, NULL, '杭州市下城区延安路', NULL, NULL, '', 0, 'http://you.ctrip.com/sight/hangzhou14/108846.html'),
(955, '锦绣风水洞', 30.124835, 120.05794, NULL, NULL, NULL, 1, NULL, NULL, '杭州市西湖区周浦乡云泉山中锦绣风水洞', NULL, NULL, '市场价', 0, 'http://you.ctrip.com/sight/hangzhou14/16619.html'),
(956, '阮墩环碧', 30.252778, 120.147962, NULL, NULL, NULL, 1, NULL, NULL, '杭州市西湖区西湖上阮公墩', NULL, NULL, '', 0, 'http://you.ctrip.com/sight/hangzhou14/4055.html'),
(957, '宋城剧院', 30.176598, 120.104219, NULL, NULL, NULL, 1, NULL, NULL, '杭州市西湖区之江路148号', NULL, NULL, '', 0, 'http://you.ctrip.com/sight/hangzhou14/1410302.html'),
(958, '中山公园', 30.258323, 120.148555, NULL, NULL, NULL, 1, NULL, NULL, '杭州市西湖区孤山路1号（近平湖秋月）', NULL, NULL, '', 0, 'http://you.ctrip.com/sight/hangzhou14/143496.html'),
(959, '上天竺寺', 30.232927, 120.102321, NULL, NULL, NULL, 1, NULL, NULL, '杭州市西湖区天竺路239号', NULL, NULL, '', 0, 'http://you.ctrip.com/sight/hangzhou14/110280.html'),
(960, '浙江传媒学院', 30.326912, 120.35043, NULL, NULL, NULL, 1, NULL, NULL, '杭州市江干区学源街998号', NULL, NULL, '', 0, 'http://you.ctrip.com/sight/hangzhou14/1477335.html'),
(961, '西溪3D奇幻艺术馆', 30.28542, 120.077155, NULL, NULL, NULL, 1, NULL, NULL, '杭州市文二西路777号西溪湿地北门', NULL, NULL, '市场价', 0, 'http://you.ctrip.com/sight/hangzhou14/135963.html'),
(962, '杭州博物馆', 30.24469, 120.172938, NULL, NULL, NULL, 1, NULL, NULL, '杭州市上城区粮道山18号', NULL, NULL, '', 0, 'http://you.ctrip.com/sight/hangzhou14/67801.html'),
(963, '双溪漂流景区', 30.407257, 119.841591, NULL, NULL, NULL, 1, NULL, NULL, '杭州市余杭区径山镇双溪竹海路7号', NULL, NULL, 'AAAA级景区', 0, 'http://you.ctrip.com/sight/yuhang1429/135789.html'),
(964, '中国美术学院象山校区', 30.161525, 120.084472, NULL, NULL, NULL, 1, NULL, NULL, '杭州市西湖区转塘镇象山路352号（近宋城）', NULL, NULL, '', 0, 'http://you.ctrip.com/sight/hangzhou14/143784.html'),
(965, '吴山夜市', 30.258659, 120.174844, NULL, NULL, NULL, 1, NULL, NULL, '杭州市上城区惠兴路（近邮电路）', NULL, NULL, '', 0, 'http://you.ctrip.com/sight/hangzhou14/108829.html'),
(966, '龙井八景', 30.22976, 120.121637, NULL, NULL, NULL, 1, NULL, NULL, '杭州市西湖区龙井寺东北部山谷中', NULL, NULL, '', 0, 'http://you.ctrip.com/sight/hangzhou14/47182.html'),
(967, '西湖文化广场', 30.28333, 120.169796, NULL, NULL, NULL, 1, NULL, NULL, '杭州市下城区环城北路武林广场运河北侧（近体育场路）', NULL, NULL, '', 0, 'http://you.ctrip.com/sight/hangzhou14/1476009.html'),
(968, '黄山尖', 29.575157, 119.114079, NULL, NULL, NULL, 1, NULL, NULL, '杭州市淳安县千岛湖景区黄山尖', NULL, NULL, '', 0, 'http://you.ctrip.com/sight/qiandaohu17/16659.html'),
(969, '朱炳仁铜雕艺术博物馆', 30.245572, 120.173791, NULL, NULL, NULL, 1, NULL, NULL, '杭州市上城区河坊街207-221号', NULL, NULL, '', 0, 'http://you.ctrip.com/sight/hangzhou14/132386.html'),
(970, '大明山万松岭滑雪场', 30.063255, 119.001158, NULL, NULL, NULL, 1, NULL, NULL, '杭州市临安市顺溪镇大明山风景区内', NULL, NULL, '市场价', 0, 'http://you.ctrip.com/sight/damingshan120550/134461.html'),
(971, '中国美术学院', 30.249362, 120.166981, NULL, NULL, NULL, 1, NULL, NULL, '杭州市上城区南山路218号（近涌金门）', NULL, NULL, '', 0, 'http://you.ctrip.com/sight/hangzhou14/147367.html'),
(972, '柳溪江漂流', 30.127413, 119.254728, NULL, NULL, NULL, 1, NULL, NULL, '杭州市临安市昌化镇河桥古镇朱秀村', NULL, NULL, 'AAAA级景区', 0, 'http://you.ctrip.com/sight/linan88/25572.html'),
(973, '北街梦寻 ', 30.265584, 120.157909, NULL, NULL, NULL, 1, NULL, NULL, '杭州市东起保俶路，西至曙光路，南临西湖，北靠宝石山', NULL, NULL, '', 0, 'http://you.ctrip.com/sight/hangzhou14/78576.html'),
(974, '杭州DO都城', 30.237772, 120.200546, NULL, NULL, NULL, 1, NULL, NULL, '杭州市江干区新业路331-399号钱江新城市民中心K楼1-2楼', NULL, NULL, '市场价', 0, 'http://you.ctrip.com/sight/hangzhou14/135708.html'),
(975, '白塔', 30.205941, 120.150013, NULL, NULL, NULL, 1, NULL, NULL, '杭州市上城区老复兴街', NULL, NULL, '', 0, 'http://you.ctrip.com/sight/hangzhou14/4066.html'),
(976, '八卦田遗址公园', 30.21397, 120.158289, NULL, NULL, NULL, 1, NULL, NULL, '杭州市上城区虎玉路41号', NULL, NULL, '', 0, 'http://you.ctrip.com/sight/hangzhou14/143813.html'),
(977, '富阳', 30.001094, 119.846692, NULL, NULL, NULL, 1, NULL, NULL, '杭州市富阳区', NULL, NULL, '', 0, 'http://you.ctrip.com/sight/fuyang1513/49866.html'),
(978, '青芝坞', 30.264203, 120.130717, NULL, NULL, NULL, 1, NULL, NULL, '杭州市西湖区玉古路与夕阳红路的交叉口', NULL, NULL, '', 0, 'http://you.ctrip.com/sight/hangzhou14/1416612.html'),
(979, '胡庆余堂中药博物馆', 30.245462, 120.175641, NULL, NULL, NULL, 1, NULL, NULL, '杭州市上城区大井巷95号', NULL, NULL, '', 0, 'http://you.ctrip.com/sight/hangzhou14/4079.html'),
(980, '灵峰探梅', 30.264913, 120.120829, NULL, NULL, NULL, 1, NULL, NULL, '杭州市西湖区杭州植物园内', NULL, NULL, '', 0, 'http://you.ctrip.com/sight/hangzhou14/4072.html'),
(981, '北高峰', 30.251351, 120.102776, NULL, NULL, NULL, 1, NULL, NULL, '杭州市西湖区西溪路（灵隐寺后侧）', NULL, NULL, '', 0, 'http://you.ctrip.com/sight/hangzhou14/145434.html'),
(982, '白云源', 29.702435, 119.7218, NULL, NULL, NULL, 1, NULL, NULL, '杭州市桐庐县富春江镇芦茨村', NULL, NULL, '市场价', 0, 'http://you.ctrip.com/sight/tonglu688/49221.html'),
(983, '浙江大学玉泉校区', 30.270067, 120.129649, NULL, NULL, NULL, 1, NULL, NULL, '杭州市西湖区浙大路38号', NULL, NULL, '', 0, 'http://you.ctrip.com/sight/hangzhou14/1475877.html'),
(984, '浪石金滩', 29.882391, 119.58348, NULL, NULL, NULL, 1, NULL, NULL, '杭州市桐庐县横村镇浪石村', NULL, NULL, '市场价', 0, 'http://you.ctrip.com/sight/tonglu688/135746.html'),
(985, '杭州宋城云曼温泉', NULL, NULL, NULL, NULL, NULL, 1, NULL, NULL, '杭州市萧山区风情大道2555号第一世界大酒店内（杭州乐园旁）', NULL, NULL, '市场价', 0, 'http://you.ctrip.com/sight/hangzhou14/1408085.html'),
(986, '城隍阁景区', 30.242179, 120.171161, NULL, NULL, NULL, 1, NULL, NULL, '杭州市上城区吴山路3号', NULL, NULL, '市场价', 0, 'http://you.ctrip.com/sight/hangzhou14/140704.html'),
(987, '浴鹄湾', 30.23253, 120.143005, NULL, NULL, NULL, 1, NULL, NULL, '杭州市西湖区三台山路三台山景区内', NULL, NULL, '', 0, 'http://you.ctrip.com/sight/hangzhou14/144213.html'),
(988, '苏东坡纪念馆', 30.235026, 120.150371, NULL, NULL, NULL, 1, NULL, NULL, '杭州市上城区南山路1号（苏堤南端）', NULL, NULL, '', 0, 'http://you.ctrip.com/sight/hangzhou14/25484.html'),
(989, '清凉峰', 30.138485, 119.047021, NULL, NULL, NULL, 1, NULL, NULL, '杭州市临安市清凉峰镇龙塘山', NULL, NULL, '', 0, 'http://you.ctrip.com/sight/linan88/51930.html'),
(990, '余杭', 30.42439, 120.305092, NULL, NULL, NULL, 1, NULL, NULL, '杭州市余杭区', NULL, NULL, '', 0, 'http://you.ctrip.com/sight/yuhang1429/66742.html'),
(991, '于谦祠', 30.236102, 120.138687, NULL, NULL, NULL, 1, NULL, NULL, '杭州市西湖区三台山路161号', NULL, NULL, '', 0, 'http://you.ctrip.com/sight/hangzhou14/25578.html');
INSERT INTO `scenelist` (`id`, `name`, `lat`, `lng`, `des`, `fee`, `province`, `cityid`, `district`, `street`, `address`, `tags`, `keywords`, `level`, `isblock`, `tips`) VALUES
(992, '杭州工艺美术博物馆', 30.321901, 120.143048, NULL, NULL, NULL, 1, NULL, NULL, '杭州市拱墅区小河路桥西历史文化街区内', NULL, NULL, '', 0, 'http://you.ctrip.com/sight/hangzhou14/1417110.html'),
(993, '玉泉', 30.262363, 120.130833, NULL, NULL, NULL, 1, NULL, NULL, '杭州市西湖区杭州植物园内', NULL, NULL, '', 0, 'http://you.ctrip.com/sight/hangzhou14/4076.html'),
(994, '千岛湖中心湖区', 29.588663, 119.019048, NULL, NULL, NULL, 1, NULL, NULL, '杭州市淳安县千岛湖镇千岛湖中心湖区游船码头', NULL, NULL, '携程价', 0, 'http://you.ctrip.com/sight/qiandaohu17/143589.html'),
(995, '飞来峰', 30.040333, 119.00163, NULL, NULL, NULL, 1, NULL, NULL, '杭州市临安市大明山风景区', NULL, NULL, '', 0, 'http://you.ctrip.com/sight/damingshan120550/134627.html'),
(996, '龙井问茶', 30.219821, 120.12418, NULL, NULL, NULL, 1, NULL, NULL, '杭州市西湖区龙井村龙井路148号', NULL, NULL, '', 0, 'http://you.ctrip.com/sight/hangzhou14/2025.html'),
(997, '中国茶叶博物馆', 30.238637, 120.127612, NULL, NULL, NULL, 1, NULL, NULL, '杭州市西湖区龙井路双峰村', NULL, NULL, '', 0, 'http://you.ctrip.com/sight/hangzhou14/4078.html'),
(998, '双峰插云', 30.253886, 120.129147, NULL, NULL, NULL, 1, NULL, NULL, '杭州市西湖区灵隐路与赵公堤路交叉口', NULL, NULL, '', 0, 'http://you.ctrip.com/sight/hangzhou14/2037.html'),
(999, '南山路', 30.235751, 120.156078, NULL, NULL, NULL, 1, NULL, NULL, '杭州市上城区南山路', NULL, NULL, '', 0, 'http://you.ctrip.com/sight/hangzhou14/148005.html'),
(1000, '五云山', 30.190592, 120.120559, NULL, NULL, NULL, 1, NULL, NULL, '杭州市西湖区九溪路', NULL, NULL, '', 0, 'http://you.ctrip.com/sight/hangzhou14/66719.html'),
(1001, '秋瑾墓', 30.257302, 120.145586, NULL, NULL, NULL, 1, NULL, NULL, '杭州市西湖区西湖孤山西泠桥畔（近武松墓）', NULL, NULL, '', 0, 'http://you.ctrip.com/sight/hangzhou14/66613.html'),
(1002, '凤凰山', 30.227529, 120.164902, NULL, NULL, NULL, 1, NULL, NULL, '杭州市上城区西湖东南隅', NULL, NULL, '', 0, 'http://you.ctrip.com/sight/hangzhou14/66715.html'),
(1003, '萧山', 30.19144, 120.271039, NULL, NULL, NULL, 1, NULL, NULL, '杭州市城厢镇', NULL, NULL, '', 0, 'http://you.ctrip.com/sight/xiaoshan120060/66790.html'),
(1004, '武松墓', 30.258097, 120.144107, NULL, NULL, NULL, 1, NULL, NULL, '杭州市西湖区北山路', NULL, NULL, '', 0, 'http://you.ctrip.com/sight/hangzhou14/25461.html'),
(1005, '万松书院', 30.232452, 120.167286, NULL, NULL, NULL, 1, NULL, NULL, '杭州市上城区万松岭路81号', NULL, NULL, '携程价', 0, 'http://you.ctrip.com/sight/hangzhou14/26650.html'),
(1006, '京杭大运河', 30.280578, 120.168713, NULL, NULL, NULL, 1, NULL, NULL, '杭州市京杭大运河余杭塘栖至钱塘江段', NULL, NULL, '', 0, 'http://you.ctrip.com/sight/hangzhou14/143494.html'),
(1007, '中国丝绸博物馆', 30.228715, 120.158457, NULL, NULL, NULL, 1, NULL, NULL, '杭州市西湖区玉皇山路73-1号', NULL, NULL, '', 0, 'http://you.ctrip.com/sight/hangzhou14/4077.html'),
(1008, '茅家埠', 30.24515, 120.136668, NULL, NULL, NULL, 1, NULL, NULL, '杭州市西湖区堤杨公堤大麦岭后花家山下', NULL, NULL, '', 0, 'http://you.ctrip.com/sight/hangzhou14/25463.html'),
(1009, '南屏晚钟', 30.23547, 120.155606, NULL, NULL, NULL, 1, NULL, NULL, '杭州市西湖区南山路55号（净慈寺内）', NULL, NULL, '', 0, 'http://you.ctrip.com/sight/hangzhou14/2034.html'),
(1010, '浙江省博物馆', 30.247787, 120.164629, NULL, NULL, NULL, 1, NULL, NULL, '杭州市下城区西湖文化广场E区（武林馆区）', NULL, NULL, '', 0, 'http://you.ctrip.com/sight/hangzhou14/1510955.html'),
(1011, '千岛湖龙川湾', 29.467758, 118.688767, NULL, NULL, NULL, 1, NULL, NULL, '杭州市淳安县姜家镇（千岛湖西南湖区）', NULL, NULL, '市场价', 0, 'http://you.ctrip.com/sight/qiandaohu17/109871.html'),
(1012, '九咆界风景区', 29.935932, 119.021258, NULL, NULL, NULL, 1, NULL, NULL, '杭州市淳安县屏门乡上西村', NULL, NULL, '市场价', 0, 'http://you.ctrip.com/sight/qiandaohu17/43793.html'),
(1013, '长桥', 30.236087, 120.160834, NULL, NULL, NULL, 1, NULL, NULL, '杭州市上城区南山路35号', NULL, NULL, '', 0, 'http://you.ctrip.com/sight/hangzhou14/139820.html'),
(1014, '琴溪香谷景区', 29.961898, 119.599855, NULL, NULL, NULL, 1, NULL, NULL, '杭州市桐庐县瑶琳镇珠村', NULL, NULL, '市场价', 0, 'http://you.ctrip.com/sight/tonglu688/135779.html'),
(1015, '桐君山', 29.815809, 119.694511, NULL, NULL, NULL, 1, NULL, NULL, '杭州市桐庐县桐庐镇', NULL, NULL, '市场价', 0, 'http://you.ctrip.com/sight/tonglu688/49138.html'),
(1016, '七里扬帆', 29.542963, 119.497779, NULL, NULL, NULL, 1, NULL, NULL, '杭州市建德市乾潭镇子胥路274号（乾潭旅游码头）', NULL, NULL, '市场价', 0, 'http://you.ctrip.com/sight/jiande687/49776.html'),
(1017, '西湖天地', 30.252973, 120.165788, NULL, NULL, NULL, 1, NULL, NULL, '杭州市上城区南山路147号', NULL, NULL, '', 0, 'http://you.ctrip.com/sight/hangzhou14/20376.html'),
(1018, '千岛湖东南湖区景区', 29.591294, 119.08207, NULL, NULL, NULL, 1, NULL, NULL, '杭州市淳安县千岛湖镇千岛湖东南湖区', NULL, NULL, 'AAAAA级景区', 0, 'http://you.ctrip.com/sight/qiandaohu17/135833.html'),
(1019, '保俶塔', 30.267182, 120.153963, NULL, NULL, NULL, 1, NULL, NULL, '杭州市西湖区保俶路', NULL, NULL, '', 0, 'http://you.ctrip.com/sight/hangzhou14/66633.html'),
(1020, '钱王祠', 30.248574, 120.16456, NULL, NULL, NULL, 1, NULL, NULL, '杭州市上城区钱王祠路11号', NULL, NULL, '市场价', 0, 'http://you.ctrip.com/sight/hangzhou14/25580.html'),
(1021, '超山风景区', 30.443941, 120.230991, NULL, NULL, NULL, 1, NULL, NULL, '杭州市余杭区塘栖镇超山村小白线', NULL, NULL, 'AAAA级景区', 0, 'http://you.ctrip.com/sight/yuhang1429/135666.html'),
(1022, '浙江大学之江校区', 30.199238, 120.132301, NULL, NULL, NULL, 1, NULL, NULL, '杭州市西湖区之江路51号', NULL, NULL, '', 0, 'http://you.ctrip.com/sight/hangzhou14/147718.html'),
(1023, '柳溪江', 30.127475, 119.254683, NULL, NULL, NULL, 1, NULL, NULL, '杭州市临安市河桥镇内', NULL, NULL, 'AAAA级景区', 0, 'http://you.ctrip.com/sight/linan88/70618.html'),
(1024, '浙江美术馆', 30.236305, 120.163453, NULL, NULL, NULL, 1, NULL, NULL, '杭州市西湖区南山路138号', NULL, NULL, '', 0, 'http://you.ctrip.com/sight/hangzhou14/132990.html'),
(1025, '玉皇山景区', 30.224877, 120.161536, NULL, NULL, NULL, 1, NULL, NULL, '杭州市西湖区玉皇山路1号', NULL, NULL, '市场价', 0, 'http://you.ctrip.com/sight/hangzhou14/140701.html'),
(1026, '山沟沟景区', 30.436655, 119.724883, NULL, NULL, NULL, 1, NULL, NULL, '杭州市余杭区鸬鸟镇太平山沟沟村下余65号', NULL, NULL, 'AAAA级景区', 0, 'http://you.ctrip.com/sight/yuhang1429/25557.html'),
(1027, '石林景区', 29.379893, 119.01464, NULL, NULL, NULL, 1, NULL, NULL, '杭州市淳安县石林镇西山坪', NULL, NULL, 'AAAAA级景区', 0, 'http://you.ctrip.com/sight/qiandaohu17/135915.html'),
(1028, '杨公堤', 30.246515, 120.139329, NULL, NULL, NULL, 1, NULL, NULL, '杭州市西湖区西湖以西', NULL, NULL, '', 0, 'http://you.ctrip.com/sight/hangzhou14/25485.html'),
(1029, '东天目山景区', 30.317248, 119.533229, NULL, NULL, NULL, 1, NULL, NULL, '杭州市临安太湖源镇东天目村', NULL, NULL, 'AAAA级景区', 0, 'http://you.ctrip.com/sight/tianmushan1435/74723.html'),
(1030, '黄龙洞景区', 30.268336, 120.145428, NULL, NULL, NULL, 1, NULL, NULL, '杭州市西湖区曙光路69号', NULL, NULL, '市场价', 0, 'http://you.ctrip.com/sight/hangzhou14/140706.html'),
(1031, '天目大峡谷', 30.371276, 119.483005, NULL, NULL, NULL, 1, NULL, NULL, '杭州市临安市天目山镇东关村', NULL, NULL, '市场价', 0, 'http://you.ctrip.com/sight/tianmushan1435/135920.html'),
(1032, '青山湖', 30.243684, 119.779647, NULL, NULL, NULL, 1, NULL, NULL, '杭州市临安市青山湖街道', NULL, NULL, '市场价', 0, 'http://you.ctrip.com/sight/linan88/4129.html'),
(1033, '杭州南宋官窑博物馆', 30.214812, 120.160921, NULL, NULL, NULL, 1, NULL, NULL, '杭州市上城区南复路60号', NULL, NULL, '', 0, 'http://you.ctrip.com/sight/hangzhou14/4333.html'),
(1034, '良渚博物院', 30.382539, 120.035028, NULL, NULL, NULL, 1, NULL, NULL, '杭州市余杭区良渚街道美丽洲路1号', NULL, NULL, '', 0, 'http://you.ctrip.com/sight/yuhang1429/4080.html'),
(1035, '吴山广场', 30.245057, 120.170144, NULL, NULL, NULL, 1, NULL, NULL, '杭州市上城区延安路号', NULL, NULL, '', 0, 'http://you.ctrip.com/sight/hangzhou14/26733.html'),
(1036, '白水涧', 30.378972, 119.727414, NULL, NULL, NULL, 1, NULL, NULL, '杭州市临安市横畈镇泉坑村', NULL, NULL, '市场价', 0, 'http://you.ctrip.com/sight/linan88/16628.html'),
(1037, '垂云通天河景区', 29.931519, 119.539392, NULL, NULL, NULL, 1, NULL, NULL, '杭州市桐庐县瑶琳镇东琳村', NULL, NULL, 'AAAA级景区', 0, 'http://you.ctrip.com/sight/tonglu688/49158.html'),
(1038, '大奇山国家森林公园', 29.775558, 119.727585, NULL, NULL, NULL, 1, NULL, NULL, '杭州市桐庐县大奇山路', NULL, NULL, '市场价', 0, 'http://you.ctrip.com/sight/tonglu688/49155.html'),
(1039, '吴山天风', 30.245377, 120.171233, NULL, NULL, NULL, 1, NULL, NULL, '杭州市上城区城隍山吴山路3号（延安路南端）', NULL, NULL, '', 0, 'http://you.ctrip.com/sight/hangzhou14/2027.html'),
(1040, '严子陵钓台', 29.704576, 119.66548, NULL, NULL, NULL, 1, NULL, NULL, '杭州市桐庐县富春江镇云源路2号', NULL, NULL, 'AAAA级景区', 0, 'http://you.ctrip.com/sight/tonglu688/49188.html'),
(1041, '满陇桂雨', 30.222583, 120.140073, NULL, NULL, NULL, 1, NULL, NULL, '杭州市西湖区满觉陇', NULL, NULL, '', 0, 'http://you.ctrip.com/sight/hangzhou14/2023.html'),
(1042, '宝石流霞', 30.266894, 120.153071, NULL, NULL, NULL, 1, NULL, NULL, '杭州市西湖区西湖北岸宝石山', NULL, NULL, '', 0, 'http://you.ctrip.com/sight/hangzhou14/2028.html'),
(1043, '太湖源', 30.410862, 119.573332, NULL, NULL, NULL, 1, NULL, NULL, '杭州市临安市太湖源镇白沙村', NULL, NULL, '市场价', 0, 'http://you.ctrip.com/sight/linan88/4137.html'),
(1044, '塘栖古镇', 30.484999, 120.197356, NULL, NULL, NULL, 1, NULL, NULL, '杭州市余杭区塘栖镇', NULL, NULL, 'AAAA级景区', 0, 'http://you.ctrip.com/sight/yuhang1429/135918.html'),
(1045, '钱塘江', 30.139797, 120.156493, NULL, NULL, NULL, 1, NULL, NULL, '杭州市西湖区', NULL, NULL, '', 0, 'http://you.ctrip.com/sight/hangzhou14/2041.html'),
(1046, '瑞晶石花洞', 30.087195, 119.108476, NULL, NULL, NULL, 1, NULL, NULL, '杭州市临安市昌化地区的石瑞乡蒲村', NULL, NULL, 'AAAA级景区', 0, 'http://you.ctrip.com/sight/linan88/4136.html'),
(1047, '浙江省博物馆孤山馆区', 30.256615, 120.150203, NULL, NULL, NULL, 1, NULL, NULL, '杭州市西湖区孤山路25号', NULL, NULL, '', 0, 'http://you.ctrip.com/sight/hangzhou14/4330.html'),
(1048, '灵栖洞', 29.384881, 119.09675, NULL, NULL, NULL, 1, NULL, NULL, '杭州市建德市石屏乡', NULL, NULL, 'AAAA级景区', 0, 'http://you.ctrip.com/sight/jiande687/49790.html'),
(1049, '富春桃源', 30.015334, 119.641532, NULL, NULL, NULL, 1, NULL, NULL, '杭州市富阳区胥口镇上练村', NULL, NULL, 'AAAA级景区', 0, 'http://you.ctrip.com/sight/fuyang1513/49224.html'),
(1050, '南宋御街', 30.251569, 120.177146, NULL, NULL, NULL, 1, NULL, NULL, '杭州市上城区南宋御街', NULL, NULL, '', 0, 'http://you.ctrip.com/sight/hangzhou14/109855.html'),
(1051, '新叶古村', 29.33627, 119.341895, NULL, NULL, NULL, 1, NULL, NULL, '杭州建德市大慈岩镇新叶村', NULL, NULL, '市场价', 0, 'http://you.ctrip.com/sight/jiande687/135928.html'),
(1052, '宋城杭州乐园', 30.166365, 120.25205, NULL, NULL, NULL, 1, NULL, NULL, '杭州市萧山区风情大道2555号（休博园内）', NULL, NULL, 'AAAA级景区', 0, 'http://you.ctrip.com/sight/hangzhou14/16621.html'),
(1053, '杭州野生动物世界', 30.153351, 119.990867, NULL, NULL, NULL, 1, NULL, NULL, '杭州市杭富路九龙大道1号', NULL, NULL, 'AAAA级景区', 0, 'http://you.ctrip.com/sight/hangzhou14/25548.html'),
(1054, '杭州宋城烂苹果乐园', 30.168371, 120.250693, NULL, NULL, NULL, 1, NULL, NULL, '杭州市萧山区风情大道2555号（杭州乐园对面）', NULL, NULL, '市场价', 0, 'http://you.ctrip.com/sight/hangzhou14/135703.html'),
(1055, '西溪湿地西区（洪园景区）', 30.255165, 120.059382, NULL, NULL, NULL, 1, NULL, NULL, '杭州市天目山路延伸段龙舌嘴入口', NULL, NULL, 'AAAAA级景区', 0, 'http://you.ctrip.com/sight/hangzhou14/142278.html'),
(1056, '湘湖', 30.15535, 120.236098, NULL, NULL, NULL, 1, NULL, NULL, '杭州市萧山区湘湖路', NULL, NULL, 'AAAA级景区', 0, 'http://you.ctrip.com/sight/xiaoshan120060/47184.html'),
(1057, '杭州极地海洋公园', 30.149307, 120.23388, NULL, NULL, NULL, 1, NULL, NULL, '杭州市萧山区湘湖路777号', NULL, NULL, 'AAAA级景区', 0, 'http://you.ctrip.com/sight/xiaoshan120060/110080.html'),
(1058, '千岛湖森林氧吧', 29.595149, 119.224745, NULL, NULL, NULL, 1, NULL, NULL, '杭州市淳安县千岛湖镇淡竹王子山', NULL, NULL, '市场价', 0, 'http://you.ctrip.com/sight/qiandaohu17/52366.html'),
(1059, '杭州植物园', 30.263065, 120.124395, NULL, NULL, NULL, 1, NULL, NULL, '杭州市西湖区桃源岭1号', NULL, NULL, '市场价', 0, 'http://you.ctrip.com/sight/hangzhou14/25434.html'),
(1060, '梅家坞', 30.212027, 120.094172, NULL, NULL, NULL, 1, NULL, NULL, '杭州市西湖区梅灵南路梅家坞村', NULL, NULL, '市场价', 0, 'http://you.ctrip.com/sight/hangzhou14/25559.html'),
(1061, '郭庄', 30.250509, 120.138391, NULL, NULL, NULL, 1, NULL, NULL, '杭州市西湖区杨公堤28号', NULL, NULL, '市场价', 0, 'http://you.ctrip.com/sight/hangzhou14/25577.html'),
(1062, '梅峰岛', NULL, NULL, NULL, NULL, NULL, 1, NULL, NULL, '杭州市淳安县千岛湖镇千岛湖中心湖区', NULL, NULL, '', 0, 'http://you.ctrip.com/sight/qiandaohu17/16656.html'),
(1063, '龙门古镇', 29.90607, 119.956997, NULL, NULL, NULL, 1, NULL, NULL, '杭州市富阳区龙门镇', NULL, NULL, 'AAAA级景区', 0, 'http://you.ctrip.com/sight/fuyang1513/49721.html'),
(1064, '天目山景区', 30.317248, 119.533229, NULL, NULL, NULL, 1, NULL, NULL, '杭州临安市西天目乡', NULL, NULL, 'AAAA级景区', 0, 'http://you.ctrip.com/sight/tianmushan1435/74700.html'),
(1065, '杭州动物园', 30.21915, 120.139832, NULL, NULL, NULL, 1, NULL, NULL, '杭州市西湖区虎跑路40号', NULL, NULL, '携程价', 0, 'http://you.ctrip.com/sight/hangzhou14/26649.html'),
(1066, '大慈岩风景区', 29.333066, 119.301811, NULL, NULL, NULL, 1, NULL, NULL, '杭州市建德市南面24公里处', NULL, NULL, 'AAAA级景区', 0, 'http://you.ctrip.com/sight/jiande687/49761.html'),
(1067, '九溪烟树', 30.20914, 120.119637, NULL, NULL, NULL, 1, NULL, NULL, '杭州市西湖区龙井村南', NULL, NULL, '', 0, 'http://you.ctrip.com/sight/hangzhou14/2024.html'),
(1068, '岳王庙景区', 30.258261, 120.141379, NULL, NULL, NULL, 1, NULL, NULL, '杭州市西湖区北山路80号', NULL, NULL, '市场价', 0, 'http://you.ctrip.com/sight/hangzhou14/140707.html'),
(1069, '西湖音乐喷泉', 30.259641, 120.167621, NULL, NULL, NULL, 1, NULL, NULL, '杭州市西湖区湖滨三公园附近湖面上', NULL, NULL, '', 0, 'http://you.ctrip.com/sight/hangzhou14/1419677.html'),
(1070, '孤山', 30.175115, 118.989509, NULL, NULL, NULL, 1, NULL, NULL, '杭州市西湖区西湖北面（近平湖秋月）', NULL, NULL, '', 0, 'http://you.ctrip.com/sight/hangzhou14/2043.html'),
(1071, '大明山景区', 30.062434, 119.000616, NULL, NULL, NULL, 1, NULL, NULL, '杭州市临安顺溪镇仁村', NULL, NULL, 'AAAA级景区', 0, 'http://you.ctrip.com/sight/damingshan120550/4140.html'),
(1072, '虎跑公园', 30.215694, 120.141276, NULL, NULL, NULL, 1, NULL, NULL, '杭州市西湖区虎跑路39号', NULL, NULL, '市场价', 0, 'http://you.ctrip.com/sight/hangzhou14/2045.html'),
(1073, '西泠印社', 30.25688, 120.146585, NULL, NULL, NULL, 1, NULL, NULL, '杭州市西湖区孤山路31号', NULL, NULL, '', 0, 'http://you.ctrip.com/sight/hangzhou14/4337.html'),
(1074, '六和塔', 30.202016, 120.139104, NULL, NULL, NULL, 1, NULL, NULL, '杭州市西湖区之江路16号', NULL, NULL, '市场价', 0, 'http://you.ctrip.com/sight/hangzhou14/2039.html'),
(1075, '钱塘江大桥', 30.206464, 120.143075, NULL, NULL, NULL, 1, NULL, NULL, '杭州市西湖之南，六和塔附近的钱塘江上', NULL, NULL, '', 0, 'http://you.ctrip.com/sight/hangzhou14/145433.html'),
(1076, '云栖竹径', 30.198825, 120.100499, NULL, NULL, NULL, 1, NULL, NULL, '杭州市西湖区梅灵南路五云山云栖坞', NULL, NULL, '市场价', 0, 'http://you.ctrip.com/sight/hangzhou14/2021.html'),
(1077, '浙西大峡谷', 30.240174, 119.109957, NULL, NULL, NULL, 1, NULL, NULL, '杭州临安市大峡谷镇', NULL, NULL, 'AAAA级景区', 0, 'http://you.ctrip.com/sight/linan88/51377.html'),
(1078, '瑶琳仙境', 29.891636, 119.542783, NULL, NULL, NULL, 1, NULL, NULL, '杭州市桐庐县瑶琳镇分水江畔至南乡洞前村的骆驼山北麓', NULL, NULL, 'AAAA级景区', 0, 'http://you.ctrip.com/sight/tonglu688/49119.html'),
(1079, '平湖秋月', 30.258253, 120.152633, NULL, NULL, NULL, 1, NULL, NULL, '杭州市西湖区白堤西端', NULL, NULL, '', 0, 'http://you.ctrip.com/sight/hangzhou14/2030.html'),
(1080, '胡雪岩故居', 30.242803, 120.179401, NULL, NULL, NULL, 1, NULL, NULL, '杭州市上城区元宝街18号', NULL, NULL, '市场价', 0, 'http://you.ctrip.com/sight/hangzhou14/25535.html'),
(1081, '柳浪闻莺', 30.246921, 120.161392, NULL, NULL, NULL, 1, NULL, NULL, '杭州市上城区南山路85号', NULL, NULL, '', 0, 'http://you.ctrip.com/sight/hangzhou14/2032.html');

-- --------------------------------------------------------

--
-- 表的结构 `tag`
--

DROP TABLE IF EXISTS `tag`;
CREATE TABLE IF NOT EXISTS `tag` (
  `id` int(11) NOT NULL AUTO_INCREMENT,
  `name` text NOT NULL COMMENT '标签名字',
  PRIMARY KEY (`id`)
) ENGINE=InnoDB  DEFAULT CHARSET=utf8 COMMENT='标签' AUTO_INCREMENT=106 ;

--
-- 转存表中的数据 `tag`
--

INSERT INTO `tag` (`id`, `name`) VALUES
(1, '剧场/剧院'),
(2, '艺术馆'),
(3, '园林'),
(4, '河流'),
(5, '动物园'),
(6, '祠堂'),
(7, '小镇'),
(8, '科技馆'),
(9, '训练营'),
(10, '3D立体画'),
(11, '学府'),
(12, '表演'),
(13, '海滨/沙滩'),
(14, 'SPA'),
(15, '水族馆'),
(16, '蜡像馆'),
(17, '健身会所'),
(18, '峡谷'),
(19, '赛车场'),
(20, '水上乐园'),
(21, '活动基地'),
(22, '滑翔伞'),
(23, '电影院'),
(24, '雕像/雕塑'),
(25, 'Spa'),
(26, '自然保护区'),
(27, '世界文化遗产'),
(28, '花园/庭院'),
(29, '游船'),
(30, '生活服务'),
(31, '其他运动场馆'),
(32, '陵园/墓地'),
(33, '乡村'),
(34, '岛屿/半岛'),
(35, '现代建筑'),
(36, '美术馆'),
(37, '教堂'),
(38, '冰川'),
(39, '集市'),
(40, '酒吧/俱乐部'),
(41, '创意园区'),
(42, '茶馆/茶室'),
(43, '森林'),
(44, '图书馆'),
(45, '农场'),
(46, '博物馆'),
(47, '瀑布'),
(48, '纪念碑'),
(49, '名人故居'),
(50, '古塔'),
(51, '古道'),
(52, 'DIY手工场馆'),
(53, '草原'),
(54, '礁石/岩石'),
(55, '广场'),
(56, '历史建筑'),
(57, '其他休闲会所'),
(58, '文化旅游区'),
(59, '画廊'),
(60, '工厂游'),
(61, '骑行'),
(62, '民俗村'),
(63, '泉'),
(64, '湖泊'),
(65, '度假村'),
(66, '徒步'),
(67, '古迹'),
(68, '体育场'),
(69, '纪念馆'),
(70, '其它'),
(71, '道观/道场'),
(72, '特色街区'),
(73, '军事遗址'),
(74, '池塘'),
(75, '手工作坊'),
(76, '高尔夫球场'),
(77, '主题公园'),
(78, '湿地'),
(79, '城市公园'),
(80, '水上运动'),
(81, '古镇/古村'),
(82, '展览馆'),
(83, '水利工程'),
(84, '国家公园'),
(85, '攀岩'),
(86, '洞穴'),
(87, '喷泉'),
(88, '游戏/娱乐中心'),
(89, '山岳/山岭'),
(90, '观光路线'),
(91, '寺庙'),
(92, '地质地貌'),
(93, '登山'),
(94, '植物园'),
(95, '漂流'),
(96, '观景台'),
(97, 'KTV'),
(98, '采摘'),
(99, '游乐场'),
(100, '桥'),
(101, '体育馆'),
(102, '温泉'),
(103, '滑雪场'),
(104, '农家乐'),
(105, '宫殿');

-- --------------------------------------------------------

--
-- 表的结构 `tag_scene`
--

DROP TABLE IF EXISTS `tag_scene`;
CREATE TABLE IF NOT EXISTS `tag_scene` (
  `id` int(11) NOT NULL AUTO_INCREMENT,
  `tagid` int(11) NOT NULL,
  `sceneid` int(11) NOT NULL,
  PRIMARY KEY (`id`),
  KEY `tagid` (`tagid`),
  KEY `sceneid` (`sceneid`)
) ENGINE=InnoDB  DEFAULT CHARSET=utf8 COMMENT='标签<->景点' AUTO_INCREMENT=1313 ;

--
-- 转存表中的数据 `tag_scene`
--

INSERT INTO `tag_scene` (`id`, `tagid`, `sceneid`) VALUES
(1, 64, 1),
(2, 27, 1),
(3, 84, 1),
(4, 91, 2),
(5, 67, 2),
(6, 67, 3),
(7, 50, 3),
(8, 78, 4),
(9, 29, 4),
(10, 67, 5),
(11, 72, 5),
(12, 64, 6),
(13, 29, 7),
(14, 64, 7),
(15, 67, 8),
(16, 67, 9),
(17, 74, 10),
(18, 79, 10),
(19, 88, 11),
(20, 77, 11),
(21, 79, 12),
(22, 91, 13),
(23, 89, 13),
(24, 67, 13),
(25, 100, 14),
(26, 79, 15),
(27, 32, 16),
(28, 67, 17),
(29, 96, 18),
(30, 92, 19),
(31, 54, 19),
(32, 69, 20),
(33, 77, 21),
(34, 83, 22),
(35, 4, 23),
(36, 89, 23),
(37, 29, 23),
(38, 32, 24),
(39, 67, 25),
(40, 67, 26),
(41, 104, 27),
(42, 33, 28),
(43, 32, 29),
(44, 67, 30),
(45, 69, 31),
(46, 37, 32),
(47, 2, 33),
(48, 89, 34),
(49, 64, 35),
(50, 79, 36),
(51, 79, 37),
(52, 99, 38),
(53, 89, 39),
(54, 22, 39),
(55, 79, 40),
(56, 86, 41),
(57, 34, 42),
(58, 89, 43),
(59, 64, 43),
(60, 67, 44),
(61, 100, 44),
(62, 67, 45),
(63, 56, 45),
(64, 46, 46),
(65, 37, 47),
(66, 49, 48),
(67, 104, 49),
(68, 1, 50),
(69, 32, 51),
(70, 56, 52),
(71, 81, 53),
(72, 67, 54),
(73, 100, 55),
(74, 104, 56),
(75, 49, 57),
(76, 91, 58),
(77, 86, 59),
(78, 79, 60),
(79, 79, 61),
(80, 69, 62),
(81, 3, 63),
(82, 89, 64),
(83, 67, 64),
(84, 69, 65),
(85, 79, 66),
(86, 79, 67),
(87, 104, 68),
(88, 104, 69),
(89, 79, 70),
(90, 7, 71),
(91, 91, 72),
(92, 91, 73),
(93, 67, 74),
(94, 49, 75),
(95, 79, 76),
(96, 67, 77),
(97, 76, 78),
(98, 62, 79),
(99, 56, 80),
(100, 43, 80),
(101, 20, 81),
(102, 18, 82),
(103, 43, 82),
(104, 89, 82),
(105, 18, 83),
(106, 82, 84),
(107, 46, 85),
(108, 69, 86),
(109, 81, 87),
(110, 104, 88),
(111, 67, 89),
(112, 98, 90),
(113, 20, 91),
(114, 104, 92),
(115, 104, 93),
(116, 33, 93),
(117, 88, 94),
(118, 88, 95),
(119, 10, 96),
(120, 46, 97),
(121, 79, 98),
(122, 89, 99),
(123, 67, 99),
(124, 92, 99),
(125, 89, 100),
(126, 96, 101),
(127, 104, 102),
(128, 79, 103),
(129, 97, 104),
(130, 37, 105),
(131, 43, 106),
(132, 30, 107),
(133, 52, 108),
(134, 52, 109),
(135, 2, 110),
(136, 79, 111),
(137, 67, 111),
(138, 67, 112),
(139, 50, 112),
(140, 79, 113),
(141, 33, 114),
(142, 43, 114),
(143, 79, 115),
(144, 56, 116),
(145, 67, 117),
(146, 79, 118),
(147, 47, 119),
(148, 4, 119),
(149, 18, 119),
(150, 30, 120),
(151, 67, 121),
(152, 80, 122),
(153, 88, 123),
(154, 88, 124),
(155, 91, 125),
(156, 104, 126),
(157, 98, 126),
(158, 45, 126),
(159, 46, 127),
(160, 96, 128),
(161, 56, 128),
(162, 32, 129),
(163, 79, 130),
(164, 77, 131),
(165, 67, 132),
(166, 67, 133),
(167, 104, 134),
(168, 79, 135),
(169, 79, 136),
(170, 67, 137),
(171, 100, 137),
(172, 2, 138),
(173, 47, 139),
(174, 89, 139),
(175, 64, 139),
(176, 56, 140),
(177, 45, 141),
(178, 98, 141),
(179, 88, 142),
(180, 69, 143),
(181, 82, 144),
(182, 102, 145),
(183, 25, 145),
(184, 89, 146),
(185, 104, 146),
(186, 94, 147),
(187, 88, 148),
(188, 52, 149),
(189, 30, 150),
(190, 79, 151),
(191, 82, 152),
(192, 86, 153),
(193, 57, 154),
(194, 59, 155),
(195, 67, 156),
(196, 104, 157),
(197, 46, 158),
(198, 1, 159),
(199, 88, 160),
(200, 89, 161),
(201, 22, 162),
(202, 79, 163),
(203, 86, 164),
(204, 89, 164),
(205, 82, 165),
(206, 77, 166),
(207, 91, 167),
(208, 67, 168),
(209, 100, 169),
(210, 18, 170),
(211, 44, 171),
(212, 4, 172),
(213, 89, 172),
(214, 43, 173),
(215, 89, 173),
(216, 102, 174),
(217, 14, 174),
(218, 102, 174),
(219, 67, 175),
(220, 100, 175),
(221, 63, 176),
(222, 104, 177),
(223, 67, 178),
(224, 69, 179),
(225, 91, 180),
(226, 67, 180),
(227, 46, 181),
(228, 67, 182),
(229, 56, 182),
(230, 69, 183),
(231, 69, 184),
(232, 91, 185),
(233, 11, 186),
(234, 41, 187),
(235, 104, 188),
(236, 79, 189),
(237, 101, 190),
(238, 69, 191),
(239, 76, 192),
(240, 88, 193),
(241, 4, 194),
(242, 95, 194),
(243, 56, 195),
(244, 67, 196),
(245, 56, 196),
(246, 35, 197),
(247, 60, 198),
(248, 56, 199),
(249, 19, 200),
(250, 100, 201),
(251, 18, 201),
(252, 67, 202),
(253, 78, 202),
(254, 34, 203),
(255, 79, 204),
(256, 88, 205),
(257, 45, 206),
(258, 29, 207),
(259, 104, 208),
(260, 33, 209),
(261, 11, 211),
(262, 65, 212),
(263, 72, 213),
(264, 4, 214),
(265, 67, 215),
(266, 32, 215),
(267, 104, 216),
(268, 95, 216),
(269, 72, 217),
(270, 78, 218),
(271, 18, 219),
(272, 69, 220),
(273, 79, 221),
(274, 79, 222),
(275, 56, 223),
(276, 67, 223),
(277, 79, 224),
(278, 99, 225),
(279, 46, 226),
(280, 67, 227),
(281, 56, 228),
(282, 56, 229),
(283, 20, 230),
(284, 37, 231),
(285, 56, 232),
(286, 88, 233),
(287, 89, 234),
(288, 47, 234),
(289, 86, 234),
(290, 18, 234),
(291, 48, 235),
(292, 31, 236),
(293, 99, 237),
(294, 34, 237),
(295, 100, 238),
(296, 33, 238),
(297, 89, 239),
(298, 18, 239),
(299, 89, 240),
(300, 7, 241),
(301, 98, 243),
(302, 26, 244),
(303, 56, 245),
(304, 9, 246),
(305, 56, 250),
(306, 70, 258),
(307, 11, 261),
(308, 67, 264),
(309, 86, 272),
(310, 70, 273),
(311, 18, 274),
(312, 66, 274),
(313, 9, 275),
(314, 60, 276),
(315, 34, 277),
(316, 104, 277),
(317, 90, 278),
(318, 81, 279),
(319, 104, 280),
(320, 33, 280),
(321, 67, 945),
(322, 43, 945),
(323, 89, 945),
(324, 49, 945),
(325, 100, 283),
(326, 44, 284),
(327, 65, 287),
(328, 64, 288),
(329, 2, 289),
(330, 56, 290),
(331, 1, 291),
(332, 88, 292),
(333, 49, 293),
(334, 69, 294),
(335, 45, 295),
(336, 69, 296),
(337, 91, 297),
(338, 21, 298),
(339, 104, 299),
(340, 9, 299),
(341, 9, 300),
(342, 104, 301),
(343, 45, 301),
(344, 98, 301),
(345, 41, 302),
(346, 72, 303),
(347, 18, 304),
(348, 74, 305),
(349, 89, 306),
(350, 47, 306),
(351, 54, 306),
(352, 43, 307),
(353, 89, 307),
(354, 67, 308),
(355, 104, 309),
(356, 81, 310),
(357, 88, 311),
(358, 63, 312),
(359, 89, 313),
(360, 74, 314),
(361, 54, 314),
(362, 104, 315),
(363, 88, 316),
(364, 67, 317),
(365, 50, 318),
(366, 65, 319),
(367, 104, 319),
(368, 51, 320),
(369, 32, 321),
(370, 100, 322),
(371, 78, 323),
(372, 87, 324),
(373, 55, 324),
(374, 104, 325),
(375, 40, 326),
(376, 77, 327),
(377, 99, 327),
(378, 45, 328),
(379, 82, 329),
(380, 75, 330),
(381, 46, 330),
(382, 88, 331),
(383, 21, 331),
(384, 30, 332),
(385, 30, 333),
(386, 49, 334),
(387, 55, 335),
(388, 56, 336),
(389, 24, 337),
(390, 99, 338),
(391, 56, 339),
(392, 56, 340),
(393, 98, 342),
(394, 88, 343),
(395, 105, 344),
(396, 33, 345),
(397, 89, 346),
(398, 77, 349),
(399, 100, 350),
(400, 88, 351),
(401, 30, 352),
(402, 52, 353),
(403, 30, 354),
(404, 52, 355),
(405, 17, 356),
(406, 30, 357),
(407, 57, 358),
(408, 30, 359),
(409, 52, 360),
(410, 52, 361),
(411, 86, 369),
(412, 65, 382),
(413, 9, 394),
(414, 104, 396),
(415, 45, 396),
(416, 88, 400),
(417, 45, 402),
(418, 34, 916),
(419, 65, 916),
(420, 61, 407),
(421, 37, 408),
(422, 1, 409),
(423, 99, 411),
(424, 45, 412),
(425, 1, 414),
(426, 102, 415),
(427, 91, 416),
(428, 91, 419),
(429, 91, 420),
(430, 91, 421),
(431, 88, 422),
(432, 36, 423),
(433, 11, 424),
(434, 84, 425),
(435, 43, 425),
(436, 89, 425),
(437, 48, 426),
(438, 67, 426),
(439, 72, 428),
(440, 79, 432),
(441, 43, 433),
(442, 29, 433),
(443, 64, 433),
(444, 72, 435),
(445, 79, 437),
(446, 104, 438),
(447, 54, 439),
(448, 92, 439),
(449, 67, 440),
(450, 89, 441),
(451, 54, 441),
(452, 47, 442),
(453, 54, 442),
(454, 11, 424),
(455, 89, 444),
(456, 47, 444),
(457, 91, 445),
(458, 32, 446),
(459, 79, 447),
(460, 1, 448),
(461, 7, 449),
(462, 4, 450),
(463, 88, 451),
(464, 52, 452),
(465, 18, 453),
(466, 89, 453),
(467, 4, 453),
(468, 65, 454),
(469, 81, 455),
(470, 91, 456),
(471, 34, 457),
(472, 92, 457),
(473, 88, 458),
(474, 89, 459),
(475, 104, 459),
(476, 98, 461),
(477, 81, 462),
(478, 104, 463),
(479, 91, 464),
(480, 47, 465),
(481, 45, 466),
(482, 100, 467),
(483, 46, 468),
(484, 33, 469),
(485, 59, 470),
(486, 9, 472),
(487, 89, 473),
(488, 47, 473),
(489, 54, 473),
(490, 63, 473),
(491, 89, 474),
(492, 104, 475),
(493, 98, 475),
(494, 91, 476),
(495, 87, 477),
(496, 46, 478),
(497, 67, 479),
(498, 41, 480),
(499, 88, 481),
(500, 79, 482),
(501, 91, 483),
(502, 99, 485),
(503, 89, 486),
(504, 85, 486),
(505, 43, 487),
(506, 64, 487),
(507, 83, 487),
(508, 37, 488),
(509, 91, 489),
(510, 92, 490),
(511, 89, 490),
(512, 47, 490),
(513, 86, 490),
(514, 89, 491),
(515, 47, 492),
(516, 54, 492),
(517, 91, 493),
(518, 58, 494),
(519, 33, 494),
(520, 82, 494),
(521, 43, 495),
(522, 89, 495),
(523, 79, 496),
(524, 43, 497),
(525, 45, 497),
(526, 79, 498),
(527, 5, 499),
(528, 72, 500),
(529, 61, 501),
(530, 88, 502),
(531, 45, 504),
(532, 33, 505),
(533, 91, 506),
(534, 1, 507),
(535, 79, 508),
(536, 46, 509),
(537, 67, 510),
(538, 88, 511),
(539, 104, 511),
(540, 33, 511),
(541, 81, 512),
(542, 56, 513),
(543, 89, 514),
(544, 81, 515),
(545, 29, 516),
(546, 64, 516),
(547, 67, 517),
(548, 88, 518),
(549, 1, 519),
(550, 89, 520),
(551, 40, 521),
(552, 104, 522),
(553, 33, 522),
(554, 65, 523),
(555, 49, 524),
(556, 83, 525),
(557, 64, 525),
(558, 69, 526),
(559, 86, 527),
(560, 56, 528),
(561, 91, 528),
(562, 86, 529),
(563, 32, 530),
(564, 88, 531),
(565, 91, 532),
(566, 86, 532),
(567, 34, 533),
(568, 65, 533),
(569, 80, 533),
(570, 89, 534),
(571, 47, 534),
(572, 64, 534),
(573, 91, 535),
(574, 98, 536),
(575, 45, 537),
(576, 104, 537),
(577, 45, 538),
(578, 46, 539),
(579, 89, 540),
(580, 89, 541),
(581, 104, 541),
(582, 62, 541),
(583, 67, 542),
(584, 96, 542),
(585, 100, 543),
(586, 3, 544),
(587, 28, 545),
(588, 86, 546),
(589, 67, 547),
(590, 86, 548),
(591, 67, 549),
(592, 79, 550),
(593, 46, 551),
(594, 69, 552),
(595, 66, 553),
(596, 91, 554),
(597, 49, 556),
(598, 54, 557),
(599, 96, 557),
(600, 67, 558),
(601, 67, 559),
(602, 104, 560),
(603, 43, 561),
(604, 89, 562),
(605, 18, 563),
(606, 104, 563),
(607, 18, 564),
(608, 88, 565),
(609, 18, 566),
(610, 89, 566),
(611, 47, 566),
(612, 50, 567),
(613, 64, 568),
(614, 20, 569),
(615, 77, 570),
(616, 79, 571),
(617, 47, 572),
(618, 43, 572),
(619, 93, 573),
(620, 43, 573),
(621, 89, 573),
(622, 86, 574),
(623, 99, 575),
(624, 79, 576),
(625, 47, 577),
(626, 81, 577),
(627, 47, 578),
(628, 67, 578),
(629, 76, 579),
(630, 30, 580),
(631, 91, 581),
(632, 86, 581),
(633, 33, 582),
(634, 32, 583),
(635, 56, 584),
(636, 79, 585),
(637, 56, 586),
(638, 6, 587),
(639, 32, 587),
(640, 50, 588),
(641, 1, 589),
(642, 79, 590),
(643, 46, 591),
(644, 56, 592),
(645, 3, 593),
(646, 74, 594),
(647, 86, 595),
(648, 92, 595),
(649, 3, 596),
(650, 79, 597),
(651, 67, 598),
(652, 79, 599),
(653, 49, 600),
(654, 88, 601),
(655, 32, 602),
(656, 49, 603),
(657, 78, 604),
(658, 79, 605),
(659, 89, 606),
(660, 43, 606),
(661, 67, 607),
(662, 88, 608),
(663, 91, 609),
(664, 46, 610),
(665, 79, 611),
(666, 46, 612),
(667, 46, 613),
(668, 91, 614),
(669, 88, 615),
(670, 104, 616),
(671, 89, 617),
(672, 79, 618),
(673, 32, 619),
(674, 67, 620),
(675, 58, 621),
(676, 79, 622),
(677, 67, 623),
(678, 104, 624),
(679, 98, 624),
(680, 91, 625),
(681, 86, 626),
(682, 104, 627),
(683, 33, 627),
(684, 45, 627),
(685, 43, 628),
(686, 89, 628),
(687, 104, 629),
(688, 67, 630),
(689, 56, 630),
(690, 44, 631),
(691, 56, 632),
(692, 89, 633),
(693, 64, 633),
(694, 33, 634),
(695, 37, 635),
(696, 81, 636),
(697, 104, 637),
(698, 33, 637),
(699, 88, 638),
(700, 67, 639),
(701, 86, 640),
(702, 6, 641),
(703, 79, 642),
(704, 71, 643),
(705, 67, 643),
(706, 67, 644),
(707, 1, 645),
(708, 67, 646),
(709, 92, 647),
(710, 89, 647),
(711, 56, 648),
(712, 6, 648),
(713, 79, 649),
(714, 89, 650),
(715, 67, 651),
(716, 49, 652),
(717, 46, 653),
(718, 67, 654),
(719, 56, 655),
(720, 50, 656),
(721, 82, 657),
(722, 86, 658),
(723, 79, 659),
(724, 49, 660),
(725, 67, 661),
(726, 91, 662),
(727, 69, 663),
(728, 89, 664),
(729, 81, 664),
(730, 67, 664),
(731, 49, 665),
(732, 79, 666),
(733, 86, 667),
(734, 46, 668),
(735, 45, 669),
(736, 13, 670),
(737, 72, 671),
(738, 36, 672),
(739, 71, 673),
(740, 32, 674),
(741, 34, 675),
(742, 60, 676),
(743, 46, 676),
(744, 67, 677),
(745, 33, 677),
(746, 72, 678),
(747, 33, 679),
(748, 69, 680),
(749, 75, 681),
(750, 33, 682),
(751, 11, 683),
(752, 3, 684),
(753, 65, 685),
(754, 76, 685),
(755, 79, 686),
(756, 89, 687),
(757, 79, 688),
(758, 67, 689),
(759, 69, 690),
(760, 4, 691),
(761, 29, 691),
(762, 86, 691),
(763, 17, 692),
(764, 30, 693),
(765, 79, 694),
(766, 89, 695),
(767, 67, 696),
(768, 6, 697),
(769, 72, 698),
(770, 77, 699),
(771, 9, 700),
(772, 79, 701),
(773, 88, 702),
(774, 46, 703),
(775, 67, 704),
(776, 100, 704),
(777, 32, 705),
(778, 91, 706),
(779, 17, 707),
(780, 46, 708),
(781, 46, 709),
(782, 79, 711),
(783, 6, 712),
(784, 67, 712),
(785, 92, 713),
(786, 85, 714),
(787, 79, 715),
(788, 10, 716),
(789, 91, 717),
(790, 67, 717),
(791, 89, 718),
(792, 46, 719),
(793, 86, 720),
(794, 92, 720),
(795, 89, 721),
(796, 67, 722),
(797, 50, 722),
(798, 67, 723),
(799, 79, 724),
(800, 55, 725),
(801, 42, 726),
(802, 79, 727),
(803, 67, 728),
(804, 67, 729),
(805, 88, 730),
(806, 99, 731),
(807, 88, 732),
(808, 79, 733),
(809, 30, 734),
(810, 52, 735),
(811, 2, 736),
(812, 4, 737),
(813, 65, 738),
(814, 104, 738),
(815, 72, 739),
(816, 82, 740),
(817, 67, 741),
(818, 56, 742),
(819, 67, 743),
(820, 100, 743),
(821, 67, 744),
(822, 23, 745),
(823, 30, 746),
(824, 56, 747),
(825, 91, 748),
(826, 67, 749),
(827, 67, 750),
(828, 67, 751),
(829, 67, 752),
(830, 52, 753),
(831, 43, 754),
(832, 86, 755),
(833, 67, 755),
(834, 35, 756),
(835, 91, 757),
(836, 56, 757),
(837, 43, 758),
(838, 67, 758),
(839, 67, 759),
(840, 67, 760),
(841, 100, 760),
(842, 41, 761),
(843, 46, 762),
(844, 46, 763),
(845, 67, 764),
(846, 91, 765),
(847, 67, 765),
(848, 79, 766),
(849, 49, 767),
(850, 69, 767),
(851, 94, 768),
(852, 8, 769),
(853, 34, 770),
(854, 104, 771),
(855, 52, 772),
(856, 47, 773),
(857, 86, 773),
(858, 46, 774),
(859, 46, 775),
(860, 67, 776),
(861, 71, 777),
(862, 88, 778),
(863, 91, 779),
(864, 36, 780),
(865, 96, 781),
(866, 89, 781),
(867, 3, 782),
(868, 60, 783),
(869, 33, 784),
(870, 16, 785),
(871, 99, 786),
(872, 51, 787),
(873, 59, 788),
(874, 55, 789),
(875, 67, 790),
(876, 100, 790),
(877, 46, 791),
(878, 67, 792),
(879, 65, 793),
(880, 99, 794),
(881, 76, 795),
(882, 72, 796),
(883, 82, 797),
(884, 79, 798),
(885, 72, 799),
(886, 67, 800),
(887, 69, 800),
(888, 91, 800),
(889, 47, 801),
(890, 89, 801),
(891, 43, 801),
(892, 32, 802),
(893, 67, 802),
(894, 47, 803),
(895, 18, 803),
(896, 38, 803),
(897, 67, 804),
(898, 87, 805),
(899, 55, 805),
(900, 31, 806),
(901, 65, 807),
(902, 45, 807),
(903, 66, 808),
(904, 92, 809),
(905, 53, 809),
(906, 79, 810),
(907, 79, 811),
(908, 73, 812),
(909, 7, 813),
(910, 104, 813),
(911, 44, 814),
(912, 56, 815),
(913, 102, 816),
(914, 64, 817),
(915, 46, 818),
(916, 69, 819),
(917, 34, 820),
(918, 36, 821),
(919, 45, 822),
(920, 49, 823),
(921, 89, 824),
(922, 43, 824),
(923, 72, 825),
(924, 35, 826),
(925, 81, 827),
(926, 92, 828),
(927, 13, 828),
(928, 77, 829),
(929, 1, 830),
(930, 67, 831),
(931, 77, 831),
(932, 46, 832),
(933, 91, 833),
(934, 64, 834),
(935, 104, 834),
(936, 91, 835),
(937, 89, 836),
(938, 2, 837),
(939, 10, 837),
(940, 47, 838),
(941, 4, 838),
(942, 18, 838),
(943, 46, 839),
(944, 89, 840),
(945, 91, 840),
(946, 79, 841),
(947, 86, 842),
(948, 89, 843),
(949, 4, 843),
(950, 47, 844),
(951, 65, 845),
(952, 62, 845),
(953, 104, 846),
(954, 98, 846),
(955, 89, 848),
(956, 51, 848),
(957, 86, 849),
(958, 91, 850),
(959, 81, 851),
(960, 49, 852),
(961, 91, 853),
(962, 50, 853),
(963, 79, 854),
(964, 77, 855),
(965, 43, 856),
(966, 89, 856),
(967, 64, 857),
(968, 46, 858),
(969, 47, 859),
(970, 89, 859),
(971, 95, 859),
(972, 18, 859),
(973, 91, 860),
(974, 67, 860),
(975, 34, 861),
(976, 91, 862),
(977, 67, 862),
(978, 81, 863),
(979, 72, 865),
(980, 3, 864),
(981, 72, 866),
(982, 65, 867),
(983, 104, 868),
(984, 99, 869),
(985, 88, 870),
(986, 46, 871),
(987, 81, 872),
(988, 49, 873),
(989, 96, 874),
(990, 104, 875),
(991, 79, 876),
(992, 47, 877),
(993, 46, 878),
(994, 104, 880),
(995, 4, 881),
(996, 86, 882),
(997, 4, 883),
(998, 18, 883),
(999, 12, 884),
(1000, 34, 916),
(1001, 65, 916),
(1002, 67, 885),
(1003, 89, 886),
(1004, 79, 886),
(1005, 64, 887),
(1006, 34, 887),
(1007, 89, 888),
(1008, 43, 888),
(1009, 102, 889),
(1010, 14, 889),
(1011, 102, 889),
(1012, 79, 890),
(1013, 56, 891),
(1014, 67, 891),
(1015, 49, 892),
(1016, 89, 893),
(1017, 91, 893),
(1018, 67, 893),
(1019, 74, 894),
(1020, 67, 895),
(1021, 34, 896),
(1022, 86, 897),
(1023, 67, 897),
(1024, 91, 898),
(1025, 49, 899),
(1026, 89, 900),
(1027, 43, 901),
(1028, 3, 902),
(1029, 29, 903),
(1030, 72, 904),
(1031, 11, 905),
(1032, 4, 906),
(1033, 95, 906),
(1034, 72, 907),
(1035, 104, 908),
(1036, 72, 909),
(1037, 78, 910),
(1038, 94, 910),
(1039, 56, 911),
(1040, 67, 945),
(1041, 43, 945),
(1042, 89, 945),
(1043, 49, 945),
(1044, 46, 913),
(1045, 46, 914),
(1046, 104, 917),
(1047, 33, 917),
(1048, 18, 918),
(1049, 89, 918),
(1050, 72, 919),
(1051, 11, 920),
(1052, 79, 921),
(1053, 83, 922),
(1054, 47, 923),
(1055, 89, 923),
(1056, 43, 923),
(1057, 67, 924),
(1058, 89, 925),
(1059, 90, 925),
(1060, 68, 926),
(1061, 47, 927),
(1062, 89, 927),
(1063, 43, 927),
(1064, 99, 928),
(1065, 4, 929),
(1066, 20, 930),
(1067, 47, 931),
(1068, 43, 931),
(1069, 64, 931),
(1070, 46, 932),
(1071, 46, 933),
(1072, 67, 934),
(1073, 11, 935),
(1074, 79, 936),
(1075, 100, 937),
(1076, 48, 938),
(1077, 67, 939),
(1078, 46, 939),
(1079, 81, 940),
(1080, 91, 941),
(1081, 94, 942),
(1082, 43, 943),
(1083, 47, 944),
(1084, 89, 944),
(1085, 54, 944),
(1086, 79, 946),
(1087, 78, 946),
(1088, 72, 947),
(1089, 64, 948),
(1090, 29, 948),
(1091, 46, 949),
(1092, 32, 950),
(1093, 64, 951),
(1094, 34, 951),
(1095, 15, 952),
(1096, 58, 953),
(1097, 72, 954),
(1098, 86, 955),
(1099, 34, 956),
(1100, 43, 956),
(1101, 1, 957),
(1102, 79, 958),
(1103, 91, 959),
(1104, 11, 960),
(1105, 10, 961),
(1106, 46, 962),
(1107, 11, 964),
(1108, 39, 965),
(1109, 89, 966),
(1110, 55, 967),
(1111, 96, 968),
(1112, 34, 968),
(1113, 46, 969),
(1114, 103, 970),
(1115, 11, 971),
(1116, 72, 973),
(1117, 67, 973),
(1118, 88, 974),
(1119, 50, 975),
(1120, 67, 975),
(1121, 67, 976),
(1122, 89, 977),
(1123, 81, 977),
(1124, 33, 978),
(1125, 46, 979),
(1126, 94, 980),
(1127, 89, 981),
(1128, 47, 982),
(1129, 89, 982),
(1130, 43, 982),
(1131, 11, 983),
(1132, 95, 984),
(1133, 102, 985),
(1134, 67, 986),
(1135, 67, 987),
(1136, 46, 988),
(1137, 69, 988),
(1138, 43, 989),
(1139, 89, 989),
(1140, 95, 990),
(1141, 43, 990),
(1142, 6, 991),
(1143, 32, 991),
(1144, 46, 992),
(1145, 63, 993),
(1146, 64, 994),
(1147, 29, 994),
(1148, 89, 995),
(1149, 63, 996),
(1150, 104, 996),
(1151, 33, 996),
(1152, 46, 997),
(1153, 89, 998),
(1154, 92, 998),
(1155, 72, 999),
(1156, 89, 1000),
(1157, 32, 1001),
(1158, 89, 1002),
(1159, 67, 1002),
(1160, 77, 1003),
(1161, 104, 1003),
(1162, 32, 1004),
(1163, 67, 1004),
(1164, 58, 1005),
(1165, 29, 1006),
(1166, 4, 1006),
(1167, 27, 1006),
(1168, 46, 1007),
(1169, 64, 1008),
(1170, 29, 1008),
(1171, 91, 1009),
(1172, 46, 1010),
(1173, 64, 1011),
(1174, 78, 1011),
(1175, 47, 1012),
(1176, 81, 1012),
(1177, 67, 1013),
(1178, 100, 1013),
(1179, 92, 1014),
(1180, 18, 1014),
(1181, 89, 1015),
(1182, 29, 1015),
(1183, 4, 1016),
(1184, 29, 1016),
(1185, 72, 1017),
(1186, 64, 1018),
(1187, 89, 1018),
(1188, 50, 1019),
(1189, 67, 1019),
(1190, 6, 1020),
(1191, 89, 1021),
(1192, 43, 1021),
(1193, 11, 1022),
(1194, 4, 1023),
(1195, 95, 1023),
(1196, 36, 1024),
(1197, 89, 1025),
(1198, 67, 1025),
(1199, 43, 1026),
(1200, 89, 1026),
(1201, 47, 1026),
(1202, 104, 1026),
(1203, 92, 1027),
(1204, 67, 1028),
(1205, 89, 1029),
(1206, 47, 1029),
(1207, 79, 1030),
(1208, 18, 1031),
(1209, 92, 1031),
(1210, 47, 1031),
(1211, 4, 1031),
(1212, 64, 1032),
(1213, 29, 1032),
(1214, 43, 1032),
(1215, 99, 1032),
(1216, 46, 1033),
(1217, 75, 1033),
(1218, 67, 1033),
(1219, 46, 1034),
(1220, 55, 1035),
(1221, 47, 1036),
(1222, 4, 1036),
(1223, 86, 1037),
(1224, 92, 1037),
(1225, 4, 1037),
(1226, 95, 1037),
(1227, 89, 1038),
(1228, 47, 1038),
(1229, 89, 1039),
(1230, 96, 1039),
(1231, 67, 1040),
(1232, 89, 1040),
(1233, 29, 1040),
(1234, 4, 1040),
(1235, 79, 1041),
(1236, 33, 1041),
(1237, 89, 1042),
(1238, 47, 1043),
(1239, 4, 1043),
(1240, 81, 1044),
(1241, 67, 1044),
(1242, 4, 1045),
(1243, 86, 1046),
(1244, 92, 1046),
(1245, 46, 1047),
(1246, 86, 1048),
(1247, 92, 1048),
(1248, 86, 1049),
(1249, 64, 1049),
(1250, 92, 1049),
(1251, 29, 1049),
(1252, 72, 1050),
(1253, 81, 1051),
(1254, 99, 1052),
(1255, 5, 1053),
(1256, 77, 1054),
(1257, 99, 1054),
(1258, 78, 1055),
(1259, 49, 1055),
(1260, 64, 1056),
(1261, 77, 1057),
(1262, 15, 1057),
(1263, 47, 1058),
(1264, 43, 1058),
(1265, 94, 1059),
(1266, 104, 1060),
(1267, 33, 1060),
(1268, 3, 1061),
(1269, 96, 1062),
(1270, 34, 1062),
(1271, 67, 1063),
(1272, 81, 1063),
(1273, 43, 1064),
(1274, 89, 1064),
(1275, 5, 1065),
(1276, 91, 1066),
(1277, 89, 1066),
(1278, 47, 1067),
(1279, 4, 1067),
(1280, 43, 1067),
(1281, 67, 1068),
(1282, 32, 1068),
(1283, 87, 1069),
(1284, 67, 1070),
(1285, 34, 1070),
(1286, 64, 1071),
(1287, 86, 1071),
(1288, 103, 1071),
(1289, 47, 1071),
(1290, 89, 1071),
(1291, 63, 1072),
(1292, 67, 1072),
(1293, 79, 1072),
(1294, 46, 1073),
(1295, 3, 1073),
(1296, 67, 1073),
(1297, 67, 1074),
(1298, 50, 1074),
(1299, 100, 1075),
(1300, 79, 1076),
(1301, 89, 1076),
(1302, 64, 1077),
(1303, 89, 1077),
(1304, 95, 1077),
(1305, 18, 1077),
(1306, 92, 1078),
(1307, 86, 1078),
(1308, 79, 1079),
(1309, 96, 1079),
(1310, 3, 1080),
(1311, 49, 1080),
(1312, 79, 1081);

--
-- 限制导出的表
--

--
-- 限制表 `distance`
--
ALTER TABLE `distance`
  ADD CONSTRAINT `distance_ibfk_1` FOREIGN KEY (`originid`) REFERENCES `scenelist` (`id`) ON DELETE CASCADE ON UPDATE CASCADE,
  ADD CONSTRAINT `distance_ibfk_2` FOREIGN KEY (`destinationid`) REFERENCES `scenelist` (`id`) ON DELETE CASCADE ON UPDATE CASCADE;

--
-- 限制表 `scenelist`
--
ALTER TABLE `scenelist`
  ADD CONSTRAINT `scenelist_ibfk_1` FOREIGN KEY (`cityid`) REFERENCES `citylist` (`id`) ON DELETE CASCADE ON UPDATE CASCADE;

--
-- 限制表 `tag_scene`
--
ALTER TABLE `tag_scene`
  ADD CONSTRAINT `tag_scene_ibfk_1` FOREIGN KEY (`tagid`) REFERENCES `tag` (`id`) ON DELETE CASCADE ON UPDATE CASCADE,
  ADD CONSTRAINT `tag_scene_ibfk_2` FOREIGN KEY (`sceneid`) REFERENCES `scenelist` (`id`) ON DELETE CASCADE ON UPDATE CASCADE;

/*!40101 SET CHARACTER_SET_CLIENT=@OLD_CHARACTER_SET_CLIENT */;
/*!40101 SET CHARACTER_SET_RESULTS=@OLD_CHARACTER_SET_RESULTS */;
/*!40101 SET COLLATION_CONNECTION=@OLD_COLLATION_CONNECTION */;
